participantId,trialId,trialOrder,responseId,status,rejectReason,description,rejectTime,percentComplete,instruction,responsePrompt,answer,correctAnswer,duration,cleanedDuration,parameters_responseId,parameters_expLang,parameters_conceptA,parameters_conceptB,parameters_colorA,parameters_colorB,parameters_mgLevel,parameters_usLevel,parameters_pairId,parameters_trialIndex,parameters_swapIndex,parameters_tallerSide,parameters_seconds,parameters_title,parameters_message
"1bcc79bb-b72d-4ff1-b529-bd2de6959f95","participantTags","null","participantTags","undefined","undefined","undefined","undefined","undefined","undefined","undefined","[""demo"",""pairwiseBlock_1"",""pairwiseBlock_2"",""pairwiseBlock_3""]","undefined","undefined","undefined","undefined","undefined","undefined","undefined","undefined","undefined","undefined","undefined","undefined","undefined","undefined","undefined","undefined","undefined","undefined"
"1bcc79bb-b72d-4ff1-b529-bd2de6959f95","consent","0","welcome_consent","completed","undefined","undefined","undefined","100.00","undefined","","{""expLang"":""en"",""consented"":true,""signedAtISO"":""2026-02-17T01:15:07.012Z"",""countryTaking"":""United States of America"",""yearsThere"":43,""countryLongest"":""United States of America"",""nativeLanguage"":""English"",""otherLanguages"":[""English""],""age"":43,""gender"":""Woman"",""profession"":""Professor"",""colorBlindness"":""No""}","undefined","89912","89912","welcome_consent","en","undefined","undefined","undefined","undefined","undefined","undefined","undefined","undefined","undefined","undefined","undefined","undefined","undefined"
"1bcc79bb-b72d-4ff1-b529-bd2de6959f95","consent","0","windowEvents","undefined","undefined","undefined","undefined","undefined","undefined","undefined","{""focus"":12,""input"":13,""keydown"":9,""keyup"":8,""mousemove"":72,""mousedown"":12,""mouseup"":12,""resize"":0,""scroll"":3,""visibility"":0}","undefined","undefined","undefined","undefined","undefined","undefined","undefined","undefined","undefined","undefined","undefined","undefined","undefined","undefined","undefined","undefined","undefined","undefined"
"1bcc79bb-b72d-4ff1-b529-bd2de6959f95","instruction","1","","completed","undefined","undefined","undefined","100.00","undefined","undefined","undefined","undefined","79318","79318","undefined","undefined","undefined","undefined","undefined","undefined","undefined","undefined","undefined","undefined","undefined","undefined","undefined","undefined","undefined"
"1bcc79bb-b72d-4ff1-b529-bd2de6959f95","instruction","1","windowEvents","undefined","undefined","undefined","undefined","undefined","undefined","undefined","{""focus"":1,""input"":0,""keydown"":0,""keyup"":0,""mousemove"":45,""mousedown"":0,""mouseup"":0,""resize"":0,""scroll"":1,""visibility"":0}","undefined","undefined","undefined","undefined","undefined","undefined","undefined","undefined","undefined","undefined","undefined","undefined","undefined","undefined","undefined","undefined","undefined","undefined"
"1bcc79bb-b72d-4ff1-b529-bd2de6959f95","p11_s0_tl","2","choice","completed","undefined","undefined","undefined","100.00","undefined","","{""assignments"":{""concept_safety"":""SG"",""concept_justice"":""BK""},""conceptA"":{""id"":""concept_justice"",""text"":""justice"",""chosenColorCode"":""BK""},""conceptB"":{""id"":""concept_safety"",""text"":""safety"",""chosenColorCode"":""SG""},""responseTime"":6197,""lastEditTime"":6197,""poolOrder"":1,""trialIndex"":44,""pairId"":""MG_LOW_US_HIGH_justice_safety_BK_SG"",""mgLevel"":""MG_LOW"",""usLevel"":""US_HIGH"",""leftColorCode"":""BK"",""rightColorCode"":""SG"",""swapIndex"":0,""tallerSide"":""left"",""baseTall"":150,""baseShort"":100,""jitter"":5,""tallHeight"":151,""shortHeight"":103,""leftHeight"":151,""rightHeight"":103}","undefined","7453","7453","undefined","undefined","justice","safety","BK","SG","MG_LOW","US_HIGH","MG_LOW_US_HIGH_justice_safety_BK_SG","44","0","left","undefined","undefined","undefined"
"1bcc79bb-b72d-4ff1-b529-bd2de6959f95","p11_s0_tl","2","windowEvents","undefined","undefined","undefined","undefined","undefined","undefined","undefined","{""focus"":1,""input"":0,""keydown"":0,""keyup"":0,""mousemove"":30,""mousedown"":4,""mouseup"":2,""resize"":0,""scroll"":0,""visibility"":0}","undefined","undefined","undefined","undefined","undefined","undefined","undefined","undefined","undefined","undefined","undefined","undefined","undefined","undefined","undefined","undefined","undefined","undefined"
"1bcc79bb-b72d-4ff1-b529-bd2de6959f95","p8_s0_tr","3","choice","completed","undefined","undefined","undefined","100.00","undefined","","{""assignments"":{""concept_peace"":""MC"",""concept_justice"":""MO""},""conceptA"":{""id"":""concept_justice"",""text"":""justice"",""chosenColorCode"":""MO""},""conceptB"":{""id"":""concept_peace"",""text"":""peace"",""chosenColorCode"":""MC""},""responseTime"":5389,""lastEditTime"":5389,""poolOrder"":1,""trialIndex"":33,""pairId"":""MG_LOW_US_LOW_justice_peace_MC_MO"",""mgLevel"":""MG_LOW"",""usLevel"":""US_LOW"",""leftColorCode"":""MC"",""rightColorCode"":""MO"",""swapIndex"":0,""tallerSide"":""right"",""baseTall"":150,""baseShort"":100,""jitter"":5,""tallHeight"":148,""shortHeight"":98,""leftHeight"":98,""rightHeight"":148}","undefined","6090","6090","undefined","undefined","justice","peace","MC","MO","MG_LOW","US_LOW","MG_LOW_US_LOW_justice_peace_MC_MO","33","0","right","undefined","undefined","undefined"
"1bcc79bb-b72d-4ff1-b529-bd2de6959f95","p8_s0_tr","3","windowEvents","undefined","undefined","undefined","undefined","undefined","undefined","undefined","{""focus"":1,""input"":0,""keydown"":0,""keyup"":0,""mousemove"":17,""mousedown"":3,""mouseup"":1,""resize"":0,""scroll"":0,""visibility"":0}","undefined","undefined","undefined","undefined","undefined","undefined","undefined","undefined","undefined","undefined","undefined","undefined","undefined","undefined","undefined","undefined","undefined","undefined"
"1bcc79bb-b72d-4ff1-b529-bd2de6959f95","p1_s1_tl","4","choice","completed","undefined","undefined","undefined","100.00","undefined","","{""assignments"":{""concept_death"":""DB"",""concept_safety"":""DP""},""conceptA"":{""id"":""concept_death"",""text"":""death"",""chosenColorCode"":""DB""},""conceptB"":{""id"":""concept_safety"",""text"":""safety"",""chosenColorCode"":""DP""},""responseTime"":9521,""lastEditTime"":9521,""poolOrder"":1,""trialIndex"":6,""pairId"":""MG_HIGH_US_LOW_death_safety_DB_DP"",""mgLevel"":""MG_HIGH"",""usLevel"":""US_LOW"",""leftColorCode"":""DP"",""rightColorCode"":""DB"",""swapIndex"":1,""tallerSide"":""left"",""baseTall"":150,""baseShort"":100,""jitter"":5,""tallHeight"":148,""shortHeight"":95,""leftHeight"":148,""rightHeight"":95}","undefined","10314","10314","undefined","undefined","death","safety","DB","DP","MG_HIGH","US_LOW","MG_HIGH_US_LOW_death_safety_DB_DP","6","1","left","undefined","undefined","undefined"
"1bcc79bb-b72d-4ff1-b529-bd2de6959f95","p1_s1_tl","4","windowEvents","undefined","undefined","undefined","undefined","undefined","undefined","undefined","{""focus"":1,""input"":0,""keydown"":0,""keyup"":0,""mousemove"":30,""mousedown"":3,""mouseup"":1,""resize"":0,""scroll"":0,""visibility"":0}","undefined","undefined","undefined","undefined","undefined","undefined","undefined","undefined","undefined","undefined","undefined","undefined","undefined","undefined","undefined","undefined","undefined","undefined"
"1bcc79bb-b72d-4ff1-b529-bd2de6959f95","p8_s1_tr","5","choice","completed","undefined","undefined","undefined","100.00","undefined","","{""assignments"":{""concept_peace"":""MC"",""concept_justice"":""MO""},""conceptA"":{""id"":""concept_justice"",""text"":""justice"",""chosenColorCode"":""MO""},""conceptB"":{""id"":""concept_peace"",""text"":""peace"",""chosenColorCode"":""MC""},""responseTime"":3365,""lastEditTime"":3365,""poolOrder"":1,""trialIndex"":35,""pairId"":""MG_LOW_US_LOW_justice_peace_MC_MO"",""mgLevel"":""MG_LOW"",""usLevel"":""US_LOW"",""leftColorCode"":""MO"",""rightColorCode"":""MC"",""swapIndex"":1,""tallerSide"":""right"",""baseTall"":150,""baseShort"":100,""jitter"":5,""tallHeight"":146,""shortHeight"":95,""leftHeight"":95,""rightHeight"":146}","undefined","3954","3954","undefined","undefined","justice","peace","MC","MO","MG_LOW","US_LOW","MG_LOW_US_LOW_justice_peace_MC_MO","35","1","right","undefined","undefined","undefined"
"1bcc79bb-b72d-4ff1-b529-bd2de6959f95","p8_s1_tr","5","windowEvents","undefined","undefined","undefined","undefined","undefined","undefined","undefined","{""focus"":1,""input"":0,""keydown"":0,""keyup"":0,""mousemove"":16,""mousedown"":3,""mouseup"":1,""resize"":0,""scroll"":0,""visibility"":0}","undefined","undefined","undefined","undefined","undefined","undefined","undefined","undefined","undefined","undefined","undefined","undefined","undefined","undefined","undefined","undefined","undefined","undefined"
"1bcc79bb-b72d-4ff1-b529-bd2de6959f95","p3_s1_tr","6","choice","completed","undefined","undefined","undefined","100.00","undefined","","{""assignments"":{""concept_banana"":""MH"",""concept_peach"":""SR""},""conceptA"":{""id"":""concept_banana"",""text"":""banana"",""chosenColorCode"":""MH""},""conceptB"":{""id"":""concept_peach"",""text"":""peach"",""chosenColorCode"":""SR""},""responseTime"":3614,""lastEditTime"":3614,""poolOrder"":1,""trialIndex"":15,""pairId"":""MG_HIGH_US_HIGH_banana_peach_MH_SR"",""mgLevel"":""MG_HIGH"",""usLevel"":""US_HIGH"",""leftColorCode"":""SR"",""rightColorCode"":""MH"",""swapIndex"":1,""tallerSide"":""right"",""baseTall"":150,""baseShort"":100,""jitter"":5,""tallHeight"":152,""shortHeight"":99,""leftHeight"":99,""rightHeight"":152}","undefined","4586","4586","undefined","undefined","banana","peach","MH","SR","MG_HIGH","US_HIGH","MG_HIGH_US_HIGH_banana_peach_MH_SR","15","1","right","undefined","undefined","undefined"
"1bcc79bb-b72d-4ff1-b529-bd2de6959f95","p3_s1_tr","6","windowEvents","undefined","undefined","undefined","undefined","undefined","undefined","undefined","{""focus"":1,""input"":0,""keydown"":0,""keyup"":0,""mousemove"":18,""mousedown"":3,""mouseup"":1,""resize"":0,""scroll"":0,""visibility"":0}","undefined","undefined","undefined","undefined","undefined","undefined","undefined","undefined","undefined","undefined","undefined","undefined","undefined","undefined","undefined","undefined","undefined","undefined"
"1bcc79bb-b72d-4ff1-b529-bd2de6959f95","p10_s1_tr","7","choice","completed","undefined","undefined","undefined","100.00","undefined","","{""assignments"":{""concept_sick"":""MH"",""concept_angry"":""SC""},""conceptA"":{""id"":""concept_angry"",""text"":""angry"",""chosenColorCode"":""SC""},""conceptB"":{""id"":""concept_sick"",""text"":""sick"",""chosenColorCode"":""MH""},""responseTime"":4966,""lastEditTime"":4966,""poolOrder"":1,""trialIndex"":43,""pairId"":""MG_LOW_US_HIGH_angry_sick_MH_SC"",""mgLevel"":""MG_LOW"",""usLevel"":""US_HIGH"",""leftColorCode"":""SC"",""rightColorCode"":""MH"",""swapIndex"":1,""tallerSide"":""right"",""baseTall"":150,""baseShort"":100,""jitter"":5,""tallHeight"":153,""shortHeight"":97,""leftHeight"":97,""rightHeight"":153}","undefined","5724","5724","undefined","undefined","angry","sick","MH","SC","MG_LOW","US_HIGH","MG_LOW_US_HIGH_angry_sick_MH_SC","43","1","right","undefined","undefined","undefined"
"1bcc79bb-b72d-4ff1-b529-bd2de6959f95","p10_s1_tr","7","windowEvents","undefined","undefined","undefined","undefined","undefined","undefined","undefined","{""focus"":1,""input"":0,""keydown"":0,""keyup"":0,""mousemove"":19,""mousedown"":4,""mouseup"":1,""resize"":0,""scroll"":0,""visibility"":0}","undefined","undefined","undefined","undefined","undefined","undefined","undefined","undefined","undefined","undefined","undefined","undefined","undefined","undefined","undefined","undefined","undefined","undefined"
"1bcc79bb-b72d-4ff1-b529-bd2de6959f95","p6_s1_tr","8","choice","completed","undefined","undefined","undefined","100.00","undefined","","{""assignments"":{""concept_happy"":""MC"",""concept_sad"":""DR""},""conceptA"":{""id"":""concept_happy"",""text"":""happy"",""chosenColorCode"":""MC""},""conceptB"":{""id"":""concept_sad"",""text"":""sad"",""chosenColorCode"":""DR""},""responseTime"":6554,""lastEditTime"":6554,""poolOrder"":1,""trialIndex"":27,""pairId"":""MG_LOW_US_LOW_happy_sad_DR_MC"",""mgLevel"":""MG_LOW"",""usLevel"":""US_LOW"",""leftColorCode"":""MC"",""rightColorCode"":""DR"",""swapIndex"":1,""tallerSide"":""right"",""baseTall"":150,""baseShort"":100,""jitter"":5,""tallHeight"":146,""shortHeight"":98,""leftHeight"":98,""rightHeight"":146}","undefined","7497","7497","undefined","undefined","happy","sad","DR","MC","MG_LOW","US_LOW","MG_LOW_US_LOW_happy_sad_DR_MC","27","1","right","undefined","undefined","undefined"
"1bcc79bb-b72d-4ff1-b529-bd2de6959f95","p6_s1_tr","8","windowEvents","undefined","undefined","undefined","undefined","undefined","undefined","undefined","{""focus"":1,""input"":0,""keydown"":0,""keyup"":0,""mousemove"":25,""mousedown"":3,""mouseup"":1,""resize"":0,""scroll"":0,""visibility"":0}","undefined","undefined","undefined","undefined","undefined","undefined","undefined","undefined","undefined","undefined","undefined","undefined","undefined","undefined","undefined","undefined","undefined","undefined"
"1bcc79bb-b72d-4ff1-b529-bd2de6959f95","p7_s0_tl","9","choice","completed","undefined","undefined","undefined","100.00","undefined","","{""assignments"":{""concept_sad"":""DC"",""concept_sick"":""A3""},""conceptA"":{""id"":""concept_sad"",""text"":""sad"",""chosenColorCode"":""DC""},""conceptB"":{""id"":""concept_sick"",""text"":""sick"",""chosenColorCode"":""A3""},""responseTime"":65064,""lastEditTime"":65064,""poolOrder"":0,""trialIndex"":28,""pairId"":""MG_LOW_US_LOW_sad_sick_A3_DC"",""mgLevel"":""MG_LOW"",""usLevel"":""US_LOW"",""leftColorCode"":""A3"",""rightColorCode"":""DC"",""swapIndex"":0,""tallerSide"":""left"",""baseTall"":150,""baseShort"":100,""jitter"":5,""tallHeight"":147,""shortHeight"":104,""leftHeight"":147,""rightHeight"":104}","undefined","66492","66492","undefined","undefined","sad","sick","A3","DC","MG_LOW","US_LOW","MG_LOW_US_LOW_sad_sick_A3_DC","28","0","left","undefined","undefined","undefined"
"1bcc79bb-b72d-4ff1-b529-bd2de6959f95","p7_s0_tl","9","windowEvents","undefined","undefined","undefined","undefined","undefined","undefined","undefined","{""focus"":2,""input"":0,""keydown"":0,""keyup"":0,""mousemove"":27,""mousedown"":3,""mouseup"":1,""resize"":0,""scroll"":0,""visibility"":0}","undefined","undefined","undefined","undefined","undefined","undefined","undefined","undefined","undefined","undefined","undefined","undefined","undefined","undefined","undefined","undefined","undefined","undefined"
"1bcc79bb-b72d-4ff1-b529-bd2de6959f95","p7_s1_tl","10","choice","completed","undefined","undefined","undefined","100.00","undefined","","{""assignments"":{""concept_sick"":""A3"",""concept_sad"":""DC""},""conceptA"":{""id"":""concept_sad"",""text"":""sad"",""chosenColorCode"":""DC""},""conceptB"":{""id"":""concept_sick"",""text"":""sick"",""chosenColorCode"":""A3""},""responseTime"":6181,""lastEditTime"":13050,""poolOrder"":0,""trialIndex"":30,""pairId"":""MG_LOW_US_LOW_sad_sick_A3_DC"",""mgLevel"":""MG_LOW"",""usLevel"":""US_LOW"",""leftColorCode"":""DC"",""rightColorCode"":""A3"",""swapIndex"":1,""tallerSide"":""left"",""baseTall"":150,""baseShort"":100,""jitter"":5,""tallHeight"":153,""shortHeight"":96,""leftHeight"":153,""rightHeight"":96}","undefined","13970","13970","undefined","undefined","sad","sick","A3","DC","MG_LOW","US_LOW","MG_LOW_US_LOW_sad_sick_A3_DC","30","1","left","undefined","undefined","undefined"
"1bcc79bb-b72d-4ff1-b529-bd2de6959f95","p7_s1_tl","10","windowEvents","undefined","undefined","undefined","undefined","undefined","undefined","undefined","{""focus"":2,""input"":0,""keydown"":0,""keyup"":0,""mousemove"":41,""mousedown"":9,""mouseup"":3,""resize"":0,""scroll"":0,""visibility"":0}","undefined","undefined","undefined","undefined","undefined","undefined","undefined","undefined","undefined","undefined","undefined","undefined","undefined","undefined","undefined","undefined","undefined","undefined"
"1bcc79bb-b72d-4ff1-b529-bd2de6959f95","p5_s1_tl","11","choice","completed","undefined","undefined","undefined","100.00","undefined","","{""assignments"":{""concept_justice"":""DB"",""concept_death"":""BK""},""conceptA"":{""id"":""concept_death"",""text"":""death"",""chosenColorCode"":""BK""},""conceptB"":{""id"":""concept_justice"",""text"":""justice"",""chosenColorCode"":""DB""},""responseTime"":3424,""lastEditTime"":3424,""poolOrder"":1,""trialIndex"":22,""pairId"":""MG_HIGH_US_HIGH_death_justice_BK_DB"",""mgLevel"":""MG_HIGH"",""usLevel"":""US_HIGH"",""leftColorCode"":""DB"",""rightColorCode"":""BK"",""swapIndex"":1,""tallerSide"":""left"",""baseTall"":150,""baseShort"":100,""jitter"":5,""tallHeight"":152,""shortHeight"":104,""leftHeight"":152,""rightHeight"":104}","undefined","4063","4063","undefined","undefined","death","justice","BK","DB","MG_HIGH","US_HIGH","MG_HIGH_US_HIGH_death_justice_BK_DB","22","1","left","undefined","undefined","undefined"
"1bcc79bb-b72d-4ff1-b529-bd2de6959f95","p5_s1_tl","11","windowEvents","undefined","undefined","undefined","undefined","undefined","undefined","undefined","{""focus"":1,""input"":0,""keydown"":0,""keyup"":0,""mousemove"":15,""mousedown"":3,""mouseup"":1,""resize"":0,""scroll"":0,""visibility"":0}","undefined","undefined","undefined","undefined","undefined","undefined","undefined","undefined","undefined","undefined","undefined","undefined","undefined","undefined","undefined","undefined","undefined","undefined"
"1bcc79bb-b72d-4ff1-b529-bd2de6959f95","p5_s0_tl","12","choice","completed","undefined","undefined","undefined","100.00","undefined","","{""assignments"":{""concept_justice"":""DB"",""concept_death"":""BK""},""conceptA"":{""id"":""concept_death"",""text"":""death"",""chosenColorCode"":""BK""},""conceptB"":{""id"":""concept_justice"",""text"":""justice"",""chosenColorCode"":""DB""},""responseTime"":6666,""lastEditTime"":6666,""poolOrder"":1,""trialIndex"":20,""pairId"":""MG_HIGH_US_HIGH_death_justice_BK_DB"",""mgLevel"":""MG_HIGH"",""usLevel"":""US_HIGH"",""leftColorCode"":""BK"",""rightColorCode"":""DB"",""swapIndex"":0,""tallerSide"":""left"",""baseTall"":150,""baseShort"":100,""jitter"":5,""tallHeight"":151,""shortHeight"":98,""leftHeight"":151,""rightHeight"":98}","undefined","7319","7319","undefined","undefined","death","justice","BK","DB","MG_HIGH","US_HIGH","MG_HIGH_US_HIGH_death_justice_BK_DB","20","0","left","undefined","undefined","undefined"
"1bcc79bb-b72d-4ff1-b529-bd2de6959f95","p5_s0_tl","12","windowEvents","undefined","undefined","undefined","undefined","undefined","undefined","undefined","{""focus"":1,""input"":0,""keydown"":0,""keyup"":0,""mousemove"":29,""mousedown"":5,""mouseup"":1,""resize"":0,""scroll"":0,""visibility"":0}","undefined","undefined","undefined","undefined","undefined","undefined","undefined","undefined","undefined","undefined","undefined","undefined","undefined","undefined","undefined","undefined","undefined","undefined"
"1bcc79bb-b72d-4ff1-b529-bd2de6959f95","p3_s0_tr","13","choice","completed","undefined","undefined","undefined","100.00","undefined","","{""assignments"":{""concept_peach"":""SR"",""concept_banana"":""MH""},""conceptA"":{""id"":""concept_banana"",""text"":""banana"",""chosenColorCode"":""MH""},""conceptB"":{""id"":""concept_peach"",""text"":""peach"",""chosenColorCode"":""SR""},""responseTime"":3316,""lastEditTime"":3316,""poolOrder"":1,""trialIndex"":13,""pairId"":""MG_HIGH_US_HIGH_banana_peach_MH_SR"",""mgLevel"":""MG_HIGH"",""usLevel"":""US_HIGH"",""leftColorCode"":""MH"",""rightColorCode"":""SR"",""swapIndex"":0,""tallerSide"":""right"",""baseTall"":150,""baseShort"":100,""jitter"":5,""tallHeight"":150,""shortHeight"":97,""leftHeight"":97,""rightHeight"":150}","undefined","4099","4099","undefined","undefined","banana","peach","MH","SR","MG_HIGH","US_HIGH","MG_HIGH_US_HIGH_banana_peach_MH_SR","13","0","right","undefined","undefined","undefined"
"1bcc79bb-b72d-4ff1-b529-bd2de6959f95","p3_s0_tr","13","windowEvents","undefined","undefined","undefined","undefined","undefined","undefined","undefined","{""focus"":1,""input"":0,""keydown"":0,""keyup"":0,""mousemove"":15,""mousedown"":3,""mouseup"":1,""resize"":0,""scroll"":0,""visibility"":0}","undefined","undefined","undefined","undefined","undefined","undefined","undefined","undefined","undefined","undefined","undefined","undefined","undefined","undefined","undefined","undefined","undefined","undefined"
"1bcc79bb-b72d-4ff1-b529-bd2de6959f95","p2_s0_tl","14","choice","completed","undefined","undefined","undefined","100.00","undefined","","{""assignments"":{""concept_happy"":""SO"",""concept_sick"":""DP""},""conceptA"":{""id"":""concept_happy"",""text"":""happy"",""chosenColorCode"":""SO""},""conceptB"":{""id"":""concept_sick"",""text"":""sick"",""chosenColorCode"":""DP""},""responseTime"":4181,""lastEditTime"":4181,""poolOrder"":1,""trialIndex"":8,""pairId"":""MG_HIGH_US_LOW_happy_sick_DP_SO"",""mgLevel"":""MG_HIGH"",""usLevel"":""US_LOW"",""leftColorCode"":""DP"",""rightColorCode"":""SO"",""swapIndex"":0,""tallerSide"":""left"",""baseTall"":150,""baseShort"":100,""jitter"":5,""tallHeight"":148,""shortHeight"":96,""leftHeight"":148,""rightHeight"":96}","undefined","4923","4923","undefined","undefined","happy","sick","DP","SO","MG_HIGH","US_LOW","MG_HIGH_US_LOW_happy_sick_DP_SO","8","0","left","undefined","undefined","undefined"
"1bcc79bb-b72d-4ff1-b529-bd2de6959f95","p2_s0_tl","14","windowEvents","undefined","undefined","undefined","undefined","undefined","undefined","undefined","{""focus"":1,""input"":0,""keydown"":0,""keyup"":0,""mousemove"":19,""mousedown"":3,""mouseup"":1,""resize"":0,""scroll"":0,""visibility"":0}","undefined","undefined","undefined","undefined","undefined","undefined","undefined","undefined","undefined","undefined","undefined","undefined","undefined","undefined","undefined","undefined","undefined","undefined"
"1bcc79bb-b72d-4ff1-b529-bd2de6959f95","p2_s1_tl","15","choice","completed","undefined","undefined","undefined","100.00","undefined","","{""assignments"":{""concept_happy"":""SO"",""concept_sick"":""DP""},""conceptA"":{""id"":""concept_happy"",""text"":""happy"",""chosenColorCode"":""SO""},""conceptB"":{""id"":""concept_sick"",""text"":""sick"",""chosenColorCode"":""DP""},""responseTime"":8333,""lastEditTime"":8333,""poolOrder"":0,""trialIndex"":10,""pairId"":""MG_HIGH_US_LOW_happy_sick_DP_SO"",""mgLevel"":""MG_HIGH"",""usLevel"":""US_LOW"",""leftColorCode"":""SO"",""rightColorCode"":""DP"",""swapIndex"":1,""tallerSide"":""left"",""baseTall"":150,""baseShort"":100,""jitter"":5,""tallHeight"":148,""shortHeight"":104,""leftHeight"":148,""rightHeight"":104}","undefined","8977","8977","undefined","undefined","happy","sick","DP","SO","MG_HIGH","US_LOW","MG_HIGH_US_LOW_happy_sick_DP_SO","10","1","left","undefined","undefined","undefined"
"1bcc79bb-b72d-4ff1-b529-bd2de6959f95","p2_s1_tl","15","windowEvents","undefined","undefined","undefined","undefined","undefined","undefined","undefined","{""focus"":1,""input"":0,""keydown"":0,""keyup"":0,""mousemove"":25,""mousedown"":4,""mouseup"":1,""resize"":0,""scroll"":0,""visibility"":0}","undefined","undefined","undefined","undefined","undefined","undefined","undefined","undefined","undefined","undefined","undefined","undefined","undefined","undefined","undefined","undefined","undefined","undefined"
"1bcc79bb-b72d-4ff1-b529-bd2de6959f95","p1_s1_tr","16","choice","completed","undefined","undefined","undefined","100.00","undefined","","{""assignments"":{""concept_safety"":""DP"",""concept_death"":""DB""},""conceptA"":{""id"":""concept_death"",""text"":""death"",""chosenColorCode"":""DB""},""conceptB"":{""id"":""concept_safety"",""text"":""safety"",""chosenColorCode"":""DP""},""responseTime"":5110,""lastEditTime"":5110,""poolOrder"":0,""trialIndex"":7,""pairId"":""MG_HIGH_US_LOW_death_safety_DB_DP"",""mgLevel"":""MG_HIGH"",""usLevel"":""US_LOW"",""leftColorCode"":""DP"",""rightColorCode"":""DB"",""swapIndex"":1,""tallerSide"":""right"",""baseTall"":150,""baseShort"":100,""jitter"":5,""tallHeight"":154,""shortHeight"":103,""leftHeight"":103,""rightHeight"":154}","undefined","5854","5854","undefined","undefined","death","safety","DB","DP","MG_HIGH","US_LOW","MG_HIGH_US_LOW_death_safety_DB_DP","7","1","right","undefined","undefined","undefined"
"1bcc79bb-b72d-4ff1-b529-bd2de6959f95","p1_s1_tr","16","windowEvents","undefined","undefined","undefined","undefined","undefined","undefined","undefined","{""focus"":1,""input"":0,""keydown"":0,""keyup"":0,""mousemove"":19,""mousedown"":3,""mouseup"":1,""resize"":0,""scroll"":0,""visibility"":0}","undefined","undefined","undefined","undefined","undefined","undefined","undefined","undefined","undefined","undefined","undefined","undefined","undefined","undefined","undefined","undefined","undefined","undefined"
"1bcc79bb-b72d-4ff1-b529-bd2de6959f95","p2_s0_tr","17","choice","completed","undefined","undefined","undefined","100.00","undefined","","{""assignments"":{""concept_sick"":""SO"",""concept_happy"":""DP""},""conceptA"":{""id"":""concept_happy"",""text"":""happy"",""chosenColorCode"":""DP""},""conceptB"":{""id"":""concept_sick"",""text"":""sick"",""chosenColorCode"":""SO""},""responseTime"":4642,""lastEditTime"":4642,""poolOrder"":0,""trialIndex"":9,""pairId"":""MG_HIGH_US_LOW_happy_sick_DP_SO"",""mgLevel"":""MG_HIGH"",""usLevel"":""US_LOW"",""leftColorCode"":""DP"",""rightColorCode"":""SO"",""swapIndex"":0,""tallerSide"":""right"",""baseTall"":150,""baseShort"":100,""jitter"":5,""tallHeight"":153,""shortHeight"":105,""leftHeight"":105,""rightHeight"":153}","undefined","5271","5271","undefined","undefined","happy","sick","DP","SO","MG_HIGH","US_LOW","MG_HIGH_US_LOW_happy_sick_DP_SO","9","0","right","undefined","undefined","undefined"
"1bcc79bb-b72d-4ff1-b529-bd2de6959f95","p2_s0_tr","17","windowEvents","undefined","undefined","undefined","undefined","undefined","undefined","undefined","{""focus"":1,""input"":0,""keydown"":0,""keyup"":0,""mousemove"":18,""mousedown"":3,""mouseup"":1,""resize"":0,""scroll"":0,""visibility"":0}","undefined","undefined","undefined","undefined","undefined","undefined","undefined","undefined","undefined","undefined","undefined","undefined","undefined","undefined","undefined","undefined","undefined","undefined"
"1bcc79bb-b72d-4ff1-b529-bd2de6959f95","p4_s1_tr","18","choice","completed","undefined","undefined","undefined","100.00","undefined","","{""assignments"":{""concept_peace"":""LB"",""concept_death"":""DP""},""conceptA"":{""id"":""concept_death"",""text"":""death"",""chosenColorCode"":""DP""},""conceptB"":{""id"":""concept_peace"",""text"":""peace"",""chosenColorCode"":""LB""},""responseTime"":3511,""lastEditTime"":3511,""poolOrder"":1,""trialIndex"":19,""pairId"":""MG_HIGH_US_HIGH_death_peace_DP_LB"",""mgLevel"":""MG_HIGH"",""usLevel"":""US_HIGH"",""leftColorCode"":""LB"",""rightColorCode"":""DP"",""swapIndex"":1,""tallerSide"":""right"",""baseTall"":150,""baseShort"":100,""jitter"":5,""tallHeight"":146,""shortHeight"":102,""leftHeight"":102,""rightHeight"":146}","undefined","4477","4477","undefined","undefined","death","peace","DP","LB","MG_HIGH","US_HIGH","MG_HIGH_US_HIGH_death_peace_DP_LB","19","1","right","undefined","undefined","undefined"
"1bcc79bb-b72d-4ff1-b529-bd2de6959f95","p4_s1_tr","18","windowEvents","undefined","undefined","undefined","undefined","undefined","undefined","undefined","{""focus"":1,""input"":0,""keydown"":0,""keyup"":0,""mousemove"":18,""mousedown"":3,""mouseup"":1,""resize"":0,""scroll"":0,""visibility"":0}","undefined","undefined","undefined","undefined","undefined","undefined","undefined","undefined","undefined","undefined","undefined","undefined","undefined","undefined","undefined","undefined","undefined","undefined"
"1bcc79bb-b72d-4ff1-b529-bd2de6959f95","p2_s1_tr","19","choice","completed","undefined","undefined","undefined","100.00","undefined","","{""assignments"":{""concept_sick"":""SO"",""concept_happy"":""DP""},""conceptA"":{""id"":""concept_happy"",""text"":""happy"",""chosenColorCode"":""DP""},""conceptB"":{""id"":""concept_sick"",""text"":""sick"",""chosenColorCode"":""SO""},""responseTime"":4766,""lastEditTime"":4766,""poolOrder"":0,""trialIndex"":11,""pairId"":""MG_HIGH_US_LOW_happy_sick_DP_SO"",""mgLevel"":""MG_HIGH"",""usLevel"":""US_LOW"",""leftColorCode"":""SO"",""rightColorCode"":""DP"",""swapIndex"":1,""tallerSide"":""right"",""baseTall"":150,""baseShort"":100,""jitter"":5,""tallHeight"":148,""shortHeight"":102,""leftHeight"":102,""rightHeight"":148}","undefined","5906","5906","undefined","undefined","happy","sick","DP","SO","MG_HIGH","US_LOW","MG_HIGH_US_LOW_happy_sick_DP_SO","11","1","right","undefined","undefined","undefined"
"1bcc79bb-b72d-4ff1-b529-bd2de6959f95","p2_s1_tr","19","windowEvents","undefined","undefined","undefined","undefined","undefined","undefined","undefined","{""focus"":1,""input"":0,""keydown"":0,""keyup"":0,""mousemove"":18,""mousedown"":5,""mouseup"":2,""resize"":0,""scroll"":0,""visibility"":0}","undefined","undefined","undefined","undefined","undefined","undefined","undefined","undefined","undefined","undefined","undefined","undefined","undefined","undefined","undefined","undefined","undefined","undefined"
"1bcc79bb-b72d-4ff1-b529-bd2de6959f95","p6_s1_tl","20","choice","completed","undefined","undefined","undefined","100.00","undefined","","{""assignments"":{""concept_sad"":""DR"",""concept_happy"":""MC""},""conceptA"":{""id"":""concept_happy"",""text"":""happy"",""chosenColorCode"":""MC""},""conceptB"":{""id"":""concept_sad"",""text"":""sad"",""chosenColorCode"":""DR""},""responseTime"":8859,""lastEditTime"":8859,""poolOrder"":0,""trialIndex"":26,""pairId"":""MG_LOW_US_LOW_happy_sad_DR_MC"",""mgLevel"":""MG_LOW"",""usLevel"":""US_LOW"",""leftColorCode"":""MC"",""rightColorCode"":""DR"",""swapIndex"":1,""tallerSide"":""left"",""baseTall"":150,""baseShort"":100,""jitter"":5,""tallHeight"":147,""shortHeight"":102,""leftHeight"":147,""rightHeight"":102}","undefined","9760","9760","undefined","undefined","happy","sad","DR","MC","MG_LOW","US_LOW","MG_LOW_US_LOW_happy_sad_DR_MC","26","1","left","undefined","undefined","undefined"
"1bcc79bb-b72d-4ff1-b529-bd2de6959f95","p6_s1_tl","20","windowEvents","undefined","undefined","undefined","undefined","undefined","undefined","undefined","{""focus"":1,""input"":0,""keydown"":0,""keyup"":0,""mousemove"":16,""mousedown"":3,""mouseup"":1,""resize"":0,""scroll"":0,""visibility"":0}","undefined","undefined","undefined","undefined","undefined","undefined","undefined","undefined","undefined","undefined","undefined","undefined","undefined","undefined","undefined","undefined","undefined","undefined"
"1bcc79bb-b72d-4ff1-b529-bd2de6959f95","p11_s1_tr","21","choice","completed","undefined","undefined","undefined","100.00","undefined","","{""assignments"":{""concept_safety"":""SG"",""concept_justice"":""BK""},""conceptA"":{""id"":""concept_justice"",""text"":""justice"",""chosenColorCode"":""BK""},""conceptB"":{""id"":""concept_safety"",""text"":""safety"",""chosenColorCode"":""SG""},""responseTime"":4774,""lastEditTime"":4774,""poolOrder"":1,""trialIndex"":47,""pairId"":""MG_LOW_US_HIGH_justice_safety_BK_SG"",""mgLevel"":""MG_LOW"",""usLevel"":""US_HIGH"",""leftColorCode"":""SG"",""rightColorCode"":""BK"",""swapIndex"":1,""tallerSide"":""right"",""baseTall"":150,""baseShort"":100,""jitter"":5,""tallHeight"":151,""shortHeight"":95,""leftHeight"":95,""rightHeight"":151}","undefined","5794","5794","undefined","undefined","justice","safety","BK","SG","MG_LOW","US_HIGH","MG_LOW_US_HIGH_justice_safety_BK_SG","47","1","right","undefined","undefined","undefined"
"1bcc79bb-b72d-4ff1-b529-bd2de6959f95","p11_s1_tr","21","windowEvents","undefined","undefined","undefined","undefined","undefined","undefined","undefined","{""focus"":1,""input"":0,""keydown"":0,""keyup"":0,""mousemove"":20,""mousedown"":3,""mouseup"":1,""resize"":0,""scroll"":0,""visibility"":0}","undefined","undefined","undefined","undefined","undefined","undefined","undefined","undefined","undefined","undefined","undefined","undefined","undefined","undefined","undefined","undefined","undefined","undefined"
"1bcc79bb-b72d-4ff1-b529-bd2de6959f95","p7_s0_tr","22","choice","completed","undefined","undefined","undefined","100.00","undefined","","{""assignments"":{""concept_sick"":""A3"",""concept_sad"":""DC""},""conceptA"":{""id"":""concept_sad"",""text"":""sad"",""chosenColorCode"":""DC""},""conceptB"":{""id"":""concept_sick"",""text"":""sick"",""chosenColorCode"":""A3""},""responseTime"":7449,""lastEditTime"":7449,""poolOrder"":0,""trialIndex"":29,""pairId"":""MG_LOW_US_LOW_sad_sick_A3_DC"",""mgLevel"":""MG_LOW"",""usLevel"":""US_LOW"",""leftColorCode"":""A3"",""rightColorCode"":""DC"",""swapIndex"":0,""tallerSide"":""right"",""baseTall"":150,""baseShort"":100,""jitter"":5,""tallHeight"":147,""shortHeight"":100,""leftHeight"":100,""rightHeight"":147}","undefined","8079","8079","undefined","undefined","sad","sick","A3","DC","MG_LOW","US_LOW","MG_LOW_US_LOW_sad_sick_A3_DC","29","0","right","undefined","undefined","undefined"
"1bcc79bb-b72d-4ff1-b529-bd2de6959f95","p7_s0_tr","22","windowEvents","undefined","undefined","undefined","undefined","undefined","undefined","undefined","{""focus"":1,""input"":0,""keydown"":0,""keyup"":0,""mousemove"":20,""mousedown"":3,""mouseup"":1,""resize"":0,""scroll"":0,""visibility"":0}","undefined","undefined","undefined","undefined","undefined","undefined","undefined","undefined","undefined","undefined","undefined","undefined","undefined","undefined","undefined","undefined","undefined","undefined"
"1bcc79bb-b72d-4ff1-b529-bd2de6959f95","p4_s0_tl","23","choice","completed","undefined","undefined","undefined","100.00","undefined","","{""assignments"":{""concept_peace"":""LB"",""concept_death"":""DP""},""conceptA"":{""id"":""concept_death"",""text"":""death"",""chosenColorCode"":""DP""},""conceptB"":{""id"":""concept_peace"",""text"":""peace"",""chosenColorCode"":""LB""},""responseTime"":17516,""lastEditTime"":17516,""poolOrder"":1,""trialIndex"":16,""pairId"":""MG_HIGH_US_HIGH_death_peace_DP_LB"",""mgLevel"":""MG_HIGH"",""usLevel"":""US_HIGH"",""leftColorCode"":""DP"",""rightColorCode"":""LB"",""swapIndex"":0,""tallerSide"":""left"",""baseTall"":150,""baseShort"":100,""jitter"":5,""tallHeight"":153,""shortHeight"":101,""leftHeight"":153,""rightHeight"":101}","undefined","18226","18226","undefined","undefined","death","peace","DP","LB","MG_HIGH","US_HIGH","MG_HIGH_US_HIGH_death_peace_DP_LB","16","0","left","undefined","undefined","undefined"
"1bcc79bb-b72d-4ff1-b529-bd2de6959f95","p4_s0_tl","23","windowEvents","undefined","undefined","undefined","undefined","undefined","undefined","undefined","{""focus"":1,""input"":0,""keydown"":0,""keyup"":0,""mousemove"":18,""mousedown"":3,""mouseup"":1,""resize"":0,""scroll"":0,""visibility"":0}","undefined","undefined","undefined","undefined","undefined","undefined","undefined","undefined","undefined","undefined","undefined","undefined","undefined","undefined","undefined","undefined","undefined","undefined"
"1bcc79bb-b72d-4ff1-b529-bd2de6959f95","p5_s0_tr","24","choice","completed","undefined","undefined","undefined","100.00","undefined","","{""assignments"":{""concept_justice"":""DB"",""concept_death"":""BK""},""conceptA"":{""id"":""concept_death"",""text"":""death"",""chosenColorCode"":""BK""},""conceptB"":{""id"":""concept_justice"",""text"":""justice"",""chosenColorCode"":""DB""},""responseTime"":4082,""lastEditTime"":4082,""poolOrder"":1,""trialIndex"":21,""pairId"":""MG_HIGH_US_HIGH_death_justice_BK_DB"",""mgLevel"":""MG_HIGH"",""usLevel"":""US_HIGH"",""leftColorCode"":""BK"",""rightColorCode"":""DB"",""swapIndex"":0,""tallerSide"":""right"",""baseTall"":150,""baseShort"":100,""jitter"":5,""tallHeight"":147,""shortHeight"":100,""leftHeight"":100,""rightHeight"":147}","undefined","4824","4824","undefined","undefined","death","justice","BK","DB","MG_HIGH","US_HIGH","MG_HIGH_US_HIGH_death_justice_BK_DB","21","0","right","undefined","undefined","undefined"
"1bcc79bb-b72d-4ff1-b529-bd2de6959f95","p5_s0_tr","24","windowEvents","undefined","undefined","undefined","undefined","undefined","undefined","undefined","{""focus"":1,""input"":0,""keydown"":0,""keyup"":0,""mousemove"":17,""mousedown"":3,""mouseup"":1,""resize"":0,""scroll"":0,""visibility"":0}","undefined","undefined","undefined","undefined","undefined","undefined","undefined","undefined","undefined","undefined","undefined","undefined","undefined","undefined","undefined","undefined","undefined","undefined"
"1bcc79bb-b72d-4ff1-b529-bd2de6959f95","p9_s0_tl","25","choice","completed","undefined","undefined","undefined","100.00","undefined","","{""assignments"":{""concept_banana"":""SY"",""concept_mango"":""MO""},""conceptA"":{""id"":""concept_banana"",""text"":""banana"",""chosenColorCode"":""SY""},""conceptB"":{""id"":""concept_mango"",""text"":""mango"",""chosenColorCode"":""MO""},""responseTime"":3440,""lastEditTime"":3440,""poolOrder"":1,""trialIndex"":36,""pairId"":""MG_LOW_US_HIGH_banana_mango_MO_SY"",""mgLevel"":""MG_LOW"",""usLevel"":""US_HIGH"",""leftColorCode"":""MO"",""rightColorCode"":""SY"",""swapIndex"":0,""tallerSide"":""left"",""baseTall"":150,""baseShort"":100,""jitter"":5,""tallHeight"":151,""shortHeight"":105,""leftHeight"":151,""rightHeight"":105}","undefined","4108","4108","undefined","undefined","banana","mango","MO","SY","MG_LOW","US_HIGH","MG_LOW_US_HIGH_banana_mango_MO_SY","36","0","left","undefined","undefined","undefined"
"1bcc79bb-b72d-4ff1-b529-bd2de6959f95","p9_s0_tl","25","windowEvents","undefined","undefined","undefined","undefined","undefined","undefined","undefined","{""focus"":1,""input"":0,""keydown"":0,""keyup"":0,""mousemove"":16,""mousedown"":3,""mouseup"":1,""resize"":0,""scroll"":0,""visibility"":0}","undefined","undefined","undefined","undefined","undefined","undefined","undefined","undefined","undefined","undefined","undefined","undefined","undefined","undefined","undefined","undefined","undefined","undefined"
"1bcc79bb-b72d-4ff1-b529-bd2de6959f95","p6_s0_tr","26","choice","completed","undefined","undefined","undefined","100.00","undefined","","{""assignments"":{""concept_sad"":""DR"",""concept_happy"":""MC""},""conceptA"":{""id"":""concept_happy"",""text"":""happy"",""chosenColorCode"":""MC""},""conceptB"":{""id"":""concept_sad"",""text"":""sad"",""chosenColorCode"":""DR""},""responseTime"":3249,""lastEditTime"":3249,""poolOrder"":1,""trialIndex"":25,""pairId"":""MG_LOW_US_LOW_happy_sad_DR_MC"",""mgLevel"":""MG_LOW"",""usLevel"":""US_LOW"",""leftColorCode"":""DR"",""rightColorCode"":""MC"",""swapIndex"":0,""tallerSide"":""right"",""baseTall"":150,""baseShort"":100,""jitter"":5,""tallHeight"":149,""shortHeight"":95,""leftHeight"":95,""rightHeight"":149}","undefined","4524","4524","undefined","undefined","happy","sad","DR","MC","MG_LOW","US_LOW","MG_LOW_US_LOW_happy_sad_DR_MC","25","0","right","undefined","undefined","undefined"
"1bcc79bb-b72d-4ff1-b529-bd2de6959f95","p6_s0_tr","26","windowEvents","undefined","undefined","undefined","undefined","undefined","undefined","undefined","{""focus"":1,""input"":0,""keydown"":0,""keyup"":0,""mousemove"":14,""mousedown"":3,""mouseup"":1,""resize"":0,""scroll"":0,""visibility"":0}","undefined","undefined","undefined","undefined","undefined","undefined","undefined","undefined","undefined","undefined","undefined","undefined","undefined","undefined","undefined","undefined","undefined","undefined"
"1bcc79bb-b72d-4ff1-b529-bd2de6959f95","p10_s1_tl","27","choice","completed","undefined","undefined","undefined","100.00","undefined","","{""assignments"":{""concept_sick"":""MH"",""concept_angry"":""SC""},""conceptA"":{""id"":""concept_angry"",""text"":""angry"",""chosenColorCode"":""SC""},""conceptB"":{""id"":""concept_sick"",""text"":""sick"",""chosenColorCode"":""MH""},""responseTime"":2426,""lastEditTime"":2426,""poolOrder"":1,""trialIndex"":42,""pairId"":""MG_LOW_US_HIGH_angry_sick_MH_SC"",""mgLevel"":""MG_LOW"",""usLevel"":""US_HIGH"",""leftColorCode"":""SC"",""rightColorCode"":""MH"",""swapIndex"":1,""tallerSide"":""left"",""baseTall"":150,""baseShort"":100,""jitter"":5,""tallHeight"":150,""shortHeight"":98,""leftHeight"":150,""rightHeight"":98}","undefined","3072","3072","undefined","undefined","angry","sick","MH","SC","MG_LOW","US_HIGH","MG_LOW_US_HIGH_angry_sick_MH_SC","42","1","left","undefined","undefined","undefined"
"1bcc79bb-b72d-4ff1-b529-bd2de6959f95","p10_s1_tl","27","windowEvents","undefined","undefined","undefined","undefined","undefined","undefined","undefined","{""focus"":1,""input"":0,""keydown"":0,""keyup"":0,""mousemove"":13,""mousedown"":3,""mouseup"":1,""resize"":0,""scroll"":0,""visibility"":0}","undefined","undefined","undefined","undefined","undefined","undefined","undefined","undefined","undefined","undefined","undefined","undefined","undefined","undefined","undefined","undefined","undefined","undefined"
"1bcc79bb-b72d-4ff1-b529-bd2de6959f95","p10_s0_tl","28","choice","completed","undefined","undefined","undefined","100.00","undefined","","{""assignments"":{""concept_sick"":""MH"",""concept_angry"":""SC""},""conceptA"":{""id"":""concept_angry"",""text"":""angry"",""chosenColorCode"":""SC""},""conceptB"":{""id"":""concept_sick"",""text"":""sick"",""chosenColorCode"":""MH""},""responseTime"":4206,""lastEditTime"":4206,""poolOrder"":0,""trialIndex"":40,""pairId"":""MG_LOW_US_HIGH_angry_sick_MH_SC"",""mgLevel"":""MG_LOW"",""usLevel"":""US_HIGH"",""leftColorCode"":""MH"",""rightColorCode"":""SC"",""swapIndex"":0,""tallerSide"":""left"",""baseTall"":150,""baseShort"":100,""jitter"":5,""tallHeight"":152,""shortHeight"":103,""leftHeight"":152,""rightHeight"":103}","undefined","5163","5163","undefined","undefined","angry","sick","MH","SC","MG_LOW","US_HIGH","MG_LOW_US_HIGH_angry_sick_MH_SC","40","0","left","undefined","undefined","undefined"
"1bcc79bb-b72d-4ff1-b529-bd2de6959f95","p10_s0_tl","28","windowEvents","undefined","undefined","undefined","undefined","undefined","undefined","undefined","{""focus"":1,""input"":0,""keydown"":0,""keyup"":0,""mousemove"":19,""mousedown"":4,""mouseup"":2,""resize"":0,""scroll"":0,""visibility"":0}","undefined","undefined","undefined","undefined","undefined","undefined","undefined","undefined","undefined","undefined","undefined","undefined","undefined","undefined","undefined","undefined","undefined","undefined"
"1bcc79bb-b72d-4ff1-b529-bd2de6959f95","p0_s0_tl","29","choice","completed","undefined","undefined","undefined","100.00","undefined","","{""assignments"":{""concept_happy"":""WH"",""concept_angry"":""MH""},""conceptA"":{""id"":""concept_angry"",""text"":""angry"",""chosenColorCode"":""MH""},""conceptB"":{""id"":""concept_happy"",""text"":""happy"",""chosenColorCode"":""WH""},""responseTime"":5936,""lastEditTime"":5936,""poolOrder"":0,""trialIndex"":0,""pairId"":""MG_HIGH_US_LOW_angry_happy_MH_WH"",""mgLevel"":""MG_HIGH"",""usLevel"":""US_LOW"",""leftColorCode"":""MH"",""rightColorCode"":""WH"",""swapIndex"":0,""tallerSide"":""left"",""baseTall"":150,""baseShort"":100,""jitter"":5,""tallHeight"":152,""shortHeight"":99,""leftHeight"":152,""rightHeight"":99}","undefined","6540","6540","undefined","undefined","angry","happy","MH","WH","MG_HIGH","US_LOW","MG_HIGH_US_LOW_angry_happy_MH_WH","0","0","left","undefined","undefined","undefined"
"1bcc79bb-b72d-4ff1-b529-bd2de6959f95","p0_s0_tl","29","windowEvents","undefined","undefined","undefined","undefined","undefined","undefined","undefined","{""focus"":1,""input"":0,""keydown"":0,""keyup"":0,""mousemove"":23,""mousedown"":3,""mouseup"":1,""resize"":0,""scroll"":0,""visibility"":0}","undefined","undefined","undefined","undefined","undefined","undefined","undefined","undefined","undefined","undefined","undefined","undefined","undefined","undefined","undefined","undefined","undefined","undefined"
"1bcc79bb-b72d-4ff1-b529-bd2de6959f95","p4_s1_tl","30","choice","completed","undefined","undefined","undefined","100.00","undefined","","{""assignments"":{""concept_peace"":""LB"",""concept_death"":""DP""},""conceptA"":{""id"":""concept_death"",""text"":""death"",""chosenColorCode"":""DP""},""conceptB"":{""id"":""concept_peace"",""text"":""peace"",""chosenColorCode"":""LB""},""responseTime"":8433,""lastEditTime"":8433,""poolOrder"":1,""trialIndex"":18,""pairId"":""MG_HIGH_US_HIGH_death_peace_DP_LB"",""mgLevel"":""MG_HIGH"",""usLevel"":""US_HIGH"",""leftColorCode"":""LB"",""rightColorCode"":""DP"",""swapIndex"":1,""tallerSide"":""left"",""baseTall"":150,""baseShort"":100,""jitter"":5,""tallHeight"":149,""shortHeight"":103,""leftHeight"":149,""rightHeight"":103}","undefined","9092","9092","undefined","undefined","death","peace","DP","LB","MG_HIGH","US_HIGH","MG_HIGH_US_HIGH_death_peace_DP_LB","18","1","left","undefined","undefined","undefined"
"1bcc79bb-b72d-4ff1-b529-bd2de6959f95","p4_s1_tl","30","windowEvents","undefined","undefined","undefined","undefined","undefined","undefined","undefined","{""focus"":1,""input"":0,""keydown"":0,""keyup"":0,""mousemove"":19,""mousedown"":3,""mouseup"":1,""resize"":0,""scroll"":0,""visibility"":0}","undefined","undefined","undefined","undefined","undefined","undefined","undefined","undefined","undefined","undefined","undefined","undefined","undefined","undefined","undefined","undefined","undefined","undefined"
"1bcc79bb-b72d-4ff1-b529-bd2de6959f95","p5_s1_tr","31","choice","completed","undefined","undefined","undefined","100.00","undefined","","{""assignments"":{""concept_death"":""BK"",""concept_justice"":""DB""},""conceptA"":{""id"":""concept_death"",""text"":""death"",""chosenColorCode"":""BK""},""conceptB"":{""id"":""concept_justice"",""text"":""justice"",""chosenColorCode"":""DB""},""responseTime"":3017,""lastEditTime"":3017,""poolOrder"":0,""trialIndex"":23,""pairId"":""MG_HIGH_US_HIGH_death_justice_BK_DB"",""mgLevel"":""MG_HIGH"",""usLevel"":""US_HIGH"",""leftColorCode"":""DB"",""rightColorCode"":""BK"",""swapIndex"":1,""tallerSide"":""right"",""baseTall"":150,""baseShort"":100,""jitter"":5,""tallHeight"":152,""shortHeight"":101,""leftHeight"":101,""rightHeight"":152}","undefined","3726","3726","undefined","undefined","death","justice","BK","DB","MG_HIGH","US_HIGH","MG_HIGH_US_HIGH_death_justice_BK_DB","23","1","right","undefined","undefined","undefined"
"1bcc79bb-b72d-4ff1-b529-bd2de6959f95","p5_s1_tr","31","windowEvents","undefined","undefined","undefined","undefined","undefined","undefined","undefined","{""focus"":1,""input"":0,""keydown"":0,""keyup"":0,""mousemove"":16,""mousedown"":3,""mouseup"":1,""resize"":0,""scroll"":0,""visibility"":0}","undefined","undefined","undefined","undefined","undefined","undefined","undefined","undefined","undefined","undefined","undefined","undefined","undefined","undefined","undefined","undefined","undefined","undefined"
"1bcc79bb-b72d-4ff1-b529-bd2de6959f95","p0_s0_tr","32","choice","completed","undefined","undefined","undefined","100.00","undefined","","{""assignments"":{""concept_happy"":""WH"",""concept_angry"":""MH""},""conceptA"":{""id"":""concept_angry"",""text"":""angry"",""chosenColorCode"":""MH""},""conceptB"":{""id"":""concept_happy"",""text"":""happy"",""chosenColorCode"":""WH""},""responseTime"":2997,""lastEditTime"":2997,""poolOrder"":1,""trialIndex"":1,""pairId"":""MG_HIGH_US_LOW_angry_happy_MH_WH"",""mgLevel"":""MG_HIGH"",""usLevel"":""US_LOW"",""leftColorCode"":""MH"",""rightColorCode"":""WH"",""swapIndex"":0,""tallerSide"":""right"",""baseTall"":150,""baseShort"":100,""jitter"":5,""tallHeight"":150,""shortHeight"":105,""leftHeight"":105,""rightHeight"":150}","undefined","3587","3587","undefined","undefined","angry","happy","MH","WH","MG_HIGH","US_LOW","MG_HIGH_US_LOW_angry_happy_MH_WH","1","0","right","undefined","undefined","undefined"
"1bcc79bb-b72d-4ff1-b529-bd2de6959f95","p0_s0_tr","32","windowEvents","undefined","undefined","undefined","undefined","undefined","undefined","undefined","{""focus"":1,""input"":0,""keydown"":0,""keyup"":0,""mousemove"":12,""mousedown"":3,""mouseup"":1,""resize"":0,""scroll"":0,""visibility"":0}","undefined","undefined","undefined","undefined","undefined","undefined","undefined","undefined","undefined","undefined","undefined","undefined","undefined","undefined","undefined","undefined","undefined","undefined"
"1bcc79bb-b72d-4ff1-b529-bd2de6959f95","p4_s0_tr","33","choice","completed","undefined","undefined","undefined","100.00","undefined","","{""assignments"":{""concept_peace"":""LB"",""concept_death"":""DP""},""conceptA"":{""id"":""concept_death"",""text"":""death"",""chosenColorCode"":""DP""},""conceptB"":{""id"":""concept_peace"",""text"":""peace"",""chosenColorCode"":""LB""},""responseTime"":4545,""lastEditTime"":4545,""poolOrder"":1,""trialIndex"":17,""pairId"":""MG_HIGH_US_HIGH_death_peace_DP_LB"",""mgLevel"":""MG_HIGH"",""usLevel"":""US_HIGH"",""leftColorCode"":""DP"",""rightColorCode"":""LB"",""swapIndex"":0,""tallerSide"":""right"",""baseTall"":150,""baseShort"":100,""jitter"":5,""tallHeight"":152,""shortHeight"":104,""leftHeight"":104,""rightHeight"":152}","undefined","5214","5214","undefined","undefined","death","peace","DP","LB","MG_HIGH","US_HIGH","MG_HIGH_US_HIGH_death_peace_DP_LB","17","0","right","undefined","undefined","undefined"
"1bcc79bb-b72d-4ff1-b529-bd2de6959f95","p4_s0_tr","33","windowEvents","undefined","undefined","undefined","undefined","undefined","undefined","undefined","{""focus"":1,""input"":0,""keydown"":0,""keyup"":0,""mousemove"":22,""mousedown"":4,""mouseup"":2,""resize"":0,""scroll"":0,""visibility"":0}","undefined","undefined","undefined","undefined","undefined","undefined","undefined","undefined","undefined","undefined","undefined","undefined","undefined","undefined","undefined","undefined","undefined","undefined"
"1bcc79bb-b72d-4ff1-b529-bd2de6959f95","p0_s1_tl","34","choice","completed","undefined","undefined","undefined","100.00","undefined","","{""assignments"":{""concept_angry"":""MH"",""concept_happy"":""WH""},""conceptA"":{""id"":""concept_angry"",""text"":""angry"",""chosenColorCode"":""MH""},""conceptB"":{""id"":""concept_happy"",""text"":""happy"",""chosenColorCode"":""WH""},""responseTime"":8572,""lastEditTime"":8572,""poolOrder"":1,""trialIndex"":2,""pairId"":""MG_HIGH_US_LOW_angry_happy_MH_WH"",""mgLevel"":""MG_HIGH"",""usLevel"":""US_LOW"",""leftColorCode"":""WH"",""rightColorCode"":""MH"",""swapIndex"":1,""tallerSide"":""left"",""baseTall"":150,""baseShort"":100,""jitter"":5,""tallHeight"":148,""shortHeight"":98,""leftHeight"":148,""rightHeight"":98}","undefined","10425","10425","undefined","undefined","angry","happy","MH","WH","MG_HIGH","US_LOW","MG_HIGH_US_LOW_angry_happy_MH_WH","2","1","left","undefined","undefined","undefined"
"1bcc79bb-b72d-4ff1-b529-bd2de6959f95","p0_s1_tl","34","windowEvents","undefined","undefined","undefined","undefined","undefined","undefined","undefined","{""focus"":1,""input"":0,""keydown"":0,""keyup"":0,""mousemove"":26,""mousedown"":5,""mouseup"":2,""resize"":0,""scroll"":0,""visibility"":0}","undefined","undefined","undefined","undefined","undefined","undefined","undefined","undefined","undefined","undefined","undefined","undefined","undefined","undefined","undefined","undefined","undefined","undefined"
"1bcc79bb-b72d-4ff1-b529-bd2de6959f95","p7_s1_tr","35","choice","completed","undefined","undefined","undefined","100.00","undefined","","{""assignments"":{""concept_sad"":""DC"",""concept_sick"":""A3""},""conceptA"":{""id"":""concept_sad"",""text"":""sad"",""chosenColorCode"":""DC""},""conceptB"":{""id"":""concept_sick"",""text"":""sick"",""chosenColorCode"":""A3""},""responseTime"":3561,""lastEditTime"":3561,""poolOrder"":1,""trialIndex"":31,""pairId"":""MG_LOW_US_LOW_sad_sick_A3_DC"",""mgLevel"":""MG_LOW"",""usLevel"":""US_LOW"",""leftColorCode"":""DC"",""rightColorCode"":""A3"",""swapIndex"":1,""tallerSide"":""right"",""baseTall"":150,""baseShort"":100,""jitter"":5,""tallHeight"":146,""shortHeight"":96,""leftHeight"":96,""rightHeight"":146}","undefined","4678","4678","undefined","undefined","sad","sick","A3","DC","MG_LOW","US_LOW","MG_LOW_US_LOW_sad_sick_A3_DC","31","1","right","undefined","undefined","undefined"
"1bcc79bb-b72d-4ff1-b529-bd2de6959f95","p7_s1_tr","35","windowEvents","undefined","undefined","undefined","undefined","undefined","undefined","undefined","{""focus"":1,""input"":0,""keydown"":0,""keyup"":0,""mousemove"":17,""mousedown"":3,""mouseup"":1,""resize"":0,""scroll"":0,""visibility"":0}","undefined","undefined","undefined","undefined","undefined","undefined","undefined","undefined","undefined","undefined","undefined","undefined","undefined","undefined","undefined","undefined","undefined","undefined"
"1bcc79bb-b72d-4ff1-b529-bd2de6959f95","p6_s0_tl","36","choice","completed","undefined","undefined","undefined","100.00","undefined","","{""assignments"":{""concept_happy"":""MC"",""concept_sad"":""DR""},""conceptA"":{""id"":""concept_happy"",""text"":""happy"",""chosenColorCode"":""MC""},""conceptB"":{""id"":""concept_sad"",""text"":""sad"",""chosenColorCode"":""DR""},""responseTime"":5448,""lastEditTime"":5448,""poolOrder"":1,""trialIndex"":24,""pairId"":""MG_LOW_US_LOW_happy_sad_DR_MC"",""mgLevel"":""MG_LOW"",""usLevel"":""US_LOW"",""leftColorCode"":""DR"",""rightColorCode"":""MC"",""swapIndex"":0,""tallerSide"":""left"",""baseTall"":150,""baseShort"":100,""jitter"":5,""tallHeight"":151,""shortHeight"":103,""leftHeight"":151,""rightHeight"":103}","undefined","5965","5965","undefined","undefined","happy","sad","DR","MC","MG_LOW","US_LOW","MG_LOW_US_LOW_happy_sad_DR_MC","24","0","left","undefined","undefined","undefined"
"1bcc79bb-b72d-4ff1-b529-bd2de6959f95","p6_s0_tl","36","windowEvents","undefined","undefined","undefined","undefined","undefined","undefined","undefined","{""focus"":1,""input"":0,""keydown"":0,""keyup"":0,""mousemove"":23,""mousedown"":3,""mouseup"":1,""resize"":0,""scroll"":0,""visibility"":0}","undefined","undefined","undefined","undefined","undefined","undefined","undefined","undefined","undefined","undefined","undefined","undefined","undefined","undefined","undefined","undefined","undefined","undefined"
"1bcc79bb-b72d-4ff1-b529-bd2de6959f95","p9_s1_tr","37","choice","completed","undefined","undefined","undefined","100.00","undefined","","{""assignments"":{""concept_mango"":""MO"",""concept_banana"":""SY""},""conceptA"":{""id"":""concept_banana"",""text"":""banana"",""chosenColorCode"":""SY""},""conceptB"":{""id"":""concept_mango"",""text"":""mango"",""chosenColorCode"":""MO""},""responseTime"":4161,""lastEditTime"":4161,""poolOrder"":1,""trialIndex"":39,""pairId"":""MG_LOW_US_HIGH_banana_mango_MO_SY"",""mgLevel"":""MG_LOW"",""usLevel"":""US_HIGH"",""leftColorCode"":""SY"",""rightColorCode"":""MO"",""swapIndex"":1,""tallerSide"":""right"",""baseTall"":150,""baseShort"":100,""jitter"":5,""tallHeight"":155,""shortHeight"":102,""leftHeight"":102,""rightHeight"":155}","undefined","4863","4863","undefined","undefined","banana","mango","MO","SY","MG_LOW","US_HIGH","MG_LOW_US_HIGH_banana_mango_MO_SY","39","1","right","undefined","undefined","undefined"
"1bcc79bb-b72d-4ff1-b529-bd2de6959f95","p9_s1_tr","37","windowEvents","undefined","undefined","undefined","undefined","undefined","undefined","undefined","{""focus"":1,""input"":0,""keydown"":0,""keyup"":0,""mousemove"":15,""mousedown"":3,""mouseup"":1,""resize"":0,""scroll"":0,""visibility"":0}","undefined","undefined","undefined","undefined","undefined","undefined","undefined","undefined","undefined","undefined","undefined","undefined","undefined","undefined","undefined","undefined","undefined","undefined"
"1bcc79bb-b72d-4ff1-b529-bd2de6959f95","p0_s1_tr","38","choice","completed","undefined","undefined","undefined","100.00","undefined","","{""assignments"":{""concept_happy"":""WH"",""concept_angry"":""MH""},""conceptA"":{""id"":""concept_angry"",""text"":""angry"",""chosenColorCode"":""MH""},""conceptB"":{""id"":""concept_happy"",""text"":""happy"",""chosenColorCode"":""WH""},""responseTime"":5949,""lastEditTime"":5949,""poolOrder"":1,""trialIndex"":3,""pairId"":""MG_HIGH_US_LOW_angry_happy_MH_WH"",""mgLevel"":""MG_HIGH"",""usLevel"":""US_LOW"",""leftColorCode"":""WH"",""rightColorCode"":""MH"",""swapIndex"":1,""tallerSide"":""right"",""baseTall"":150,""baseShort"":100,""jitter"":5,""tallHeight"":155,""shortHeight"":104,""leftHeight"":104,""rightHeight"":155}","undefined","6768","6768","undefined","undefined","angry","happy","MH","WH","MG_HIGH","US_LOW","MG_HIGH_US_LOW_angry_happy_MH_WH","3","1","right","undefined","undefined","undefined"
"1bcc79bb-b72d-4ff1-b529-bd2de6959f95","p0_s1_tr","38","windowEvents","undefined","undefined","undefined","undefined","undefined","undefined","undefined","{""focus"":1,""input"":0,""keydown"":0,""keyup"":0,""mousemove"":23,""mousedown"":3,""mouseup"":1,""resize"":0,""scroll"":0,""visibility"":0}","undefined","undefined","undefined","undefined","undefined","undefined","undefined","undefined","undefined","undefined","undefined","undefined","undefined","undefined","undefined","undefined","undefined","undefined"
"1bcc79bb-b72d-4ff1-b529-bd2de6959f95","p9_s1_tl","39","choice","completed","undefined","undefined","undefined","100.00","undefined","","{""assignments"":{""concept_mango"":""MO"",""concept_banana"":""SY""},""conceptA"":{""id"":""concept_banana"",""text"":""banana"",""chosenColorCode"":""SY""},""conceptB"":{""id"":""concept_mango"",""text"":""mango"",""chosenColorCode"":""MO""},""responseTime"":4311,""lastEditTime"":4311,""poolOrder"":0,""trialIndex"":38,""pairId"":""MG_LOW_US_HIGH_banana_mango_MO_SY"",""mgLevel"":""MG_LOW"",""usLevel"":""US_HIGH"",""leftColorCode"":""SY"",""rightColorCode"":""MO"",""swapIndex"":1,""tallerSide"":""left"",""baseTall"":150,""baseShort"":100,""jitter"":5,""tallHeight"":149,""shortHeight"":105,""leftHeight"":149,""rightHeight"":105}","undefined","5179","5179","undefined","undefined","banana","mango","MO","SY","MG_LOW","US_HIGH","MG_LOW_US_HIGH_banana_mango_MO_SY","38","1","left","undefined","undefined","undefined"
"1bcc79bb-b72d-4ff1-b529-bd2de6959f95","p9_s1_tl","39","windowEvents","undefined","undefined","undefined","undefined","undefined","undefined","undefined","{""focus"":1,""input"":0,""keydown"":0,""keyup"":0,""mousemove"":20,""mousedown"":4,""mouseup"":1,""resize"":0,""scroll"":0,""visibility"":0}","undefined","undefined","undefined","undefined","undefined","undefined","undefined","undefined","undefined","undefined","undefined","undefined","undefined","undefined","undefined","undefined","undefined","undefined"
"1bcc79bb-b72d-4ff1-b529-bd2de6959f95","p11_s0_tr","40","choice","completed","undefined","undefined","undefined","100.00","undefined","","{""assignments"":{""concept_justice"":""BK"",""concept_safety"":""SG""},""conceptA"":{""id"":""concept_justice"",""text"":""justice"",""chosenColorCode"":""BK""},""conceptB"":{""id"":""concept_safety"",""text"":""safety"",""chosenColorCode"":""SG""},""responseTime"":5107,""lastEditTime"":5107,""poolOrder"":0,""trialIndex"":45,""pairId"":""MG_LOW_US_HIGH_justice_safety_BK_SG"",""mgLevel"":""MG_LOW"",""usLevel"":""US_HIGH"",""leftColorCode"":""BK"",""rightColorCode"":""SG"",""swapIndex"":0,""tallerSide"":""right"",""baseTall"":150,""baseShort"":100,""jitter"":5,""tallHeight"":145,""shortHeight"":98,""leftHeight"":98,""rightHeight"":145}","undefined","5897","5897","undefined","undefined","justice","safety","BK","SG","MG_LOW","US_HIGH","MG_LOW_US_HIGH_justice_safety_BK_SG","45","0","right","undefined","undefined","undefined"
"1bcc79bb-b72d-4ff1-b529-bd2de6959f95","p11_s0_tr","40","windowEvents","undefined","undefined","undefined","undefined","undefined","undefined","undefined","{""focus"":1,""input"":0,""keydown"":0,""keyup"":0,""mousemove"":13,""mousedown"":4,""mouseup"":1,""resize"":0,""scroll"":0,""visibility"":0}","undefined","undefined","undefined","undefined","undefined","undefined","undefined","undefined","undefined","undefined","undefined","undefined","undefined","undefined","undefined","undefined","undefined","undefined"
"1bcc79bb-b72d-4ff1-b529-bd2de6959f95","p1_s0_tr","41","choice","completed","undefined","undefined","undefined","100.00","undefined","","{""assignments"":{""concept_safety"":""DB"",""concept_death"":""DP""},""conceptA"":{""id"":""concept_death"",""text"":""death"",""chosenColorCode"":""DP""},""conceptB"":{""id"":""concept_safety"",""text"":""safety"",""chosenColorCode"":""DB""},""responseTime"":3329,""lastEditTime"":3329,""poolOrder"":1,""trialIndex"":5,""pairId"":""MG_HIGH_US_LOW_death_safety_DB_DP"",""mgLevel"":""MG_HIGH"",""usLevel"":""US_LOW"",""leftColorCode"":""DB"",""rightColorCode"":""DP"",""swapIndex"":0,""tallerSide"":""right"",""baseTall"":150,""baseShort"":100,""jitter"":5,""tallHeight"":146,""shortHeight"":97,""leftHeight"":97,""rightHeight"":146}","undefined","3985","3985","undefined","undefined","death","safety","DB","DP","MG_HIGH","US_LOW","MG_HIGH_US_LOW_death_safety_DB_DP","5","0","right","undefined","undefined","undefined"
"1bcc79bb-b72d-4ff1-b529-bd2de6959f95","p1_s0_tr","41","windowEvents","undefined","undefined","undefined","undefined","undefined","undefined","undefined","{""focus"":1,""input"":0,""keydown"":0,""keyup"":0,""mousemove"":14,""mousedown"":3,""mouseup"":1,""resize"":0,""scroll"":0,""visibility"":0}","undefined","undefined","undefined","undefined","undefined","undefined","undefined","undefined","undefined","undefined","undefined","undefined","undefined","undefined","undefined","undefined","undefined","undefined"
"1bcc79bb-b72d-4ff1-b529-bd2de6959f95","p11_s1_tl","42","choice","completed","undefined","undefined","undefined","100.00","undefined","","{""assignments"":{""concept_justice"":""BK"",""concept_safety"":""SG""},""conceptA"":{""id"":""concept_justice"",""text"":""justice"",""chosenColorCode"":""BK""},""conceptB"":{""id"":""concept_safety"",""text"":""safety"",""chosenColorCode"":""SG""},""responseTime"":4426,""lastEditTime"":4426,""poolOrder"":0,""trialIndex"":46,""pairId"":""MG_LOW_US_HIGH_justice_safety_BK_SG"",""mgLevel"":""MG_LOW"",""usLevel"":""US_HIGH"",""leftColorCode"":""SG"",""rightColorCode"":""BK"",""swapIndex"":1,""tallerSide"":""left"",""baseTall"":150,""baseShort"":100,""jitter"":5,""tallHeight"":153,""shortHeight"":98,""leftHeight"":153,""rightHeight"":98}","undefined","4967","4967","undefined","undefined","justice","safety","BK","SG","MG_LOW","US_HIGH","MG_LOW_US_HIGH_justice_safety_BK_SG","46","1","left","undefined","undefined","undefined"
"1bcc79bb-b72d-4ff1-b529-bd2de6959f95","p11_s1_tl","42","windowEvents","undefined","undefined","undefined","undefined","undefined","undefined","undefined","{""focus"":1,""input"":0,""keydown"":0,""keyup"":0,""mousemove"":15,""mousedown"":4,""mouseup"":1,""resize"":0,""scroll"":0,""visibility"":0}","undefined","undefined","undefined","undefined","undefined","undefined","undefined","undefined","undefined","undefined","undefined","undefined","undefined","undefined","undefined","undefined","undefined","undefined"
"1bcc79bb-b72d-4ff1-b529-bd2de6959f95","p10_s0_tr","43","choice","completed","undefined","undefined","undefined","100.00","undefined","","{""assignments"":{""concept_sick"":""MH"",""concept_angry"":""SC""},""conceptA"":{""id"":""concept_angry"",""text"":""angry"",""chosenColorCode"":""SC""},""conceptB"":{""id"":""concept_sick"",""text"":""sick"",""chosenColorCode"":""MH""},""responseTime"":2529,""lastEditTime"":2529,""poolOrder"":1,""trialIndex"":41,""pairId"":""MG_LOW_US_HIGH_angry_sick_MH_SC"",""mgLevel"":""MG_LOW"",""usLevel"":""US_HIGH"",""leftColorCode"":""MH"",""rightColorCode"":""SC"",""swapIndex"":0,""tallerSide"":""right"",""baseTall"":150,""baseShort"":100,""jitter"":5,""tallHeight"":153,""shortHeight"":105,""leftHeight"":105,""rightHeight"":153}","undefined","3109","3109","undefined","undefined","angry","sick","MH","SC","MG_LOW","US_HIGH","MG_LOW_US_HIGH_angry_sick_MH_SC","41","0","right","undefined","undefined","undefined"
"1bcc79bb-b72d-4ff1-b529-bd2de6959f95","p10_s0_tr","43","windowEvents","undefined","undefined","undefined","undefined","undefined","undefined","undefined","{""focus"":1,""input"":0,""keydown"":0,""keyup"":0,""mousemove"":12,""mousedown"":3,""mouseup"":1,""resize"":0,""scroll"":0,""visibility"":0}","undefined","undefined","undefined","undefined","undefined","undefined","undefined","undefined","undefined","undefined","undefined","undefined","undefined","undefined","undefined","undefined","undefined","undefined"
"1bcc79bb-b72d-4ff1-b529-bd2de6959f95","p3_s0_tl","44","choice","completed","undefined","undefined","undefined","100.00","undefined","","{""assignments"":{""concept_peach"":""SR"",""concept_banana"":""MH""},""conceptA"":{""id"":""concept_banana"",""text"":""banana"",""chosenColorCode"":""MH""},""conceptB"":{""id"":""concept_peach"",""text"":""peach"",""chosenColorCode"":""SR""},""responseTime"":3000,""lastEditTime"":3000,""poolOrder"":1,""trialIndex"":12,""pairId"":""MG_HIGH_US_HIGH_banana_peach_MH_SR"",""mgLevel"":""MG_HIGH"",""usLevel"":""US_HIGH"",""leftColorCode"":""MH"",""rightColorCode"":""SR"",""swapIndex"":0,""tallerSide"":""left"",""baseTall"":150,""baseShort"":100,""jitter"":5,""tallHeight"":152,""shortHeight"":96,""leftHeight"":152,""rightHeight"":96}","undefined","3909","3909","undefined","undefined","banana","peach","MH","SR","MG_HIGH","US_HIGH","MG_HIGH_US_HIGH_banana_peach_MH_SR","12","0","left","undefined","undefined","undefined"
"1bcc79bb-b72d-4ff1-b529-bd2de6959f95","p3_s0_tl","44","windowEvents","undefined","undefined","undefined","undefined","undefined","undefined","undefined","{""focus"":1,""input"":0,""keydown"":0,""keyup"":0,""mousemove"":15,""mousedown"":3,""mouseup"":1,""resize"":0,""scroll"":0,""visibility"":0}","undefined","undefined","undefined","undefined","undefined","undefined","undefined","undefined","undefined","undefined","undefined","undefined","undefined","undefined","undefined","undefined","undefined","undefined"
"1bcc79bb-b72d-4ff1-b529-bd2de6959f95","p8_s0_tl","45","choice","completed","undefined","undefined","undefined","100.00","undefined","","{""assignments"":{""concept_peace"":""MC"",""concept_justice"":""MO""},""conceptA"":{""id"":""concept_justice"",""text"":""justice"",""chosenColorCode"":""MO""},""conceptB"":{""id"":""concept_peace"",""text"":""peace"",""chosenColorCode"":""MC""},""responseTime"":8432,""lastEditTime"":8432,""poolOrder"":1,""trialIndex"":32,""pairId"":""MG_LOW_US_LOW_justice_peace_MC_MO"",""mgLevel"":""MG_LOW"",""usLevel"":""US_LOW"",""leftColorCode"":""MC"",""rightColorCode"":""MO"",""swapIndex"":0,""tallerSide"":""left"",""baseTall"":150,""baseShort"":100,""jitter"":5,""tallHeight"":146,""shortHeight"":105,""leftHeight"":146,""rightHeight"":105}","undefined","9144","9144","undefined","undefined","justice","peace","MC","MO","MG_LOW","US_LOW","MG_LOW_US_LOW_justice_peace_MC_MO","32","0","left","undefined","undefined","undefined"
"1bcc79bb-b72d-4ff1-b529-bd2de6959f95","p8_s0_tl","45","windowEvents","undefined","undefined","undefined","undefined","undefined","undefined","undefined","{""focus"":1,""input"":0,""keydown"":0,""keyup"":0,""mousemove"":21,""mousedown"":3,""mouseup"":1,""resize"":0,""scroll"":0,""visibility"":0}","undefined","undefined","undefined","undefined","undefined","undefined","undefined","undefined","undefined","undefined","undefined","undefined","undefined","undefined","undefined","undefined","undefined","undefined"
"1bcc79bb-b72d-4ff1-b529-bd2de6959f95","p3_s1_tl","46","choice","completed","undefined","undefined","undefined","100.00","undefined","","{""assignments"":{""concept_peach"":""SR"",""concept_banana"":""MH""},""conceptA"":{""id"":""concept_banana"",""text"":""banana"",""chosenColorCode"":""MH""},""conceptB"":{""id"":""concept_peach"",""text"":""peach"",""chosenColorCode"":""SR""},""responseTime"":4956,""lastEditTime"":4956,""poolOrder"":0,""trialIndex"":14,""pairId"":""MG_HIGH_US_HIGH_banana_peach_MH_SR"",""mgLevel"":""MG_HIGH"",""usLevel"":""US_HIGH"",""leftColorCode"":""SR"",""rightColorCode"":""MH"",""swapIndex"":1,""tallerSide"":""left"",""baseTall"":150,""baseShort"":100,""jitter"":5,""tallHeight"":150,""shortHeight"":102,""leftHeight"":150,""rightHeight"":102}","undefined","5970","5970","undefined","undefined","banana","peach","MH","SR","MG_HIGH","US_HIGH","MG_HIGH_US_HIGH_banana_peach_MH_SR","14","1","left","undefined","undefined","undefined"
"1bcc79bb-b72d-4ff1-b529-bd2de6959f95","p3_s1_tl","46","windowEvents","undefined","undefined","undefined","undefined","undefined","undefined","undefined","{""focus"":1,""input"":0,""keydown"":0,""keyup"":0,""mousemove"":18,""mousedown"":3,""mouseup"":1,""resize"":0,""scroll"":0,""visibility"":0}","undefined","undefined","undefined","undefined","undefined","undefined","undefined","undefined","undefined","undefined","undefined","undefined","undefined","undefined","undefined","undefined","undefined","undefined"
"1bcc79bb-b72d-4ff1-b529-bd2de6959f95","attention_1","47","choice","completed","undefined","undefined","undefined","100.00","undefined","","{""assignments"":{""concept_red"":""SR"",""concept_blue"":""LB""},""conceptA"":{""id"":""concept_blue"",""text"":""blue"",""chosenColorCode"":""LB""},""conceptB"":{""id"":""concept_red"",""text"":""red"",""chosenColorCode"":""SR""},""responseTime"":3694,""lastEditTime"":3694,""poolOrder"":1,""trialIndex"":48,""pairId"":""ATTENTION_1_blue_red_LB_SR"",""mgLevel"":""NA"",""usLevel"":""NA"",""leftColorCode"":""LB"",""rightColorCode"":""SR"",""swapIndex"":0,""tallerSide"":""left"",""baseTall"":150,""baseShort"":100,""jitter"":5,""tallHeight"":149,""shortHeight"":101,""leftHeight"":149,""rightHeight"":101}","undefined","4313","4313","undefined","undefined","blue","red","LB","SR","NA","NA","ATTENTION_1_blue_red_LB_SR","48","0","left","undefined","undefined","undefined"
"1bcc79bb-b72d-4ff1-b529-bd2de6959f95","attention_1","47","windowEvents","undefined","undefined","undefined","undefined","undefined","undefined","undefined","{""focus"":1,""input"":0,""keydown"":0,""keyup"":0,""mousemove"":16,""mousedown"":3,""mouseup"":1,""resize"":0,""scroll"":0,""visibility"":0}","undefined","undefined","undefined","undefined","undefined","undefined","undefined","undefined","undefined","undefined","undefined","undefined","undefined","undefined","undefined","undefined","undefined","undefined"
"1bcc79bb-b72d-4ff1-b529-bd2de6959f95","p8_s1_tl","48","choice","completed","undefined","undefined","undefined","100.00","undefined","","{""assignments"":{""concept_peace"":""MC"",""concept_justice"":""MO""},""conceptA"":{""id"":""concept_justice"",""text"":""justice"",""chosenColorCode"":""MO""},""conceptB"":{""id"":""concept_peace"",""text"":""peace"",""chosenColorCode"":""MC""},""responseTime"":3523,""lastEditTime"":3523,""poolOrder"":1,""trialIndex"":34,""pairId"":""MG_LOW_US_LOW_justice_peace_MC_MO"",""mgLevel"":""MG_LOW"",""usLevel"":""US_LOW"",""leftColorCode"":""MO"",""rightColorCode"":""MC"",""swapIndex"":1,""tallerSide"":""left"",""baseTall"":150,""baseShort"":100,""jitter"":5,""tallHeight"":149,""shortHeight"":102,""leftHeight"":149,""rightHeight"":102}","undefined","4065","4065","undefined","undefined","justice","peace","MC","MO","MG_LOW","US_LOW","MG_LOW_US_LOW_justice_peace_MC_MO","34","1","left","undefined","undefined","undefined"
"1bcc79bb-b72d-4ff1-b529-bd2de6959f95","p8_s1_tl","48","windowEvents","undefined","undefined","undefined","undefined","undefined","undefined","undefined","{""focus"":1,""input"":0,""keydown"":0,""keyup"":0,""mousemove"":11,""mousedown"":3,""mouseup"":1,""resize"":0,""scroll"":0,""visibility"":0}","undefined","undefined","undefined","undefined","undefined","undefined","undefined","undefined","undefined","undefined","undefined","undefined","undefined","undefined","undefined","undefined","undefined","undefined"
"1bcc79bb-b72d-4ff1-b529-bd2de6959f95","p9_s0_tr","49","choice","completed","undefined","undefined","undefined","100.00","undefined","","{""assignments"":{""concept_mango"":""MO"",""concept_banana"":""SY""},""conceptA"":{""id"":""concept_banana"",""text"":""banana"",""chosenColorCode"":""SY""},""conceptB"":{""id"":""concept_mango"",""text"":""mango"",""chosenColorCode"":""MO""},""responseTime"":4221,""lastEditTime"":4221,""poolOrder"":1,""trialIndex"":37,""pairId"":""MG_LOW_US_HIGH_banana_mango_MO_SY"",""mgLevel"":""MG_LOW"",""usLevel"":""US_HIGH"",""leftColorCode"":""MO"",""rightColorCode"":""SY"",""swapIndex"":0,""tallerSide"":""right"",""baseTall"":150,""baseShort"":100,""jitter"":5,""tallHeight"":147,""shortHeight"":101,""leftHeight"":101,""rightHeight"":147}","undefined","5010","5010","undefined","undefined","banana","mango","MO","SY","MG_LOW","US_HIGH","MG_LOW_US_HIGH_banana_mango_MO_SY","37","0","right","undefined","undefined","undefined"
"1bcc79bb-b72d-4ff1-b529-bd2de6959f95","p9_s0_tr","49","windowEvents","undefined","undefined","undefined","undefined","undefined","undefined","undefined","{""focus"":1,""input"":0,""keydown"":0,""keyup"":0,""mousemove"":19,""mousedown"":4,""mouseup"":1,""resize"":0,""scroll"":0,""visibility"":0}","undefined","undefined","undefined","undefined","undefined","undefined","undefined","undefined","undefined","undefined","undefined","undefined","undefined","undefined","undefined","undefined","undefined","undefined"
"1bcc79bb-b72d-4ff1-b529-bd2de6959f95","p1_s0_tl","50","choice","completed","undefined","undefined","undefined","100.00","undefined","","{""assignments"":{""concept_safety"":""DB"",""concept_death"":""DP""},""conceptA"":{""id"":""concept_death"",""text"":""death"",""chosenColorCode"":""DP""},""conceptB"":{""id"":""concept_safety"",""text"":""safety"",""chosenColorCode"":""DB""},""responseTime"":4239,""lastEditTime"":4239,""poolOrder"":1,""trialIndex"":4,""pairId"":""MG_HIGH_US_LOW_death_safety_DB_DP"",""mgLevel"":""MG_HIGH"",""usLevel"":""US_LOW"",""leftColorCode"":""DB"",""rightColorCode"":""DP"",""swapIndex"":0,""tallerSide"":""left"",""baseTall"":150,""baseShort"":100,""jitter"":5,""tallHeight"":146,""shortHeight"":105,""leftHeight"":146,""rightHeight"":105}","undefined","5251","5251","undefined","undefined","death","safety","DB","DP","MG_HIGH","US_LOW","MG_HIGH_US_LOW_death_safety_DB_DP","4","0","left","undefined","undefined","undefined"
"1bcc79bb-b72d-4ff1-b529-bd2de6959f95","p1_s0_tl","50","windowEvents","undefined","undefined","undefined","undefined","undefined","undefined","undefined","{""focus"":1,""input"":0,""keydown"":0,""keyup"":0,""mousemove"":16,""mousedown"":5,""mouseup"":2,""resize"":0,""scroll"":0,""visibility"":0}","undefined","undefined","undefined","undefined","undefined","undefined","undefined","undefined","undefined","undefined","undefined","undefined","undefined","undefined","undefined","undefined","undefined","undefined"
"1bcc79bb-b72d-4ff1-b529-bd2de6959f95","break","51","break","completed","undefined","undefined","undefined","100.00","undefined","","{""seconds"":10,""completedAtISO"":""2026-02-17T01:22:57.779Z""}","undefined","32983","32983","break","undefined","undefined","undefined","undefined","undefined","undefined","undefined","undefined","undefined","undefined","undefined","10","Break time","Take a short break. You can continue when the timer finishes."
"1bcc79bb-b72d-4ff1-b529-bd2de6959f95","break","51","windowEvents","undefined","undefined","undefined","undefined","undefined","undefined","undefined","{""focus"":1,""input"":0,""keydown"":0,""keyup"":0,""mousemove"":19,""mousedown"":1,""mouseup"":1,""resize"":0,""scroll"":0,""visibility"":0}","undefined","undefined","undefined","undefined","undefined","undefined","undefined","undefined","undefined","undefined","undefined","undefined","undefined","undefined","undefined","undefined","undefined","undefined"
"1bcc79bb-b72d-4ff1-b529-bd2de6959f95","p1_s0_tl","52","choice","completed","undefined","undefined","undefined","100.00","undefined","","{""assignments"":{""concept_safety"":""DB"",""concept_death"":""DP""},""conceptA"":{""id"":""concept_death"",""text"":""death"",""chosenColorCode"":""DP""},""conceptB"":{""id"":""concept_safety"",""text"":""safety"",""chosenColorCode"":""DB""},""responseTime"":13953,""lastEditTime"":13953,""poolOrder"":0,""trialIndex"":4,""pairId"":""MG_HIGH_US_LOW_death_safety_DB_DP"",""mgLevel"":""MG_HIGH"",""usLevel"":""US_LOW"",""leftColorCode"":""DB"",""rightColorCode"":""DP"",""swapIndex"":0,""tallerSide"":""left"",""baseTall"":150,""baseShort"":100,""jitter"":5,""tallHeight"":152,""shortHeight"":96,""leftHeight"":152,""rightHeight"":96}","undefined","14546","14546","undefined","undefined","death","safety","DB","DP","MG_HIGH","US_LOW","MG_HIGH_US_LOW_death_safety_DB_DP","4","0","left","undefined","undefined","undefined"
"1bcc79bb-b72d-4ff1-b529-bd2de6959f95","p1_s0_tl","52","windowEvents","undefined","undefined","undefined","undefined","undefined","undefined","undefined","{""focus"":1,""input"":0,""keydown"":0,""keyup"":0,""mousemove"":43,""mousedown"":3,""mouseup"":1,""resize"":0,""scroll"":0,""visibility"":0}","undefined","undefined","undefined","undefined","undefined","undefined","undefined","undefined","undefined","undefined","undefined","undefined","undefined","undefined","undefined","undefined","undefined","undefined"
"1bcc79bb-b72d-4ff1-b529-bd2de6959f95","p6_s1_tr","53","choice","completed","undefined","undefined","undefined","100.00","undefined","","{""assignments"":{""concept_happy"":""DR"",""concept_sad"":""MC""},""conceptA"":{""id"":""concept_happy"",""text"":""happy"",""chosenColorCode"":""DR""},""conceptB"":{""id"":""concept_sad"",""text"":""sad"",""chosenColorCode"":""MC""},""responseTime"":48149,""lastEditTime"":50745,""poolOrder"":1,""trialIndex"":27,""pairId"":""MG_LOW_US_LOW_happy_sad_DR_MC"",""mgLevel"":""MG_LOW"",""usLevel"":""US_LOW"",""leftColorCode"":""MC"",""rightColorCode"":""DR"",""swapIndex"":1,""tallerSide"":""right"",""baseTall"":150,""baseShort"":100,""jitter"":5,""tallHeight"":151,""shortHeight"":99,""leftHeight"":99,""rightHeight"":151}","undefined","51287","51287","undefined","undefined","happy","sad","DR","MC","MG_LOW","US_LOW","MG_LOW_US_LOW_happy_sad_DR_MC","27","1","right","undefined","undefined","undefined"
"1bcc79bb-b72d-4ff1-b529-bd2de6959f95","p6_s1_tr","53","windowEvents","undefined","undefined","undefined","undefined","undefined","undefined","undefined","{""focus"":3,""input"":0,""keydown"":0,""keyup"":0,""mousemove"":60,""mousedown"":6,""mouseup"":2,""resize"":0,""scroll"":0,""visibility"":0}","undefined","undefined","undefined","undefined","undefined","undefined","undefined","undefined","undefined","undefined","undefined","undefined","undefined","undefined","undefined","undefined","undefined","undefined"
"1bcc79bb-b72d-4ff1-b529-bd2de6959f95","p4_s0_tl","54","choice","completed","undefined","undefined","undefined","100.00","undefined","","{""assignments"":{""concept_death"":""DP"",""concept_peace"":""LB""},""conceptA"":{""id"":""concept_death"",""text"":""death"",""chosenColorCode"":""DP""},""conceptB"":{""id"":""concept_peace"",""text"":""peace"",""chosenColorCode"":""LB""},""responseTime"":2911,""lastEditTime"":2911,""poolOrder"":0,""trialIndex"":16,""pairId"":""MG_HIGH_US_HIGH_death_peace_DP_LB"",""mgLevel"":""MG_HIGH"",""usLevel"":""US_HIGH"",""leftColorCode"":""DP"",""rightColorCode"":""LB"",""swapIndex"":0,""tallerSide"":""left"",""baseTall"":150,""baseShort"":100,""jitter"":5,""tallHeight"":145,""shortHeight"":100,""leftHeight"":145,""rightHeight"":100}","undefined","3709","3709","undefined","undefined","death","peace","DP","LB","MG_HIGH","US_HIGH","MG_HIGH_US_HIGH_death_peace_DP_LB","16","0","left","undefined","undefined","undefined"
"1bcc79bb-b72d-4ff1-b529-bd2de6959f95","p4_s0_tl","54","windowEvents","undefined","undefined","undefined","undefined","undefined","undefined","undefined","{""focus"":1,""input"":0,""keydown"":0,""keyup"":0,""mousemove"":13,""mousedown"":3,""mouseup"":1,""resize"":0,""scroll"":0,""visibility"":0}","undefined","undefined","undefined","undefined","undefined","undefined","undefined","undefined","undefined","undefined","undefined","undefined","undefined","undefined","undefined","undefined","undefined","undefined"
"1bcc79bb-b72d-4ff1-b529-bd2de6959f95","p7_s0_tr","55","choice","completed","undefined","undefined","undefined","100.00","undefined","","{""assignments"":{""concept_sad"":""DC"",""concept_sick"":""A3""},""conceptA"":{""id"":""concept_sad"",""text"":""sad"",""chosenColorCode"":""DC""},""conceptB"":{""id"":""concept_sick"",""text"":""sick"",""chosenColorCode"":""A3""},""responseTime"":5053,""lastEditTime"":5053,""poolOrder"":0,""trialIndex"":29,""pairId"":""MG_LOW_US_LOW_sad_sick_A3_DC"",""mgLevel"":""MG_LOW"",""usLevel"":""US_LOW"",""leftColorCode"":""A3"",""rightColorCode"":""DC"",""swapIndex"":0,""tallerSide"":""right"",""baseTall"":150,""baseShort"":100,""jitter"":5,""tallHeight"":154,""shortHeight"":95,""leftHeight"":95,""rightHeight"":154}","undefined","5539","5539","undefined","undefined","sad","sick","A3","DC","MG_LOW","US_LOW","MG_LOW_US_LOW_sad_sick_A3_DC","29","0","right","undefined","undefined","undefined"
"1bcc79bb-b72d-4ff1-b529-bd2de6959f95","p7_s0_tr","55","windowEvents","undefined","undefined","undefined","undefined","undefined","undefined","undefined","{""focus"":1,""input"":0,""keydown"":0,""keyup"":0,""mousemove"":9,""mousedown"":3,""mouseup"":1,""resize"":0,""scroll"":0,""visibility"":0}","undefined","undefined","undefined","undefined","undefined","undefined","undefined","undefined","undefined","undefined","undefined","undefined","undefined","undefined","undefined","undefined","undefined","undefined"
"1bcc79bb-b72d-4ff1-b529-bd2de6959f95","p5_s0_tl","56","choice","completed","undefined","undefined","undefined","100.00","undefined","","{""assignments"":{""concept_death"":""BK"",""concept_justice"":""DB""},""conceptA"":{""id"":""concept_death"",""text"":""death"",""chosenColorCode"":""BK""},""conceptB"":{""id"":""concept_justice"",""text"":""justice"",""chosenColorCode"":""DB""},""responseTime"":4252,""lastEditTime"":4252,""poolOrder"":0,""trialIndex"":20,""pairId"":""MG_HIGH_US_HIGH_death_justice_BK_DB"",""mgLevel"":""MG_HIGH"",""usLevel"":""US_HIGH"",""leftColorCode"":""BK"",""rightColorCode"":""DB"",""swapIndex"":0,""tallerSide"":""left"",""baseTall"":150,""baseShort"":100,""jitter"":5,""tallHeight"":146,""shortHeight"":101,""leftHeight"":146,""rightHeight"":101}","undefined","4962","4962","undefined","undefined","death","justice","BK","DB","MG_HIGH","US_HIGH","MG_HIGH_US_HIGH_death_justice_BK_DB","20","0","left","undefined","undefined","undefined"
"1bcc79bb-b72d-4ff1-b529-bd2de6959f95","p5_s0_tl","56","windowEvents","undefined","undefined","undefined","undefined","undefined","undefined","undefined","{""focus"":1,""input"":0,""keydown"":0,""keyup"":0,""mousemove"":15,""mousedown"":4,""mouseup"":1,""resize"":0,""scroll"":0,""visibility"":0}","undefined","undefined","undefined","undefined","undefined","undefined","undefined","undefined","undefined","undefined","undefined","undefined","undefined","undefined","undefined","undefined","undefined","undefined"
"1bcc79bb-b72d-4ff1-b529-bd2de6959f95","p5_s1_tl","57","choice","completed","undefined","undefined","undefined","100.00","undefined","","{""assignments"":{""concept_justice"":""BK"",""concept_death"":""DB""},""conceptA"":{""id"":""concept_death"",""text"":""death"",""chosenColorCode"":""DB""},""conceptB"":{""id"":""concept_justice"",""text"":""justice"",""chosenColorCode"":""BK""},""responseTime"":2965,""lastEditTime"":2965,""poolOrder"":1,""trialIndex"":22,""pairId"":""MG_HIGH_US_HIGH_death_justice_BK_DB"",""mgLevel"":""MG_HIGH"",""usLevel"":""US_HIGH"",""leftColorCode"":""DB"",""rightColorCode"":""BK"",""swapIndex"":1,""tallerSide"":""left"",""baseTall"":150,""baseShort"":100,""jitter"":5,""tallHeight"":149,""shortHeight"":101,""leftHeight"":149,""rightHeight"":101}","undefined","3500","3500","undefined","undefined","death","justice","BK","DB","MG_HIGH","US_HIGH","MG_HIGH_US_HIGH_death_justice_BK_DB","22","1","left","undefined","undefined","undefined"
"1bcc79bb-b72d-4ff1-b529-bd2de6959f95","p5_s1_tl","57","windowEvents","undefined","undefined","undefined","undefined","undefined","undefined","undefined","{""focus"":1,""input"":0,""keydown"":0,""keyup"":0,""mousemove"":15,""mousedown"":3,""mouseup"":1,""resize"":0,""scroll"":0,""visibility"":0}","undefined","undefined","undefined","undefined","undefined","undefined","undefined","undefined","undefined","undefined","undefined","undefined","undefined","undefined","undefined","undefined","undefined","undefined"
"1bcc79bb-b72d-4ff1-b529-bd2de6959f95","p3_s1_tl","58","choice","completed","undefined","undefined","undefined","100.00","undefined","","{""assignments"":{""concept_banana"":""MH"",""concept_peach"":""SR""},""conceptA"":{""id"":""concept_banana"",""text"":""banana"",""chosenColorCode"":""MH""},""conceptB"":{""id"":""concept_peach"",""text"":""peach"",""chosenColorCode"":""SR""},""responseTime"":3881,""lastEditTime"":3881,""poolOrder"":1,""trialIndex"":14,""pairId"":""MG_HIGH_US_HIGH_banana_peach_MH_SR"",""mgLevel"":""MG_HIGH"",""usLevel"":""US_HIGH"",""leftColorCode"":""SR"",""rightColorCode"":""MH"",""swapIndex"":1,""tallerSide"":""left"",""baseTall"":150,""baseShort"":100,""jitter"":5,""tallHeight"":153,""shortHeight"":98,""leftHeight"":153,""rightHeight"":98}","undefined","5166","5166","undefined","undefined","banana","peach","MH","SR","MG_HIGH","US_HIGH","MG_HIGH_US_HIGH_banana_peach_MH_SR","14","1","left","undefined","undefined","undefined"
"1bcc79bb-b72d-4ff1-b529-bd2de6959f95","p3_s1_tl","58","windowEvents","undefined","undefined","undefined","undefined","undefined","undefined","undefined","{""focus"":1,""input"":0,""keydown"":0,""keyup"":0,""mousemove"":18,""mousedown"":5,""mouseup"":2,""resize"":0,""scroll"":0,""visibility"":0}","undefined","undefined","undefined","undefined","undefined","undefined","undefined","undefined","undefined","undefined","undefined","undefined","undefined","undefined","undefined","undefined","undefined","undefined"
"1bcc79bb-b72d-4ff1-b529-bd2de6959f95","p6_s1_tl","59","choice","completed","undefined","undefined","undefined","100.00","undefined","","{""assignments"":{""concept_sad"":""DR"",""concept_happy"":""MC""},""conceptA"":{""id"":""concept_happy"",""text"":""happy"",""chosenColorCode"":""MC""},""conceptB"":{""id"":""concept_sad"",""text"":""sad"",""chosenColorCode"":""DR""},""responseTime"":25922,""lastEditTime"":25922,""poolOrder"":0,""trialIndex"":26,""pairId"":""MG_LOW_US_LOW_happy_sad_DR_MC"",""mgLevel"":""MG_LOW"",""usLevel"":""US_LOW"",""leftColorCode"":""MC"",""rightColorCode"":""DR"",""swapIndex"":1,""tallerSide"":""left"",""baseTall"":150,""baseShort"":100,""jitter"":5,""tallHeight"":150,""shortHeight"":97,""leftHeight"":150,""rightHeight"":97}","undefined","26600","26600","undefined","undefined","happy","sad","DR","MC","MG_LOW","US_LOW","MG_LOW_US_LOW_happy_sad_DR_MC","26","1","left","undefined","undefined","undefined"
"1bcc79bb-b72d-4ff1-b529-bd2de6959f95","p6_s1_tl","59","windowEvents","undefined","undefined","undefined","undefined","undefined","undefined","undefined","{""focus"":2,""input"":0,""keydown"":0,""keyup"":0,""mousemove"":22,""mousedown"":4,""mouseup"":1,""resize"":0,""scroll"":0,""visibility"":0}","undefined","undefined","undefined","undefined","undefined","undefined","undefined","undefined","undefined","undefined","undefined","undefined","undefined","undefined","undefined","undefined","undefined","undefined"
"1bcc79bb-b72d-4ff1-b529-bd2de6959f95","p4_s1_tr","60","choice","completed","undefined","undefined","undefined","100.00","undefined","","{""assignments"":{""concept_peace"":""LB"",""concept_death"":""DP""},""conceptA"":{""id"":""concept_death"",""text"":""death"",""chosenColorCode"":""DP""},""conceptB"":{""id"":""concept_peace"",""text"":""peace"",""chosenColorCode"":""LB""},""responseTime"":2989,""lastEditTime"":2989,""poolOrder"":1,""trialIndex"":19,""pairId"":""MG_HIGH_US_HIGH_death_peace_DP_LB"",""mgLevel"":""MG_HIGH"",""usLevel"":""US_HIGH"",""leftColorCode"":""LB"",""rightColorCode"":""DP"",""swapIndex"":1,""tallerSide"":""right"",""baseTall"":150,""baseShort"":100,""jitter"":5,""tallHeight"":150,""shortHeight"":96,""leftHeight"":96,""rightHeight"":150}","undefined","3445","3445","undefined","undefined","death","peace","DP","LB","MG_HIGH","US_HIGH","MG_HIGH_US_HIGH_death_peace_DP_LB","19","1","right","undefined","undefined","undefined"
"1bcc79bb-b72d-4ff1-b529-bd2de6959f95","p4_s1_tr","60","windowEvents","undefined","undefined","undefined","undefined","undefined","undefined","undefined","{""focus"":1,""input"":0,""keydown"":0,""keyup"":0,""mousemove"":14,""mousedown"":3,""mouseup"":1,""resize"":0,""scroll"":0,""visibility"":0}","undefined","undefined","undefined","undefined","undefined","undefined","undefined","undefined","undefined","undefined","undefined","undefined","undefined","undefined","undefined","undefined","undefined","undefined"
"1bcc79bb-b72d-4ff1-b529-bd2de6959f95","attention_2","61","choice","completed","undefined","undefined","undefined","100.00","undefined","","{""assignments"":{""concept_green"":""SG"",""concept_yellow"":""SY""},""conceptA"":{""id"":""concept_yellow"",""text"":""yellow"",""chosenColorCode"":""SY""},""conceptB"":{""id"":""concept_green"",""text"":""green"",""chosenColorCode"":""SG""},""responseTime"":2581,""lastEditTime"":2581,""poolOrder"":1,""trialIndex"":49,""pairId"":""ATTENTION_2_yellow_green_SY_SG"",""mgLevel"":""NA"",""usLevel"":""NA"",""leftColorCode"":""SY"",""rightColorCode"":""SG"",""swapIndex"":0,""tallerSide"":""right"",""baseTall"":150,""baseShort"":100,""jitter"":5,""tallHeight"":154,""shortHeight"":99,""leftHeight"":99,""rightHeight"":154}","undefined","3252","3252","undefined","undefined","yellow","green","SY","SG","NA","NA","ATTENTION_2_yellow_green_SY_SG","49","0","right","undefined","undefined","undefined"
"1bcc79bb-b72d-4ff1-b529-bd2de6959f95","attention_2","61","windowEvents","undefined","undefined","undefined","undefined","undefined","undefined","undefined","{""focus"":1,""input"":0,""keydown"":0,""keyup"":0,""mousemove"":13,""mousedown"":3,""mouseup"":1,""resize"":0,""scroll"":0,""visibility"":0}","undefined","undefined","undefined","undefined","undefined","undefined","undefined","undefined","undefined","undefined","undefined","undefined","undefined","undefined","undefined","undefined","undefined","undefined"
"1bcc79bb-b72d-4ff1-b529-bd2de6959f95","p0_s1_tl","62","choice","completed","undefined","undefined","undefined","100.00","undefined","","{""assignments"":{""concept_angry"":""MH"",""concept_happy"":""WH""},""conceptA"":{""id"":""concept_angry"",""text"":""angry"",""chosenColorCode"":""MH""},""conceptB"":{""id"":""concept_happy"",""text"":""happy"",""chosenColorCode"":""WH""},""responseTime"":3085,""lastEditTime"":3085,""poolOrder"":0,""trialIndex"":2,""pairId"":""MG_HIGH_US_LOW_angry_happy_MH_WH"",""mgLevel"":""MG_HIGH"",""usLevel"":""US_LOW"",""leftColorCode"":""WH"",""rightColorCode"":""MH"",""swapIndex"":1,""tallerSide"":""left"",""baseTall"":150,""baseShort"":100,""jitter"":5,""tallHeight"":148,""shortHeight"":102,""leftHeight"":148,""rightHeight"":102}","undefined","3940","3940","undefined","undefined","angry","happy","MH","WH","MG_HIGH","US_LOW","MG_HIGH_US_LOW_angry_happy_MH_WH","2","1","left","undefined","undefined","undefined"
"1bcc79bb-b72d-4ff1-b529-bd2de6959f95","p0_s1_tl","62","windowEvents","undefined","undefined","undefined","undefined","undefined","undefined","undefined","{""focus"":1,""input"":0,""keydown"":0,""keyup"":0,""mousemove"":12,""mousedown"":3,""mouseup"":1,""resize"":0,""scroll"":0,""visibility"":0}","undefined","undefined","undefined","undefined","undefined","undefined","undefined","undefined","undefined","undefined","undefined","undefined","undefined","undefined","undefined","undefined","undefined","undefined"
"1bcc79bb-b72d-4ff1-b529-bd2de6959f95","p11_s0_tl","63","choice","completed","undefined","undefined","undefined","100.00","undefined","","{""assignments"":{""concept_safety"":""SG"",""concept_justice"":""BK""},""conceptA"":{""id"":""concept_justice"",""text"":""justice"",""chosenColorCode"":""BK""},""conceptB"":{""id"":""concept_safety"",""text"":""safety"",""chosenColorCode"":""SG""},""responseTime"":1823,""lastEditTime"":1823,""poolOrder"":1,""trialIndex"":44,""pairId"":""MG_LOW_US_HIGH_justice_safety_BK_SG"",""mgLevel"":""MG_LOW"",""usLevel"":""US_HIGH"",""leftColorCode"":""BK"",""rightColorCode"":""SG"",""swapIndex"":0,""tallerSide"":""left"",""baseTall"":150,""baseShort"":100,""jitter"":5,""tallHeight"":149,""shortHeight"":100,""leftHeight"":149,""rightHeight"":100}","undefined","2500","2500","undefined","undefined","justice","safety","BK","SG","MG_LOW","US_HIGH","MG_LOW_US_HIGH_justice_safety_BK_SG","44","0","left","undefined","undefined","undefined"
"1bcc79bb-b72d-4ff1-b529-bd2de6959f95","p11_s0_tl","63","windowEvents","undefined","undefined","undefined","undefined","undefined","undefined","undefined","{""focus"":1,""input"":0,""keydown"":0,""keyup"":0,""mousemove"":11,""mousedown"":3,""mouseup"":1,""resize"":0,""scroll"":0,""visibility"":0}","undefined","undefined","undefined","undefined","undefined","undefined","undefined","undefined","undefined","undefined","undefined","undefined","undefined","undefined","undefined","undefined","undefined","undefined"
"1bcc79bb-b72d-4ff1-b529-bd2de6959f95","p8_s1_tr","64","choice","completed","undefined","undefined","undefined","100.00","undefined","","{""assignments"":{""concept_justice"":""MO"",""concept_peace"":""MC""},""conceptA"":{""id"":""concept_justice"",""text"":""justice"",""chosenColorCode"":""MO""},""conceptB"":{""id"":""concept_peace"",""text"":""peace"",""chosenColorCode"":""MC""},""responseTime"":5562,""lastEditTime"":5562,""poolOrder"":0,""trialIndex"":35,""pairId"":""MG_LOW_US_LOW_justice_peace_MC_MO"",""mgLevel"":""MG_LOW"",""usLevel"":""US_LOW"",""leftColorCode"":""MO"",""rightColorCode"":""MC"",""swapIndex"":1,""tallerSide"":""right"",""baseTall"":150,""baseShort"":100,""jitter"":5,""tallHeight"":154,""shortHeight"":104,""leftHeight"":104,""rightHeight"":154}","undefined","6206","6206","undefined","undefined","justice","peace","MC","MO","MG_LOW","US_LOW","MG_LOW_US_LOW_justice_peace_MC_MO","35","1","right","undefined","undefined","undefined"
"1bcc79bb-b72d-4ff1-b529-bd2de6959f95","p8_s1_tr","64","windowEvents","undefined","undefined","undefined","undefined","undefined","undefined","undefined","{""focus"":1,""input"":0,""keydown"":0,""keyup"":0,""mousemove"":19,""mousedown"":5,""mouseup"":1,""resize"":0,""scroll"":0,""visibility"":0}","undefined","undefined","undefined","undefined","undefined","undefined","undefined","undefined","undefined","undefined","undefined","undefined","undefined","undefined","undefined","undefined","undefined","undefined"
"1bcc79bb-b72d-4ff1-b529-bd2de6959f95","p7_s0_tl","65","choice","completed","undefined","undefined","undefined","100.00","undefined","","{""assignments"":{""concept_sick"":""DC"",""concept_sad"":""A3""},""conceptA"":{""id"":""concept_sad"",""text"":""sad"",""chosenColorCode"":""A3""},""conceptB"":{""id"":""concept_sick"",""text"":""sick"",""chosenColorCode"":""DC""},""responseTime"":5011,""lastEditTime"":5011,""poolOrder"":1,""trialIndex"":28,""pairId"":""MG_LOW_US_LOW_sad_sick_A3_DC"",""mgLevel"":""MG_LOW"",""usLevel"":""US_LOW"",""leftColorCode"":""A3"",""rightColorCode"":""DC"",""swapIndex"":0,""tallerSide"":""left"",""baseTall"":150,""baseShort"":100,""jitter"":5,""tallHeight"":146,""shortHeight"":103,""leftHeight"":146,""rightHeight"":103}","undefined","5955","5955","undefined","undefined","sad","sick","A3","DC","MG_LOW","US_LOW","MG_LOW_US_LOW_sad_sick_A3_DC","28","0","left","undefined","undefined","undefined"
"1bcc79bb-b72d-4ff1-b529-bd2de6959f95","p7_s0_tl","65","windowEvents","undefined","undefined","undefined","undefined","undefined","undefined","undefined","{""focus"":1,""input"":0,""keydown"":0,""keyup"":0,""mousemove"":19,""mousedown"":6,""mouseup"":1,""resize"":0,""scroll"":0,""visibility"":0}","undefined","undefined","undefined","undefined","undefined","undefined","undefined","undefined","undefined","undefined","undefined","undefined","undefined","undefined","undefined","undefined","undefined","undefined"
"1bcc79bb-b72d-4ff1-b529-bd2de6959f95","p5_s0_tr","66","choice","completed","undefined","undefined","undefined","100.00","undefined","","{""assignments"":{""concept_death"":""BK"",""concept_justice"":""DB""},""conceptA"":{""id"":""concept_death"",""text"":""death"",""chosenColorCode"":""BK""},""conceptB"":{""id"":""concept_justice"",""text"":""justice"",""chosenColorCode"":""DB""},""responseTime"":2247,""lastEditTime"":2247,""poolOrder"":1,""trialIndex"":21,""pairId"":""MG_HIGH_US_HIGH_death_justice_BK_DB"",""mgLevel"":""MG_HIGH"",""usLevel"":""US_HIGH"",""leftColorCode"":""BK"",""rightColorCode"":""DB"",""swapIndex"":0,""tallerSide"":""right"",""baseTall"":150,""baseShort"":100,""jitter"":5,""tallHeight"":150,""shortHeight"":98,""leftHeight"":98,""rightHeight"":150}","undefined","3121","3121","undefined","undefined","death","justice","BK","DB","MG_HIGH","US_HIGH","MG_HIGH_US_HIGH_death_justice_BK_DB","21","0","right","undefined","undefined","undefined"
"1bcc79bb-b72d-4ff1-b529-bd2de6959f95","p5_s0_tr","66","windowEvents","undefined","undefined","undefined","undefined","undefined","undefined","undefined","{""focus"":1,""input"":0,""keydown"":0,""keyup"":0,""mousemove"":12,""mousedown"":3,""mouseup"":1,""resize"":0,""scroll"":0,""visibility"":0}","undefined","undefined","undefined","undefined","undefined","undefined","undefined","undefined","undefined","undefined","undefined","undefined","undefined","undefined","undefined","undefined","undefined","undefined"
"1bcc79bb-b72d-4ff1-b529-bd2de6959f95","p2_s1_tr","67","choice","completed","undefined","undefined","undefined","100.00","undefined","","{""assignments"":{""concept_sick"":""SO"",""concept_happy"":""DP""},""conceptA"":{""id"":""concept_happy"",""text"":""happy"",""chosenColorCode"":""DP""},""conceptB"":{""id"":""concept_sick"",""text"":""sick"",""chosenColorCode"":""SO""},""responseTime"":11065,""lastEditTime"":11065,""poolOrder"":1,""trialIndex"":11,""pairId"":""MG_HIGH_US_LOW_happy_sick_DP_SO"",""mgLevel"":""MG_HIGH"",""usLevel"":""US_LOW"",""leftColorCode"":""SO"",""rightColorCode"":""DP"",""swapIndex"":1,""tallerSide"":""right"",""baseTall"":150,""baseShort"":100,""jitter"":5,""tallHeight"":153,""shortHeight"":102,""leftHeight"":102,""rightHeight"":153}","undefined","11853","11853","undefined","undefined","happy","sick","DP","SO","MG_HIGH","US_LOW","MG_HIGH_US_LOW_happy_sick_DP_SO","11","1","right","undefined","undefined","undefined"
"1bcc79bb-b72d-4ff1-b529-bd2de6959f95","p2_s1_tr","67","windowEvents","undefined","undefined","undefined","undefined","undefined","undefined","undefined","{""focus"":1,""input"":0,""keydown"":0,""keyup"":0,""mousemove"":25,""mousedown"":5,""mouseup"":2,""resize"":0,""scroll"":0,""visibility"":0}","undefined","undefined","undefined","undefined","undefined","undefined","undefined","undefined","undefined","undefined","undefined","undefined","undefined","undefined","undefined","undefined","undefined","undefined"
"1bcc79bb-b72d-4ff1-b529-bd2de6959f95","p9_s0_tl","68","choice","completed","undefined","undefined","undefined","100.00","undefined","","{""assignments"":{""concept_mango"":""MO"",""concept_banana"":""SY""},""conceptA"":{""id"":""concept_banana"",""text"":""banana"",""chosenColorCode"":""SY""},""conceptB"":{""id"":""concept_mango"",""text"":""mango"",""chosenColorCode"":""MO""},""responseTime"":3922,""lastEditTime"":3922,""poolOrder"":0,""trialIndex"":36,""pairId"":""MG_LOW_US_HIGH_banana_mango_MO_SY"",""mgLevel"":""MG_LOW"",""usLevel"":""US_HIGH"",""leftColorCode"":""MO"",""rightColorCode"":""SY"",""swapIndex"":0,""tallerSide"":""left"",""baseTall"":150,""baseShort"":100,""jitter"":5,""tallHeight"":154,""shortHeight"":100,""leftHeight"":154,""rightHeight"":100}","undefined","4695","4695","undefined","undefined","banana","mango","MO","SY","MG_LOW","US_HIGH","MG_LOW_US_HIGH_banana_mango_MO_SY","36","0","left","undefined","undefined","undefined"
"1bcc79bb-b72d-4ff1-b529-bd2de6959f95","p9_s0_tl","68","windowEvents","undefined","undefined","undefined","undefined","undefined","undefined","undefined","{""focus"":1,""input"":0,""keydown"":0,""keyup"":0,""mousemove"":21,""mousedown"":5,""mouseup"":2,""resize"":0,""scroll"":0,""visibility"":0}","undefined","undefined","undefined","undefined","undefined","undefined","undefined","undefined","undefined","undefined","undefined","undefined","undefined","undefined","undefined","undefined","undefined","undefined"
"1bcc79bb-b72d-4ff1-b529-bd2de6959f95","p0_s1_tr","69","choice","completed","undefined","undefined","undefined","100.00","undefined","","{""assignments"":{""concept_happy"":""WH"",""concept_angry"":""MH""},""conceptA"":{""id"":""concept_angry"",""text"":""angry"",""chosenColorCode"":""MH""},""conceptB"":{""id"":""concept_happy"",""text"":""happy"",""chosenColorCode"":""WH""},""responseTime"":1989,""lastEditTime"":1989,""poolOrder"":1,""trialIndex"":3,""pairId"":""MG_HIGH_US_LOW_angry_happy_MH_WH"",""mgLevel"":""MG_HIGH"",""usLevel"":""US_LOW"",""leftColorCode"":""WH"",""rightColorCode"":""MH"",""swapIndex"":1,""tallerSide"":""right"",""baseTall"":150,""baseShort"":100,""jitter"":5,""tallHeight"":153,""shortHeight"":99,""leftHeight"":99,""rightHeight"":153}","undefined","2693","2693","undefined","undefined","angry","happy","MH","WH","MG_HIGH","US_LOW","MG_HIGH_US_LOW_angry_happy_MH_WH","3","1","right","undefined","undefined","undefined"
"1bcc79bb-b72d-4ff1-b529-bd2de6959f95","p0_s1_tr","69","windowEvents","undefined","undefined","undefined","undefined","undefined","undefined","undefined","{""focus"":1,""input"":0,""keydown"":0,""keyup"":0,""mousemove"":12,""mousedown"":3,""mouseup"":1,""resize"":0,""scroll"":0,""visibility"":0}","undefined","undefined","undefined","undefined","undefined","undefined","undefined","undefined","undefined","undefined","undefined","undefined","undefined","undefined","undefined","undefined","undefined","undefined"
"1bcc79bb-b72d-4ff1-b529-bd2de6959f95","p1_s1_tr","70","choice","completed","undefined","undefined","undefined","100.00","undefined","","{""assignments"":{""concept_death"":""DP"",""concept_safety"":""DB""},""conceptA"":{""id"":""concept_death"",""text"":""death"",""chosenColorCode"":""DP""},""conceptB"":{""id"":""concept_safety"",""text"":""safety"",""chosenColorCode"":""DB""},""responseTime"":3351,""lastEditTime"":3351,""poolOrder"":0,""trialIndex"":7,""pairId"":""MG_HIGH_US_LOW_death_safety_DB_DP"",""mgLevel"":""MG_HIGH"",""usLevel"":""US_LOW"",""leftColorCode"":""DP"",""rightColorCode"":""DB"",""swapIndex"":1,""tallerSide"":""right"",""baseTall"":150,""baseShort"":100,""jitter"":5,""tallHeight"":147,""shortHeight"":99,""leftHeight"":99,""rightHeight"":147}","undefined","3830","3830","undefined","undefined","death","safety","DB","DP","MG_HIGH","US_LOW","MG_HIGH_US_LOW_death_safety_DB_DP","7","1","right","undefined","undefined","undefined"
"1bcc79bb-b72d-4ff1-b529-bd2de6959f95","p1_s1_tr","70","windowEvents","undefined","undefined","undefined","undefined","undefined","undefined","undefined","{""focus"":1,""input"":0,""keydown"":0,""keyup"":0,""mousemove"":11,""mousedown"":4,""mouseup"":1,""resize"":0,""scroll"":0,""visibility"":0}","undefined","undefined","undefined","undefined","undefined","undefined","undefined","undefined","undefined","undefined","undefined","undefined","undefined","undefined","undefined","undefined","undefined","undefined"
"1bcc79bb-b72d-4ff1-b529-bd2de6959f95","p0_s0_tl","71","choice","completed","undefined","undefined","undefined","100.00","undefined","","{""assignments"":{""concept_happy"":""WH"",""concept_angry"":""MH""},""conceptA"":{""id"":""concept_angry"",""text"":""angry"",""chosenColorCode"":""MH""},""conceptB"":{""id"":""concept_happy"",""text"":""happy"",""chosenColorCode"":""WH""},""responseTime"":2147,""lastEditTime"":2147,""poolOrder"":0,""trialIndex"":0,""pairId"":""MG_HIGH_US_LOW_angry_happy_MH_WH"",""mgLevel"":""MG_HIGH"",""usLevel"":""US_LOW"",""leftColorCode"":""MH"",""rightColorCode"":""WH"",""swapIndex"":0,""tallerSide"":""left"",""baseTall"":150,""baseShort"":100,""jitter"":5,""tallHeight"":146,""shortHeight"":101,""leftHeight"":146,""rightHeight"":101}","undefined","2793","2793","undefined","undefined","angry","happy","MH","WH","MG_HIGH","US_LOW","MG_HIGH_US_LOW_angry_happy_MH_WH","0","0","left","undefined","undefined","undefined"
"1bcc79bb-b72d-4ff1-b529-bd2de6959f95","p0_s0_tl","71","windowEvents","undefined","undefined","undefined","undefined","undefined","undefined","undefined","{""focus"":1,""input"":0,""keydown"":0,""keyup"":0,""mousemove"":9,""mousedown"":3,""mouseup"":1,""resize"":0,""scroll"":0,""visibility"":0}","undefined","undefined","undefined","undefined","undefined","undefined","undefined","undefined","undefined","undefined","undefined","undefined","undefined","undefined","undefined","undefined","undefined","undefined"
"1bcc79bb-b72d-4ff1-b529-bd2de6959f95","p9_s1_tl","72","choice","completed","undefined","undefined","undefined","100.00","undefined","","{""assignments"":{""concept_banana"":""SY"",""concept_mango"":""MO""},""conceptA"":{""id"":""concept_banana"",""text"":""banana"",""chosenColorCode"":""SY""},""conceptB"":{""id"":""concept_mango"",""text"":""mango"",""chosenColorCode"":""MO""},""responseTime"":2712,""lastEditTime"":2712,""poolOrder"":0,""trialIndex"":38,""pairId"":""MG_LOW_US_HIGH_banana_mango_MO_SY"",""mgLevel"":""MG_LOW"",""usLevel"":""US_HIGH"",""leftColorCode"":""SY"",""rightColorCode"":""MO"",""swapIndex"":1,""tallerSide"":""left"",""baseTall"":150,""baseShort"":100,""jitter"":5,""tallHeight"":145,""shortHeight"":102,""leftHeight"":145,""rightHeight"":102}","undefined","3292","3292","undefined","undefined","banana","mango","MO","SY","MG_LOW","US_HIGH","MG_LOW_US_HIGH_banana_mango_MO_SY","38","1","left","undefined","undefined","undefined"
"1bcc79bb-b72d-4ff1-b529-bd2de6959f95","p9_s1_tl","72","windowEvents","undefined","undefined","undefined","undefined","undefined","undefined","undefined","{""focus"":1,""input"":0,""keydown"":0,""keyup"":0,""mousemove"":12,""mousedown"":3,""mouseup"":1,""resize"":0,""scroll"":0,""visibility"":0}","undefined","undefined","undefined","undefined","undefined","undefined","undefined","undefined","undefined","undefined","undefined","undefined","undefined","undefined","undefined","undefined","undefined","undefined"
"1bcc79bb-b72d-4ff1-b529-bd2de6959f95","p10_s0_tr","73","choice","completed","undefined","undefined","undefined","100.00","undefined","","{""assignments"":{""concept_sick"":""MH"",""concept_angry"":""SC""},""conceptA"":{""id"":""concept_angry"",""text"":""angry"",""chosenColorCode"":""SC""},""conceptB"":{""id"":""concept_sick"",""text"":""sick"",""chosenColorCode"":""MH""},""responseTime"":4784,""lastEditTime"":4784,""poolOrder"":1,""trialIndex"":41,""pairId"":""MG_LOW_US_HIGH_angry_sick_MH_SC"",""mgLevel"":""MG_LOW"",""usLevel"":""US_HIGH"",""leftColorCode"":""MH"",""rightColorCode"":""SC"",""swapIndex"":0,""tallerSide"":""right"",""baseTall"":150,""baseShort"":100,""jitter"":5,""tallHeight"":147,""shortHeight"":103,""leftHeight"":103,""rightHeight"":147}","undefined","5482","5482","undefined","undefined","angry","sick","MH","SC","MG_LOW","US_HIGH","MG_LOW_US_HIGH_angry_sick_MH_SC","41","0","right","undefined","undefined","undefined"
"1bcc79bb-b72d-4ff1-b529-bd2de6959f95","p10_s0_tr","73","windowEvents","undefined","undefined","undefined","undefined","undefined","undefined","undefined","{""focus"":1,""input"":0,""keydown"":0,""keyup"":0,""mousemove"":17,""mousedown"":3,""mouseup"":1,""resize"":0,""scroll"":0,""visibility"":0}","undefined","undefined","undefined","undefined","undefined","undefined","undefined","undefined","undefined","undefined","undefined","undefined","undefined","undefined","undefined","undefined","undefined","undefined"
"1bcc79bb-b72d-4ff1-b529-bd2de6959f95","p11_s1_tr","74","choice","completed","undefined","undefined","undefined","100.00","undefined","","{""assignments"":{""concept_safety"":""SG"",""concept_justice"":""BK""},""conceptA"":{""id"":""concept_justice"",""text"":""justice"",""chosenColorCode"":""BK""},""conceptB"":{""id"":""concept_safety"",""text"":""safety"",""chosenColorCode"":""SG""},""responseTime"":2603,""lastEditTime"":2603,""poolOrder"":1,""trialIndex"":47,""pairId"":""MG_LOW_US_HIGH_justice_safety_BK_SG"",""mgLevel"":""MG_LOW"",""usLevel"":""US_HIGH"",""leftColorCode"":""SG"",""rightColorCode"":""BK"",""swapIndex"":1,""tallerSide"":""right"",""baseTall"":150,""baseShort"":100,""jitter"":5,""tallHeight"":150,""shortHeight"":104,""leftHeight"":104,""rightHeight"":150}","undefined","3320","3320","undefined","undefined","justice","safety","BK","SG","MG_LOW","US_HIGH","MG_LOW_US_HIGH_justice_safety_BK_SG","47","1","right","undefined","undefined","undefined"
"1bcc79bb-b72d-4ff1-b529-bd2de6959f95","p11_s1_tr","74","windowEvents","undefined","undefined","undefined","undefined","undefined","undefined","undefined","{""focus"":1,""input"":0,""keydown"":0,""keyup"":0,""mousemove"":14,""mousedown"":3,""mouseup"":1,""resize"":0,""scroll"":0,""visibility"":0}","undefined","undefined","undefined","undefined","undefined","undefined","undefined","undefined","undefined","undefined","undefined","undefined","undefined","undefined","undefined","undefined","undefined","undefined"
"1bcc79bb-b72d-4ff1-b529-bd2de6959f95","p8_s1_tl","75","choice","completed","undefined","undefined","undefined","100.00","undefined","","{""assignments"":{""concept_peace"":""MC"",""concept_justice"":""MO""},""conceptA"":{""id"":""concept_justice"",""text"":""justice"",""chosenColorCode"":""MO""},""conceptB"":{""id"":""concept_peace"",""text"":""peace"",""chosenColorCode"":""MC""},""responseTime"":3164,""lastEditTime"":3164,""poolOrder"":1,""trialIndex"":34,""pairId"":""MG_LOW_US_LOW_justice_peace_MC_MO"",""mgLevel"":""MG_LOW"",""usLevel"":""US_LOW"",""leftColorCode"":""MO"",""rightColorCode"":""MC"",""swapIndex"":1,""tallerSide"":""left"",""baseTall"":150,""baseShort"":100,""jitter"":5,""tallHeight"":151,""shortHeight"":95,""leftHeight"":151,""rightHeight"":95}","undefined","3969","3969","undefined","undefined","justice","peace","MC","MO","MG_LOW","US_LOW","MG_LOW_US_LOW_justice_peace_MC_MO","34","1","left","undefined","undefined","undefined"
"1bcc79bb-b72d-4ff1-b529-bd2de6959f95","p8_s1_tl","75","windowEvents","undefined","undefined","undefined","undefined","undefined","undefined","undefined","{""focus"":1,""input"":0,""keydown"":0,""keyup"":0,""mousemove"":13,""mousedown"":4,""mouseup"":1,""resize"":0,""scroll"":0,""visibility"":0}","undefined","undefined","undefined","undefined","undefined","undefined","undefined","undefined","undefined","undefined","undefined","undefined","undefined","undefined","undefined","undefined","undefined","undefined"
"1bcc79bb-b72d-4ff1-b529-bd2de6959f95","p2_s0_tr","76","choice","completed","undefined","undefined","undefined","100.00","undefined","","{""assignments"":{""concept_sick"":""SO"",""concept_happy"":""DP""},""conceptA"":{""id"":""concept_happy"",""text"":""happy"",""chosenColorCode"":""DP""},""conceptB"":{""id"":""concept_sick"",""text"":""sick"",""chosenColorCode"":""SO""},""responseTime"":1942,""lastEditTime"":1942,""poolOrder"":0,""trialIndex"":9,""pairId"":""MG_HIGH_US_LOW_happy_sick_DP_SO"",""mgLevel"":""MG_HIGH"",""usLevel"":""US_LOW"",""leftColorCode"":""DP"",""rightColorCode"":""SO"",""swapIndex"":0,""tallerSide"":""right"",""baseTall"":150,""baseShort"":100,""jitter"":5,""tallHeight"":151,""shortHeight"":104,""leftHeight"":104,""rightHeight"":151}","undefined","2484","2484","undefined","undefined","happy","sick","DP","SO","MG_HIGH","US_LOW","MG_HIGH_US_LOW_happy_sick_DP_SO","9","0","right","undefined","undefined","undefined"
"1bcc79bb-b72d-4ff1-b529-bd2de6959f95","p2_s0_tr","76","windowEvents","undefined","undefined","undefined","undefined","undefined","undefined","undefined","{""focus"":1,""input"":0,""keydown"":0,""keyup"":0,""mousemove"":12,""mousedown"":3,""mouseup"":1,""resize"":0,""scroll"":0,""visibility"":0}","undefined","undefined","undefined","undefined","undefined","undefined","undefined","undefined","undefined","undefined","undefined","undefined","undefined","undefined","undefined","undefined","undefined","undefined"
"1bcc79bb-b72d-4ff1-b529-bd2de6959f95","p0_s0_tr","77","choice","completed","undefined","undefined","undefined","100.00","undefined","","{""assignments"":{""concept_happy"":""WH"",""concept_angry"":""MH""},""conceptA"":{""id"":""concept_angry"",""text"":""angry"",""chosenColorCode"":""MH""},""conceptB"":{""id"":""concept_happy"",""text"":""happy"",""chosenColorCode"":""WH""},""responseTime"":1699,""lastEditTime"":1699,""poolOrder"":0,""trialIndex"":1,""pairId"":""MG_HIGH_US_LOW_angry_happy_MH_WH"",""mgLevel"":""MG_HIGH"",""usLevel"":""US_LOW"",""leftColorCode"":""MH"",""rightColorCode"":""WH"",""swapIndex"":0,""tallerSide"":""right"",""baseTall"":150,""baseShort"":100,""jitter"":5,""tallHeight"":146,""shortHeight"":95,""leftHeight"":95,""rightHeight"":146}","undefined","2512","2512","undefined","undefined","angry","happy","MH","WH","MG_HIGH","US_LOW","MG_HIGH_US_LOW_angry_happy_MH_WH","1","0","right","undefined","undefined","undefined"
"1bcc79bb-b72d-4ff1-b529-bd2de6959f95","p0_s0_tr","77","windowEvents","undefined","undefined","undefined","undefined","undefined","undefined","undefined","{""focus"":1,""input"":0,""keydown"":0,""keyup"":0,""mousemove"":11,""mousedown"":3,""mouseup"":1,""resize"":0,""scroll"":0,""visibility"":0}","undefined","undefined","undefined","undefined","undefined","undefined","undefined","undefined","undefined","undefined","undefined","undefined","undefined","undefined","undefined","undefined","undefined","undefined"
"1bcc79bb-b72d-4ff1-b529-bd2de6959f95","p3_s0_tr","78","choice","completed","undefined","undefined","undefined","100.00","undefined","","{""assignments"":{""concept_peach"":""SR"",""concept_banana"":""MH""},""conceptA"":{""id"":""concept_banana"",""text"":""banana"",""chosenColorCode"":""MH""},""conceptB"":{""id"":""concept_peach"",""text"":""peach"",""chosenColorCode"":""SR""},""responseTime"":3110,""lastEditTime"":3110,""poolOrder"":0,""trialIndex"":13,""pairId"":""MG_HIGH_US_HIGH_banana_peach_MH_SR"",""mgLevel"":""MG_HIGH"",""usLevel"":""US_HIGH"",""leftColorCode"":""MH"",""rightColorCode"":""SR"",""swapIndex"":0,""tallerSide"":""right"",""baseTall"":150,""baseShort"":100,""jitter"":5,""tallHeight"":146,""shortHeight"":102,""leftHeight"":102,""rightHeight"":146}","undefined","5186","5186","undefined","undefined","banana","peach","MH","SR","MG_HIGH","US_HIGH","MG_HIGH_US_HIGH_banana_peach_MH_SR","13","0","right","undefined","undefined","undefined"
"1bcc79bb-b72d-4ff1-b529-bd2de6959f95","p3_s0_tr","78","windowEvents","undefined","undefined","undefined","undefined","undefined","undefined","undefined","{""focus"":2,""input"":0,""keydown"":0,""keyup"":0,""mousemove"":21,""mousedown"":4,""mouseup"":2,""resize"":0,""scroll"":0,""visibility"":0}","undefined","undefined","undefined","undefined","undefined","undefined","undefined","undefined","undefined","undefined","undefined","undefined","undefined","undefined","undefined","undefined","undefined","undefined"
"1bcc79bb-b72d-4ff1-b529-bd2de6959f95","p6_s0_tl","79","choice","completed","undefined","undefined","undefined","100.00","undefined","","{""assignments"":{""concept_happy"":""MC"",""concept_sad"":""DR""},""conceptA"":{""id"":""concept_happy"",""text"":""happy"",""chosenColorCode"":""MC""},""conceptB"":{""id"":""concept_sad"",""text"":""sad"",""chosenColorCode"":""DR""},""responseTime"":4797,""lastEditTime"":4797,""poolOrder"":1,""trialIndex"":24,""pairId"":""MG_LOW_US_LOW_happy_sad_DR_MC"",""mgLevel"":""MG_LOW"",""usLevel"":""US_LOW"",""leftColorCode"":""DR"",""rightColorCode"":""MC"",""swapIndex"":0,""tallerSide"":""left"",""baseTall"":150,""baseShort"":100,""jitter"":5,""tallHeight"":149,""shortHeight"":102,""leftHeight"":149,""rightHeight"":102}","undefined","5864","5864","undefined","undefined","happy","sad","DR","MC","MG_LOW","US_LOW","MG_LOW_US_LOW_happy_sad_DR_MC","24","0","left","undefined","undefined","undefined"
"1bcc79bb-b72d-4ff1-b529-bd2de6959f95","p6_s0_tl","79","windowEvents","undefined","undefined","undefined","undefined","undefined","undefined","undefined","{""focus"":0,""input"":0,""keydown"":0,""keyup"":0,""mousemove"":18,""mousedown"":3,""mouseup"":1,""resize"":0,""scroll"":0,""visibility"":0}","undefined","undefined","undefined","undefined","undefined","undefined","undefined","undefined","undefined","undefined","undefined","undefined","undefined","undefined","undefined","undefined","undefined","undefined"
"1bcc79bb-b72d-4ff1-b529-bd2de6959f95","p10_s1_tl","80","choice","completed","undefined","undefined","undefined","100.00","undefined","","{""assignments"":{""concept_sick"":""MH"",""concept_angry"":""SC""},""conceptA"":{""id"":""concept_angry"",""text"":""angry"",""chosenColorCode"":""SC""},""conceptB"":{""id"":""concept_sick"",""text"":""sick"",""chosenColorCode"":""MH""},""responseTime"":3215,""lastEditTime"":3215,""poolOrder"":1,""trialIndex"":42,""pairId"":""MG_LOW_US_HIGH_angry_sick_MH_SC"",""mgLevel"":""MG_LOW"",""usLevel"":""US_HIGH"",""leftColorCode"":""SC"",""rightColorCode"":""MH"",""swapIndex"":1,""tallerSide"":""left"",""baseTall"":150,""baseShort"":100,""jitter"":5,""tallHeight"":153,""shortHeight"":96,""leftHeight"":153,""rightHeight"":96}","undefined","3805","3805","undefined","undefined","angry","sick","MH","SC","MG_LOW","US_HIGH","MG_LOW_US_HIGH_angry_sick_MH_SC","42","1","left","undefined","undefined","undefined"
"1bcc79bb-b72d-4ff1-b529-bd2de6959f95","p10_s1_tl","80","windowEvents","undefined","undefined","undefined","undefined","undefined","undefined","undefined","{""focus"":1,""input"":0,""keydown"":0,""keyup"":0,""mousemove"":16,""mousedown"":3,""mouseup"":1,""resize"":0,""scroll"":0,""visibility"":0}","undefined","undefined","undefined","undefined","undefined","undefined","undefined","undefined","undefined","undefined","undefined","undefined","undefined","undefined","undefined","undefined","undefined","undefined"
"1bcc79bb-b72d-4ff1-b529-bd2de6959f95","p11_s0_tr","81","choice","completed","undefined","undefined","undefined","100.00","undefined","","{""assignments"":{""concept_justice"":""BK"",""concept_safety"":""SG""},""conceptA"":{""id"":""concept_justice"",""text"":""justice"",""chosenColorCode"":""BK""},""conceptB"":{""id"":""concept_safety"",""text"":""safety"",""chosenColorCode"":""SG""},""responseTime"":2434,""lastEditTime"":2434,""poolOrder"":1,""trialIndex"":45,""pairId"":""MG_LOW_US_HIGH_justice_safety_BK_SG"",""mgLevel"":""MG_LOW"",""usLevel"":""US_HIGH"",""leftColorCode"":""BK"",""rightColorCode"":""SG"",""swapIndex"":0,""tallerSide"":""right"",""baseTall"":150,""baseShort"":100,""jitter"":5,""tallHeight"":145,""shortHeight"":98,""leftHeight"":98,""rightHeight"":145}","undefined","2936","2936","undefined","undefined","justice","safety","BK","SG","MG_LOW","US_HIGH","MG_LOW_US_HIGH_justice_safety_BK_SG","45","0","right","undefined","undefined","undefined"
"1bcc79bb-b72d-4ff1-b529-bd2de6959f95","p11_s0_tr","81","windowEvents","undefined","undefined","undefined","undefined","undefined","undefined","undefined","{""focus"":1,""input"":0,""keydown"":0,""keyup"":0,""mousemove"":12,""mousedown"":3,""mouseup"":1,""resize"":0,""scroll"":0,""visibility"":0}","undefined","undefined","undefined","undefined","undefined","undefined","undefined","undefined","undefined","undefined","undefined","undefined","undefined","undefined","undefined","undefined","undefined","undefined"
"1bcc79bb-b72d-4ff1-b529-bd2de6959f95","p5_s1_tr","82","choice","completed","undefined","undefined","undefined","100.00","undefined","","{""assignments"":{""concept_death"":""BK"",""concept_justice"":""DB""},""conceptA"":{""id"":""concept_death"",""text"":""death"",""chosenColorCode"":""BK""},""conceptB"":{""id"":""concept_justice"",""text"":""justice"",""chosenColorCode"":""DB""},""responseTime"":2650,""lastEditTime"":6129,""poolOrder"":1,""trialIndex"":23,""pairId"":""MG_HIGH_US_HIGH_death_justice_BK_DB"",""mgLevel"":""MG_HIGH"",""usLevel"":""US_HIGH"",""leftColorCode"":""DB"",""rightColorCode"":""BK"",""swapIndex"":1,""tallerSide"":""right"",""baseTall"":150,""baseShort"":100,""jitter"":5,""tallHeight"":150,""shortHeight"":98,""leftHeight"":98,""rightHeight"":150}","undefined","6944","6944","undefined","undefined","death","justice","BK","DB","MG_HIGH","US_HIGH","MG_HIGH_US_HIGH_death_justice_BK_DB","23","1","right","undefined","undefined","undefined"
"1bcc79bb-b72d-4ff1-b529-bd2de6959f95","p5_s1_tr","82","windowEvents","undefined","undefined","undefined","undefined","undefined","undefined","undefined","{""focus"":2,""input"":0,""keydown"":0,""keyup"":0,""mousemove"":22,""mousedown"":8,""mouseup"":2,""resize"":0,""scroll"":0,""visibility"":0}","undefined","undefined","undefined","undefined","undefined","undefined","undefined","undefined","undefined","undefined","undefined","undefined","undefined","undefined","undefined","undefined","undefined","undefined"
"1bcc79bb-b72d-4ff1-b529-bd2de6959f95","p4_s0_tr","83","choice","completed","undefined","undefined","undefined","100.00","undefined","","{""assignments"":{""concept_death"":""DP"",""concept_peace"":""LB""},""conceptA"":{""id"":""concept_death"",""text"":""death"",""chosenColorCode"":""DP""},""conceptB"":{""id"":""concept_peace"",""text"":""peace"",""chosenColorCode"":""LB""},""responseTime"":3576,""lastEditTime"":3576,""poolOrder"":1,""trialIndex"":17,""pairId"":""MG_HIGH_US_HIGH_death_peace_DP_LB"",""mgLevel"":""MG_HIGH"",""usLevel"":""US_HIGH"",""leftColorCode"":""DP"",""rightColorCode"":""LB"",""swapIndex"":0,""tallerSide"":""right"",""baseTall"":150,""baseShort"":100,""jitter"":5,""tallHeight"":152,""shortHeight"":101,""leftHeight"":101,""rightHeight"":152}","undefined","4429","4429","undefined","undefined","death","peace","DP","LB","MG_HIGH","US_HIGH","MG_HIGH_US_HIGH_death_peace_DP_LB","17","0","right","undefined","undefined","undefined"
"1bcc79bb-b72d-4ff1-b529-bd2de6959f95","p4_s0_tr","83","windowEvents","undefined","undefined","undefined","undefined","undefined","undefined","undefined","{""focus"":1,""input"":0,""keydown"":0,""keyup"":0,""mousemove"":18,""mousedown"":3,""mouseup"":1,""resize"":0,""scroll"":0,""visibility"":0}","undefined","undefined","undefined","undefined","undefined","undefined","undefined","undefined","undefined","undefined","undefined","undefined","undefined","undefined","undefined","undefined","undefined","undefined"
"1bcc79bb-b72d-4ff1-b529-bd2de6959f95","p8_s0_tr","84","choice","completed","undefined","undefined","undefined","100.00","undefined","","{""assignments"":{""concept_justice"":""MO"",""concept_peace"":""MC""},""conceptA"":{""id"":""concept_justice"",""text"":""justice"",""chosenColorCode"":""MO""},""conceptB"":{""id"":""concept_peace"",""text"":""peace"",""chosenColorCode"":""MC""},""responseTime"":4506,""lastEditTime"":4506,""poolOrder"":0,""trialIndex"":33,""pairId"":""MG_LOW_US_LOW_justice_peace_MC_MO"",""mgLevel"":""MG_LOW"",""usLevel"":""US_LOW"",""leftColorCode"":""MC"",""rightColorCode"":""MO"",""swapIndex"":0,""tallerSide"":""right"",""baseTall"":150,""baseShort"":100,""jitter"":5,""tallHeight"":145,""shortHeight"":96,""leftHeight"":96,""rightHeight"":145}","undefined","5241","5241","undefined","undefined","justice","peace","MC","MO","MG_LOW","US_LOW","MG_LOW_US_LOW_justice_peace_MC_MO","33","0","right","undefined","undefined","undefined"
"1bcc79bb-b72d-4ff1-b529-bd2de6959f95","p8_s0_tr","84","windowEvents","undefined","undefined","undefined","undefined","undefined","undefined","undefined","{""focus"":1,""input"":0,""keydown"":0,""keyup"":0,""mousemove"":12,""mousedown"":3,""mouseup"":1,""resize"":0,""scroll"":0,""visibility"":0}","undefined","undefined","undefined","undefined","undefined","undefined","undefined","undefined","undefined","undefined","undefined","undefined","undefined","undefined","undefined","undefined","undefined","undefined"
"1bcc79bb-b72d-4ff1-b529-bd2de6959f95","p3_s0_tl","85","choice","completed","undefined","undefined","undefined","100.00","undefined","","{""assignments"":{""concept_banana"":""MH"",""concept_peach"":""SR""},""conceptA"":{""id"":""concept_banana"",""text"":""banana"",""chosenColorCode"":""MH""},""conceptB"":{""id"":""concept_peach"",""text"":""peach"",""chosenColorCode"":""SR""},""responseTime"":2211,""lastEditTime"":2211,""poolOrder"":0,""trialIndex"":12,""pairId"":""MG_HIGH_US_HIGH_banana_peach_MH_SR"",""mgLevel"":""MG_HIGH"",""usLevel"":""US_HIGH"",""leftColorCode"":""MH"",""rightColorCode"":""SR"",""swapIndex"":0,""tallerSide"":""left"",""baseTall"":150,""baseShort"":100,""jitter"":5,""tallHeight"":150,""shortHeight"":97,""leftHeight"":150,""rightHeight"":97}","undefined","2783","2783","undefined","undefined","banana","peach","MH","SR","MG_HIGH","US_HIGH","MG_HIGH_US_HIGH_banana_peach_MH_SR","12","0","left","undefined","undefined","undefined"
"1bcc79bb-b72d-4ff1-b529-bd2de6959f95","p3_s0_tl","85","windowEvents","undefined","undefined","undefined","undefined","undefined","undefined","undefined","{""focus"":1,""input"":0,""keydown"":0,""keyup"":0,""mousemove"":13,""mousedown"":3,""mouseup"":1,""resize"":0,""scroll"":0,""visibility"":0}","undefined","undefined","undefined","undefined","undefined","undefined","undefined","undefined","undefined","undefined","undefined","undefined","undefined","undefined","undefined","undefined","undefined","undefined"
"1bcc79bb-b72d-4ff1-b529-bd2de6959f95","p6_s0_tr","86","choice","completed","undefined","undefined","undefined","100.00","undefined","","{""assignments"":{""concept_happy"":""MC"",""concept_sad"":""DR""},""conceptA"":{""id"":""concept_happy"",""text"":""happy"",""chosenColorCode"":""MC""},""conceptB"":{""id"":""concept_sad"",""text"":""sad"",""chosenColorCode"":""DR""},""responseTime"":5029,""lastEditTime"":5029,""poolOrder"":0,""trialIndex"":25,""pairId"":""MG_LOW_US_LOW_happy_sad_DR_MC"",""mgLevel"":""MG_LOW"",""usLevel"":""US_LOW"",""leftColorCode"":""DR"",""rightColorCode"":""MC"",""swapIndex"":0,""tallerSide"":""right"",""baseTall"":150,""baseShort"":100,""jitter"":5,""tallHeight"":155,""shortHeight"":103,""leftHeight"":103,""rightHeight"":155}","undefined","6481","6481","undefined","undefined","happy","sad","DR","MC","MG_LOW","US_LOW","MG_LOW_US_LOW_happy_sad_DR_MC","25","0","right","undefined","undefined","undefined"
"1bcc79bb-b72d-4ff1-b529-bd2de6959f95","p6_s0_tr","86","windowEvents","undefined","undefined","undefined","undefined","undefined","undefined","undefined","{""focus"":2,""input"":0,""keydown"":0,""keyup"":0,""mousemove"":26,""mousedown"":4,""mouseup"":2,""resize"":0,""scroll"":0,""visibility"":0}","undefined","undefined","undefined","undefined","undefined","undefined","undefined","undefined","undefined","undefined","undefined","undefined","undefined","undefined","undefined","undefined","undefined","undefined"
"1bcc79bb-b72d-4ff1-b529-bd2de6959f95","p2_s0_tl","87","choice","completed","undefined","undefined","undefined","100.00","undefined","","{""assignments"":{""concept_happy"":""SO"",""concept_sick"":""DP""},""conceptA"":{""id"":""concept_happy"",""text"":""happy"",""chosenColorCode"":""SO""},""conceptB"":{""id"":""concept_sick"",""text"":""sick"",""chosenColorCode"":""DP""},""responseTime"":4465,""lastEditTime"":4465,""poolOrder"":0,""trialIndex"":8,""pairId"":""MG_HIGH_US_LOW_happy_sick_DP_SO"",""mgLevel"":""MG_HIGH"",""usLevel"":""US_LOW"",""leftColorCode"":""DP"",""rightColorCode"":""SO"",""swapIndex"":0,""tallerSide"":""left"",""baseTall"":150,""baseShort"":100,""jitter"":5,""tallHeight"":151,""shortHeight"":101,""leftHeight"":151,""rightHeight"":101}","undefined","5130","5130","undefined","undefined","happy","sick","DP","SO","MG_HIGH","US_LOW","MG_HIGH_US_LOW_happy_sick_DP_SO","8","0","left","undefined","undefined","undefined"
"1bcc79bb-b72d-4ff1-b529-bd2de6959f95","p2_s0_tl","87","windowEvents","undefined","undefined","undefined","undefined","undefined","undefined","undefined","{""focus"":0,""input"":0,""keydown"":0,""keyup"":0,""mousemove"":15,""mousedown"":4,""mouseup"":1,""resize"":0,""scroll"":0,""visibility"":0}","undefined","undefined","undefined","undefined","undefined","undefined","undefined","undefined","undefined","undefined","undefined","undefined","undefined","undefined","undefined","undefined","undefined","undefined"
"1bcc79bb-b72d-4ff1-b529-bd2de6959f95","p3_s1_tr","88","choice","completed","undefined","undefined","undefined","100.00","undefined","","{""assignments"":{""concept_peach"":""SR"",""concept_banana"":""MH""},""conceptA"":{""id"":""concept_banana"",""text"":""banana"",""chosenColorCode"":""MH""},""conceptB"":{""id"":""concept_peach"",""text"":""peach"",""chosenColorCode"":""SR""},""responseTime"":4172,""lastEditTime"":4172,""poolOrder"":0,""trialIndex"":15,""pairId"":""MG_HIGH_US_HIGH_banana_peach_MH_SR"",""mgLevel"":""MG_HIGH"",""usLevel"":""US_HIGH"",""leftColorCode"":""SR"",""rightColorCode"":""MH"",""swapIndex"":1,""tallerSide"":""right"",""baseTall"":150,""baseShort"":100,""jitter"":5,""tallHeight"":147,""shortHeight"":97,""leftHeight"":97,""rightHeight"":147}","undefined","5490","5490","undefined","undefined","banana","peach","MH","SR","MG_HIGH","US_HIGH","MG_HIGH_US_HIGH_banana_peach_MH_SR","15","1","right","undefined","undefined","undefined"
"1bcc79bb-b72d-4ff1-b529-bd2de6959f95","p3_s1_tr","88","windowEvents","undefined","undefined","undefined","undefined","undefined","undefined","undefined","{""focus"":1,""input"":0,""keydown"":0,""keyup"":0,""mousemove"":19,""mousedown"":4,""mouseup"":2,""resize"":0,""scroll"":0,""visibility"":0}","undefined","undefined","undefined","undefined","undefined","undefined","undefined","undefined","undefined","undefined","undefined","undefined","undefined","undefined","undefined","undefined","undefined","undefined"
"1bcc79bb-b72d-4ff1-b529-bd2de6959f95","p7_s1_tl","89","choice","completed","undefined","undefined","undefined","100.00","undefined","","{""assignments"":{""concept_sad"":""DC"",""concept_sick"":""A3""},""conceptA"":{""id"":""concept_sad"",""text"":""sad"",""chosenColorCode"":""DC""},""conceptB"":{""id"":""concept_sick"",""text"":""sick"",""chosenColorCode"":""A3""},""responseTime"":6919,""lastEditTime"":6919,""poolOrder"":1,""trialIndex"":30,""pairId"":""MG_LOW_US_LOW_sad_sick_A3_DC"",""mgLevel"":""MG_LOW"",""usLevel"":""US_LOW"",""leftColorCode"":""DC"",""rightColorCode"":""A3"",""swapIndex"":1,""tallerSide"":""left"",""baseTall"":150,""baseShort"":100,""jitter"":5,""tallHeight"":153,""shortHeight"":104,""leftHeight"":153,""rightHeight"":104}","undefined","7668","7668","undefined","undefined","sad","sick","A3","DC","MG_LOW","US_LOW","MG_LOW_US_LOW_sad_sick_A3_DC","30","1","left","undefined","undefined","undefined"
"1bcc79bb-b72d-4ff1-b529-bd2de6959f95","p7_s1_tl","89","windowEvents","undefined","undefined","undefined","undefined","undefined","undefined","undefined","{""focus"":1,""input"":0,""keydown"":0,""keyup"":0,""mousemove"":28,""mousedown"":6,""mouseup"":1,""resize"":0,""scroll"":0,""visibility"":0}","undefined","undefined","undefined","undefined","undefined","undefined","undefined","undefined","undefined","undefined","undefined","undefined","undefined","undefined","undefined","undefined","undefined","undefined"
"1bcc79bb-b72d-4ff1-b529-bd2de6959f95","p11_s1_tl","90","choice","completed","undefined","undefined","undefined","100.00","undefined","","{""assignments"":{""concept_justice"":""BK"",""concept_safety"":""SG""},""conceptA"":{""id"":""concept_justice"",""text"":""justice"",""chosenColorCode"":""BK""},""conceptB"":{""id"":""concept_safety"",""text"":""safety"",""chosenColorCode"":""SG""},""responseTime"":5253,""lastEditTime"":5253,""poolOrder"":0,""trialIndex"":46,""pairId"":""MG_LOW_US_HIGH_justice_safety_BK_SG"",""mgLevel"":""MG_LOW"",""usLevel"":""US_HIGH"",""leftColorCode"":""SG"",""rightColorCode"":""BK"",""swapIndex"":1,""tallerSide"":""left"",""baseTall"":150,""baseShort"":100,""jitter"":5,""tallHeight"":146,""shortHeight"":98,""leftHeight"":146,""rightHeight"":98}","undefined","5954","5954","undefined","undefined","justice","safety","BK","SG","MG_LOW","US_HIGH","MG_LOW_US_HIGH_justice_safety_BK_SG","46","1","left","undefined","undefined","undefined"
"1bcc79bb-b72d-4ff1-b529-bd2de6959f95","p11_s1_tl","90","windowEvents","undefined","undefined","undefined","undefined","undefined","undefined","undefined","{""focus"":1,""input"":0,""keydown"":0,""keyup"":0,""mousemove"":20,""mousedown"":5,""mouseup"":2,""resize"":0,""scroll"":0,""visibility"":0}","undefined","undefined","undefined","undefined","undefined","undefined","undefined","undefined","undefined","undefined","undefined","undefined","undefined","undefined","undefined","undefined","undefined","undefined"
"1bcc79bb-b72d-4ff1-b529-bd2de6959f95","p1_s1_tl","91","choice","completed","undefined","undefined","undefined","100.00","undefined","","{""assignments"":{""concept_death"":""DP"",""concept_safety"":""DB""},""conceptA"":{""id"":""concept_death"",""text"":""death"",""chosenColorCode"":""DP""},""conceptB"":{""id"":""concept_safety"",""text"":""safety"",""chosenColorCode"":""DB""},""responseTime"":4107,""lastEditTime"":4107,""poolOrder"":0,""trialIndex"":6,""pairId"":""MG_HIGH_US_LOW_death_safety_DB_DP"",""mgLevel"":""MG_HIGH"",""usLevel"":""US_LOW"",""leftColorCode"":""DP"",""rightColorCode"":""DB"",""swapIndex"":1,""tallerSide"":""left"",""baseTall"":150,""baseShort"":100,""jitter"":5,""tallHeight"":152,""shortHeight"":101,""leftHeight"":152,""rightHeight"":101}","undefined","4779","4779","undefined","undefined","death","safety","DB","DP","MG_HIGH","US_LOW","MG_HIGH_US_LOW_death_safety_DB_DP","6","1","left","undefined","undefined","undefined"
"1bcc79bb-b72d-4ff1-b529-bd2de6959f95","p1_s1_tl","91","windowEvents","undefined","undefined","undefined","undefined","undefined","undefined","undefined","{""focus"":1,""input"":0,""keydown"":0,""keyup"":0,""mousemove"":13,""mousedown"":4,""mouseup"":1,""resize"":0,""scroll"":0,""visibility"":0}","undefined","undefined","undefined","undefined","undefined","undefined","undefined","undefined","undefined","undefined","undefined","undefined","undefined","undefined","undefined","undefined","undefined","undefined"
"1bcc79bb-b72d-4ff1-b529-bd2de6959f95","p2_s1_tl","92","choice","completed","undefined","undefined","undefined","100.00","undefined","","{""assignments"":{""concept_sick"":""SO"",""concept_happy"":""DP""},""conceptA"":{""id"":""concept_happy"",""text"":""happy"",""chosenColorCode"":""DP""},""conceptB"":{""id"":""concept_sick"",""text"":""sick"",""chosenColorCode"":""SO""},""responseTime"":4706,""lastEditTime"":4706,""poolOrder"":0,""trialIndex"":10,""pairId"":""MG_HIGH_US_LOW_happy_sick_DP_SO"",""mgLevel"":""MG_HIGH"",""usLevel"":""US_LOW"",""leftColorCode"":""SO"",""rightColorCode"":""DP"",""swapIndex"":1,""tallerSide"":""left"",""baseTall"":150,""baseShort"":100,""jitter"":5,""tallHeight"":150,""shortHeight"":97,""leftHeight"":150,""rightHeight"":97}","undefined","5461","5461","undefined","undefined","happy","sick","DP","SO","MG_HIGH","US_LOW","MG_HIGH_US_LOW_happy_sick_DP_SO","10","1","left","undefined","undefined","undefined"
"1bcc79bb-b72d-4ff1-b529-bd2de6959f95","p2_s1_tl","92","windowEvents","undefined","undefined","undefined","undefined","undefined","undefined","undefined","{""focus"":1,""input"":0,""keydown"":0,""keyup"":0,""mousemove"":20,""mousedown"":3,""mouseup"":1,""resize"":0,""scroll"":0,""visibility"":0}","undefined","undefined","undefined","undefined","undefined","undefined","undefined","undefined","undefined","undefined","undefined","undefined","undefined","undefined","undefined","undefined","undefined","undefined"
"1bcc79bb-b72d-4ff1-b529-bd2de6959f95","p4_s1_tl","93","choice","completed","undefined","undefined","undefined","100.00","undefined","","{""assignments"":{""concept_death"":""DP"",""concept_peace"":""LB""},""conceptA"":{""id"":""concept_death"",""text"":""death"",""chosenColorCode"":""DP""},""conceptB"":{""id"":""concept_peace"",""text"":""peace"",""chosenColorCode"":""LB""},""responseTime"":2856,""lastEditTime"":2856,""poolOrder"":0,""trialIndex"":18,""pairId"":""MG_HIGH_US_HIGH_death_peace_DP_LB"",""mgLevel"":""MG_HIGH"",""usLevel"":""US_HIGH"",""leftColorCode"":""LB"",""rightColorCode"":""DP"",""swapIndex"":1,""tallerSide"":""left"",""baseTall"":150,""baseShort"":100,""jitter"":5,""tallHeight"":149,""shortHeight"":97,""leftHeight"":149,""rightHeight"":97}","undefined","3571","3571","undefined","undefined","death","peace","DP","LB","MG_HIGH","US_HIGH","MG_HIGH_US_HIGH_death_peace_DP_LB","18","1","left","undefined","undefined","undefined"
"1bcc79bb-b72d-4ff1-b529-bd2de6959f95","p4_s1_tl","93","windowEvents","undefined","undefined","undefined","undefined","undefined","undefined","undefined","{""focus"":1,""input"":0,""keydown"":0,""keyup"":0,""mousemove"":13,""mousedown"":3,""mouseup"":1,""resize"":0,""scroll"":0,""visibility"":0}","undefined","undefined","undefined","undefined","undefined","undefined","undefined","undefined","undefined","undefined","undefined","undefined","undefined","undefined","undefined","undefined","undefined","undefined"
"1bcc79bb-b72d-4ff1-b529-bd2de6959f95","p9_s0_tr","94","choice","completed","undefined","undefined","undefined","100.00","undefined","","{""assignments"":{""concept_banana"":""SY"",""concept_mango"":""MO""},""conceptA"":{""id"":""concept_banana"",""text"":""banana"",""chosenColorCode"":""SY""},""conceptB"":{""id"":""concept_mango"",""text"":""mango"",""chosenColorCode"":""MO""},""responseTime"":2767,""lastEditTime"":2767,""poolOrder"":0,""trialIndex"":37,""pairId"":""MG_LOW_US_HIGH_banana_mango_MO_SY"",""mgLevel"":""MG_LOW"",""usLevel"":""US_HIGH"",""leftColorCode"":""MO"",""rightColorCode"":""SY"",""swapIndex"":0,""tallerSide"":""right"",""baseTall"":150,""baseShort"":100,""jitter"":5,""tallHeight"":154,""shortHeight"":101,""leftHeight"":101,""rightHeight"":154}","undefined","3262","3262","undefined","undefined","banana","mango","MO","SY","MG_LOW","US_HIGH","MG_LOW_US_HIGH_banana_mango_MO_SY","37","0","right","undefined","undefined","undefined"
"1bcc79bb-b72d-4ff1-b529-bd2de6959f95","p9_s0_tr","94","windowEvents","undefined","undefined","undefined","undefined","undefined","undefined","undefined","{""focus"":1,""input"":0,""keydown"":0,""keyup"":0,""mousemove"":12,""mousedown"":3,""mouseup"":1,""resize"":0,""scroll"":0,""visibility"":0}","undefined","undefined","undefined","undefined","undefined","undefined","undefined","undefined","undefined","undefined","undefined","undefined","undefined","undefined","undefined","undefined","undefined","undefined"
"1bcc79bb-b72d-4ff1-b529-bd2de6959f95","p1_s0_tr","95","choice","completed","undefined","undefined","undefined","100.00","undefined","","{""assignments"":{""concept_death"":""DP"",""concept_safety"":""DB""},""conceptA"":{""id"":""concept_death"",""text"":""death"",""chosenColorCode"":""DP""},""conceptB"":{""id"":""concept_safety"",""text"":""safety"",""chosenColorCode"":""DB""},""responseTime"":3257,""lastEditTime"":3257,""poolOrder"":0,""trialIndex"":5,""pairId"":""MG_HIGH_US_LOW_death_safety_DB_DP"",""mgLevel"":""MG_HIGH"",""usLevel"":""US_LOW"",""leftColorCode"":""DB"",""rightColorCode"":""DP"",""swapIndex"":0,""tallerSide"":""right"",""baseTall"":150,""baseShort"":100,""jitter"":5,""tallHeight"":153,""shortHeight"":96,""leftHeight"":96,""rightHeight"":153}","undefined","3757","3757","undefined","undefined","death","safety","DB","DP","MG_HIGH","US_LOW","MG_HIGH_US_LOW_death_safety_DB_DP","5","0","right","undefined","undefined","undefined"
"1bcc79bb-b72d-4ff1-b529-bd2de6959f95","p1_s0_tr","95","windowEvents","undefined","undefined","undefined","undefined","undefined","undefined","undefined","{""focus"":1,""input"":0,""keydown"":0,""keyup"":0,""mousemove"":11,""mousedown"":3,""mouseup"":1,""resize"":0,""scroll"":0,""visibility"":0}","undefined","undefined","undefined","undefined","undefined","undefined","undefined","undefined","undefined","undefined","undefined","undefined","undefined","undefined","undefined","undefined","undefined","undefined"
"1bcc79bb-b72d-4ff1-b529-bd2de6959f95","p7_s1_tr","96","choice","completed","undefined","undefined","undefined","100.00","undefined","","{""assignments"":{""concept_sad"":""A3"",""concept_sick"":""DC""},""conceptA"":{""id"":""concept_sad"",""text"":""sad"",""chosenColorCode"":""A3""},""conceptB"":{""id"":""concept_sick"",""text"":""sick"",""chosenColorCode"":""DC""},""responseTime"":2888,""lastEditTime"":2888,""poolOrder"":1,""trialIndex"":31,""pairId"":""MG_LOW_US_LOW_sad_sick_A3_DC"",""mgLevel"":""MG_LOW"",""usLevel"":""US_LOW"",""leftColorCode"":""DC"",""rightColorCode"":""A3"",""swapIndex"":1,""tallerSide"":""right"",""baseTall"":150,""baseShort"":100,""jitter"":5,""tallHeight"":153,""shortHeight"":102,""leftHeight"":102,""rightHeight"":153}","undefined","4011","4011","undefined","undefined","sad","sick","A3","DC","MG_LOW","US_LOW","MG_LOW_US_LOW_sad_sick_A3_DC","31","1","right","undefined","undefined","undefined"
"1bcc79bb-b72d-4ff1-b529-bd2de6959f95","p7_s1_tr","96","windowEvents","undefined","undefined","undefined","undefined","undefined","undefined","undefined","{""focus"":1,""input"":0,""keydown"":0,""keyup"":0,""mousemove"":14,""mousedown"":3,""mouseup"":1,""resize"":0,""scroll"":0,""visibility"":0}","undefined","undefined","undefined","undefined","undefined","undefined","undefined","undefined","undefined","undefined","undefined","undefined","undefined","undefined","undefined","undefined","undefined","undefined"
"1bcc79bb-b72d-4ff1-b529-bd2de6959f95","p9_s1_tr","97","choice","completed","undefined","undefined","undefined","100.00","undefined","","{""assignments"":{""concept_banana"":""SY"",""concept_mango"":""MO""},""conceptA"":{""id"":""concept_banana"",""text"":""banana"",""chosenColorCode"":""SY""},""conceptB"":{""id"":""concept_mango"",""text"":""mango"",""chosenColorCode"":""MO""},""responseTime"":2364,""lastEditTime"":6051,""poolOrder"":1,""trialIndex"":39,""pairId"":""MG_LOW_US_HIGH_banana_mango_MO_SY"",""mgLevel"":""MG_LOW"",""usLevel"":""US_HIGH"",""leftColorCode"":""SY"",""rightColorCode"":""MO"",""swapIndex"":1,""tallerSide"":""right"",""baseTall"":150,""baseShort"":100,""jitter"":5,""tallHeight"":146,""shortHeight"":98,""leftHeight"":98,""rightHeight"":146}","undefined","6706","6706","undefined","undefined","banana","mango","MO","SY","MG_LOW","US_HIGH","MG_LOW_US_HIGH_banana_mango_MO_SY","39","1","right","undefined","undefined","undefined"
"1bcc79bb-b72d-4ff1-b529-bd2de6959f95","p9_s1_tr","97","windowEvents","undefined","undefined","undefined","undefined","undefined","undefined","undefined","{""focus"":2,""input"":0,""keydown"":0,""keyup"":0,""mousemove"":24,""mousedown"":7,""mouseup"":2,""resize"":0,""scroll"":0,""visibility"":0}","undefined","undefined","undefined","undefined","undefined","undefined","undefined","undefined","undefined","undefined","undefined","undefined","undefined","undefined","undefined","undefined","undefined","undefined"
"1bcc79bb-b72d-4ff1-b529-bd2de6959f95","p10_s0_tl","98","choice","completed","undefined","undefined","undefined","100.00","undefined","","{""assignments"":{""concept_sick"":""MH"",""concept_angry"":""SC""},""conceptA"":{""id"":""concept_angry"",""text"":""angry"",""chosenColorCode"":""SC""},""conceptB"":{""id"":""concept_sick"",""text"":""sick"",""chosenColorCode"":""MH""},""responseTime"":40100,""lastEditTime"":40100,""poolOrder"":1,""trialIndex"":40,""pairId"":""MG_LOW_US_HIGH_angry_sick_MH_SC"",""mgLevel"":""MG_LOW"",""usLevel"":""US_HIGH"",""leftColorCode"":""MH"",""rightColorCode"":""SC"",""swapIndex"":0,""tallerSide"":""left"",""baseTall"":150,""baseShort"":100,""jitter"":5,""tallHeight"":146,""shortHeight"":95,""leftHeight"":146,""rightHeight"":95}","undefined","40867","40867","undefined","undefined","angry","sick","MH","SC","MG_LOW","US_HIGH","MG_LOW_US_HIGH_angry_sick_MH_SC","40","0","left","undefined","undefined","undefined"
"1bcc79bb-b72d-4ff1-b529-bd2de6959f95","p10_s0_tl","98","windowEvents","undefined","undefined","undefined","undefined","undefined","undefined","undefined","{""focus"":2,""input"":0,""keydown"":0,""keyup"":0,""mousemove"":15,""mousedown"":3,""mouseup"":1,""resize"":0,""scroll"":0,""visibility"":0}","undefined","undefined","undefined","undefined","undefined","undefined","undefined","undefined","undefined","undefined","undefined","undefined","undefined","undefined","undefined","undefined","undefined","undefined"
"1bcc79bb-b72d-4ff1-b529-bd2de6959f95","p8_s0_tl","99","choice","completed","undefined","undefined","undefined","100.00","undefined","","{""assignments"":{""concept_peace"":""MC"",""concept_justice"":""MO""},""conceptA"":{""id"":""concept_justice"",""text"":""justice"",""chosenColorCode"":""MO""},""conceptB"":{""id"":""concept_peace"",""text"":""peace"",""chosenColorCode"":""MC""},""responseTime"":7023,""lastEditTime"":7023,""poolOrder"":1,""trialIndex"":32,""pairId"":""MG_LOW_US_LOW_justice_peace_MC_MO"",""mgLevel"":""MG_LOW"",""usLevel"":""US_LOW"",""leftColorCode"":""MC"",""rightColorCode"":""MO"",""swapIndex"":0,""tallerSide"":""left"",""baseTall"":150,""baseShort"":100,""jitter"":5,""tallHeight"":150,""shortHeight"":97,""leftHeight"":150,""rightHeight"":97}","undefined","7614","7614","undefined","undefined","justice","peace","MC","MO","MG_LOW","US_LOW","MG_LOW_US_LOW_justice_peace_MC_MO","32","0","left","undefined","undefined","undefined"
"1bcc79bb-b72d-4ff1-b529-bd2de6959f95","p8_s0_tl","99","windowEvents","undefined","undefined","undefined","undefined","undefined","undefined","undefined","{""focus"":1,""input"":0,""keydown"":0,""keyup"":0,""mousemove"":24,""mousedown"":4,""mouseup"":1,""resize"":0,""scroll"":0,""visibility"":0}","undefined","undefined","undefined","undefined","undefined","undefined","undefined","undefined","undefined","undefined","undefined","undefined","undefined","undefined","undefined","undefined","undefined","undefined"
"1bcc79bb-b72d-4ff1-b529-bd2de6959f95","p10_s1_tr","100","choice","completed","undefined","undefined","undefined","100.00","undefined","","{""assignments"":{""concept_angry"":""SC"",""concept_sick"":""MH""},""conceptA"":{""id"":""concept_angry"",""text"":""angry"",""chosenColorCode"":""SC""},""conceptB"":{""id"":""concept_sick"",""text"":""sick"",""chosenColorCode"":""MH""},""responseTime"":2975,""lastEditTime"":2975,""poolOrder"":0,""trialIndex"":43,""pairId"":""MG_LOW_US_HIGH_angry_sick_MH_SC"",""mgLevel"":""MG_LOW"",""usLevel"":""US_HIGH"",""leftColorCode"":""SC"",""rightColorCode"":""MH"",""swapIndex"":1,""tallerSide"":""right"",""baseTall"":150,""baseShort"":100,""jitter"":5,""tallHeight"":152,""shortHeight"":96,""leftHeight"":96,""rightHeight"":152}","undefined","3761","3761","undefined","undefined","angry","sick","MH","SC","MG_LOW","US_HIGH","MG_LOW_US_HIGH_angry_sick_MH_SC","43","1","right","undefined","undefined","undefined"
"1bcc79bb-b72d-4ff1-b529-bd2de6959f95","p10_s1_tr","100","windowEvents","undefined","undefined","undefined","undefined","undefined","undefined","undefined","{""focus"":1,""input"":0,""keydown"":0,""keyup"":0,""mousemove"":17,""mousedown"":4,""mouseup"":1,""resize"":0,""scroll"":0,""visibility"":0}","undefined","undefined","undefined","undefined","undefined","undefined","undefined","undefined","undefined","undefined","undefined","undefined","undefined","undefined","undefined","undefined","undefined","undefined"
"1bcc79bb-b72d-4ff1-b529-bd2de6959f95","break","101","break","completed","undefined","undefined","undefined","100.00","undefined","","{""seconds"":10,""completedAtISO"":""2026-02-17T01:29:32.931Z""}","undefined","49213","49213","break","undefined","undefined","undefined","undefined","undefined","undefined","undefined","undefined","undefined","undefined","undefined","10","Break time","Take a short break. You can continue when the timer finishes."
"1bcc79bb-b72d-4ff1-b529-bd2de6959f95","break","101","windowEvents","undefined","undefined","undefined","undefined","undefined","undefined","undefined","{""focus"":1,""input"":0,""keydown"":0,""keyup"":0,""mousemove"":10,""mousedown"":1,""mouseup"":1,""resize"":0,""scroll"":0,""visibility"":0}","undefined","undefined","undefined","undefined","undefined","undefined","undefined","undefined","undefined","undefined","undefined","undefined","undefined","undefined","undefined","undefined","undefined","undefined"
"1bcc79bb-b72d-4ff1-b529-bd2de6959f95","attention_3","102","choice","completed","undefined","undefined","undefined","100.00","undefined","","{""assignments"":{""concept_purple"":""SP"",""concept_orange"":""SO""},""conceptA"":{""id"":""concept_orange"",""text"":""orange"",""chosenColorCode"":""SO""},""conceptB"":{""id"":""concept_purple"",""text"":""purple"",""chosenColorCode"":""SP""},""responseTime"":24245,""lastEditTime"":24245,""poolOrder"":1,""trialIndex"":50,""pairId"":""ATTENTION_3_orange_purple_SO_SP"",""mgLevel"":""NA"",""usLevel"":""NA"",""leftColorCode"":""SP"",""rightColorCode"":""SO"",""swapIndex"":1,""tallerSide"":""left"",""baseTall"":150,""baseShort"":100,""jitter"":5,""tallHeight"":146,""shortHeight"":98,""leftHeight"":146,""rightHeight"":98}","undefined","25756","25756","undefined","undefined","orange","purple","SO","SP","NA","NA","ATTENTION_3_orange_purple_SO_SP","50","1","left","undefined","undefined","undefined"
"1bcc79bb-b72d-4ff1-b529-bd2de6959f95","attention_3","102","windowEvents","undefined","undefined","undefined","undefined","undefined","undefined","undefined","{""focus"":2,""input"":0,""keydown"":0,""keyup"":0,""mousemove"":25,""mousedown"":4,""mouseup"":2,""resize"":0,""scroll"":0,""visibility"":0}","undefined","undefined","undefined","undefined","undefined","undefined","undefined","undefined","undefined","undefined","undefined","undefined","undefined","undefined","undefined","undefined","undefined","undefined"
"1bcc79bb-b72d-4ff1-b529-bd2de6959f95","p11_s1_tl","103","choice","completed","undefined","undefined","undefined","100.00","undefined","","{""assignments"":{""concept_safety"":""SG"",""concept_justice"":""BK""},""conceptA"":{""id"":""concept_justice"",""text"":""justice"",""chosenColorCode"":""BK""},""conceptB"":{""id"":""concept_safety"",""text"":""safety"",""chosenColorCode"":""SG""},""responseTime"":5467,""lastEditTime"":5467,""poolOrder"":1,""trialIndex"":46,""pairId"":""MG_LOW_US_HIGH_justice_safety_BK_SG"",""mgLevel"":""MG_LOW"",""usLevel"":""US_HIGH"",""leftColorCode"":""SG"",""rightColorCode"":""BK"",""swapIndex"":1,""tallerSide"":""left"",""baseTall"":150,""baseShort"":100,""jitter"":5,""tallHeight"":153,""shortHeight"":104,""leftHeight"":153,""rightHeight"":104}","undefined","42937","42937","undefined","undefined","justice","safety","BK","SG","MG_LOW","US_HIGH","MG_LOW_US_HIGH_justice_safety_BK_SG","46","1","left","undefined","undefined","undefined"
"1bcc79bb-b72d-4ff1-b529-bd2de6959f95","p11_s1_tl","103","windowEvents","undefined","undefined","undefined","undefined","undefined","undefined","undefined","{""focus"":2,""input"":0,""keydown"":0,""keyup"":0,""mousemove"":31,""mousedown"":5,""mouseup"":2,""resize"":0,""scroll"":0,""visibility"":0}","undefined","undefined","undefined","undefined","undefined","undefined","undefined","undefined","undefined","undefined","undefined","undefined","undefined","undefined","undefined","undefined","undefined","undefined"
"1bcc79bb-b72d-4ff1-b529-bd2de6959f95","p5_s1_tr","104","choice","completed","undefined","undefined","undefined","100.00","undefined","","{""assignments"":{""concept_death"":""BK"",""concept_justice"":""DB""},""conceptA"":{""id"":""concept_death"",""text"":""death"",""chosenColorCode"":""BK""},""conceptB"":{""id"":""concept_justice"",""text"":""justice"",""chosenColorCode"":""DB""},""responseTime"":3426,""lastEditTime"":3426,""poolOrder"":0,""trialIndex"":23,""pairId"":""MG_HIGH_US_HIGH_death_justice_BK_DB"",""mgLevel"":""MG_HIGH"",""usLevel"":""US_HIGH"",""leftColorCode"":""DB"",""rightColorCode"":""BK"",""swapIndex"":1,""tallerSide"":""right"",""baseTall"":150,""baseShort"":100,""jitter"":5,""tallHeight"":155,""shortHeight"":95,""leftHeight"":95,""rightHeight"":155}","undefined","4034","4034","undefined","undefined","death","justice","BK","DB","MG_HIGH","US_HIGH","MG_HIGH_US_HIGH_death_justice_BK_DB","23","1","right","undefined","undefined","undefined"
"1bcc79bb-b72d-4ff1-b529-bd2de6959f95","p5_s1_tr","104","windowEvents","undefined","undefined","undefined","undefined","undefined","undefined","undefined","{""focus"":1,""input"":0,""keydown"":0,""keyup"":0,""mousemove"":14,""mousedown"":3,""mouseup"":1,""resize"":0,""scroll"":0,""visibility"":0}","undefined","undefined","undefined","undefined","undefined","undefined","undefined","undefined","undefined","undefined","undefined","undefined","undefined","undefined","undefined","undefined","undefined","undefined"
"1bcc79bb-b72d-4ff1-b529-bd2de6959f95","p0_s1_tr","105","choice","completed","undefined","undefined","undefined","100.00","undefined","","{""assignments"":{""concept_angry"":""MH"",""concept_happy"":""WH""},""conceptA"":{""id"":""concept_angry"",""text"":""angry"",""chosenColorCode"":""MH""},""conceptB"":{""id"":""concept_happy"",""text"":""happy"",""chosenColorCode"":""WH""},""responseTime"":2087,""lastEditTime"":2087,""poolOrder"":0,""trialIndex"":3,""pairId"":""MG_HIGH_US_LOW_angry_happy_MH_WH"",""mgLevel"":""MG_HIGH"",""usLevel"":""US_LOW"",""leftColorCode"":""WH"",""rightColorCode"":""MH"",""swapIndex"":1,""tallerSide"":""right"",""baseTall"":150,""baseShort"":100,""jitter"":5,""tallHeight"":152,""shortHeight"":101,""leftHeight"":101,""rightHeight"":152}","undefined","2797","2797","undefined","undefined","angry","happy","MH","WH","MG_HIGH","US_LOW","MG_HIGH_US_LOW_angry_happy_MH_WH","3","1","right","undefined","undefined","undefined"
"1bcc79bb-b72d-4ff1-b529-bd2de6959f95","p0_s1_tr","105","windowEvents","undefined","undefined","undefined","undefined","undefined","undefined","undefined","{""focus"":1,""input"":0,""keydown"":0,""keyup"":0,""mousemove"":13,""mousedown"":3,""mouseup"":1,""resize"":0,""scroll"":0,""visibility"":0}","undefined","undefined","undefined","undefined","undefined","undefined","undefined","undefined","undefined","undefined","undefined","undefined","undefined","undefined","undefined","undefined","undefined","undefined"
"1bcc79bb-b72d-4ff1-b529-bd2de6959f95","p4_s0_tr","106","choice","completed","undefined","undefined","undefined","100.00","undefined","","{""assignments"":{""concept_death"":""DP"",""concept_peace"":""LB""},""conceptA"":{""id"":""concept_death"",""text"":""death"",""chosenColorCode"":""DP""},""conceptB"":{""id"":""concept_peace"",""text"":""peace"",""chosenColorCode"":""LB""},""responseTime"":1617,""lastEditTime"":1617,""poolOrder"":0,""trialIndex"":17,""pairId"":""MG_HIGH_US_HIGH_death_peace_DP_LB"",""mgLevel"":""MG_HIGH"",""usLevel"":""US_HIGH"",""leftColorCode"":""DP"",""rightColorCode"":""LB"",""swapIndex"":0,""tallerSide"":""right"",""baseTall"":150,""baseShort"":100,""jitter"":5,""tallHeight"":152,""shortHeight"":96,""leftHeight"":96,""rightHeight"":152}","undefined","2496","2496","undefined","undefined","death","peace","DP","LB","MG_HIGH","US_HIGH","MG_HIGH_US_HIGH_death_peace_DP_LB","17","0","right","undefined","undefined","undefined"
"1bcc79bb-b72d-4ff1-b529-bd2de6959f95","p4_s0_tr","106","windowEvents","undefined","undefined","undefined","undefined","undefined","undefined","undefined","{""focus"":1,""input"":0,""keydown"":0,""keyup"":0,""mousemove"":11,""mousedown"":3,""mouseup"":1,""resize"":0,""scroll"":0,""visibility"":0}","undefined","undefined","undefined","undefined","undefined","undefined","undefined","undefined","undefined","undefined","undefined","undefined","undefined","undefined","undefined","undefined","undefined","undefined"
"1bcc79bb-b72d-4ff1-b529-bd2de6959f95","p11_s0_tl","107","choice","completed","undefined","undefined","undefined","100.00","undefined","","{""assignments"":{""concept_justice"":""BK"",""concept_safety"":""SG""},""conceptA"":{""id"":""concept_justice"",""text"":""justice"",""chosenColorCode"":""BK""},""conceptB"":{""id"":""concept_safety"",""text"":""safety"",""chosenColorCode"":""SG""},""responseTime"":1563,""lastEditTime"":1563,""poolOrder"":0,""trialIndex"":44,""pairId"":""MG_LOW_US_HIGH_justice_safety_BK_SG"",""mgLevel"":""MG_LOW"",""usLevel"":""US_HIGH"",""leftColorCode"":""BK"",""rightColorCode"":""SG"",""swapIndex"":0,""tallerSide"":""left"",""baseTall"":150,""baseShort"":100,""jitter"":5,""tallHeight"":154,""shortHeight"":104,""leftHeight"":154,""rightHeight"":104}","undefined","2635","2635","undefined","undefined","justice","safety","BK","SG","MG_LOW","US_HIGH","MG_LOW_US_HIGH_justice_safety_BK_SG","44","0","left","undefined","undefined","undefined"
"1bcc79bb-b72d-4ff1-b529-bd2de6959f95","p11_s0_tl","107","windowEvents","undefined","undefined","undefined","undefined","undefined","undefined","undefined","{""focus"":1,""input"":0,""keydown"":0,""keyup"":0,""mousemove"":11,""mousedown"":4,""mouseup"":2,""resize"":0,""scroll"":0,""visibility"":0}","undefined","undefined","undefined","undefined","undefined","undefined","undefined","undefined","undefined","undefined","undefined","undefined","undefined","undefined","undefined","undefined","undefined","undefined"
"1bcc79bb-b72d-4ff1-b529-bd2de6959f95","p1_s1_tl","108","choice","completed","undefined","undefined","undefined","100.00","undefined","","{""assignments"":{""concept_safety"":""DB"",""concept_death"":""DP""},""conceptA"":{""id"":""concept_death"",""text"":""death"",""chosenColorCode"":""DP""},""conceptB"":{""id"":""concept_safety"",""text"":""safety"",""chosenColorCode"":""DB""},""responseTime"":1795,""lastEditTime"":1795,""poolOrder"":1,""trialIndex"":6,""pairId"":""MG_HIGH_US_LOW_death_safety_DB_DP"",""mgLevel"":""MG_HIGH"",""usLevel"":""US_LOW"",""leftColorCode"":""DP"",""rightColorCode"":""DB"",""swapIndex"":1,""tallerSide"":""left"",""baseTall"":150,""baseShort"":100,""jitter"":5,""tallHeight"":146,""shortHeight"":105,""leftHeight"":146,""rightHeight"":105}","undefined","2645","2645","undefined","undefined","death","safety","DB","DP","MG_HIGH","US_LOW","MG_HIGH_US_LOW_death_safety_DB_DP","6","1","left","undefined","undefined","undefined"
"1bcc79bb-b72d-4ff1-b529-bd2de6959f95","p1_s1_tl","108","windowEvents","undefined","undefined","undefined","undefined","undefined","undefined","undefined","{""focus"":1,""input"":0,""keydown"":0,""keyup"":0,""mousemove"":12,""mousedown"":3,""mouseup"":1,""resize"":0,""scroll"":0,""visibility"":0}","undefined","undefined","undefined","undefined","undefined","undefined","undefined","undefined","undefined","undefined","undefined","undefined","undefined","undefined","undefined","undefined","undefined","undefined"
"1bcc79bb-b72d-4ff1-b529-bd2de6959f95","p11_s1_tr","109","choice","completed","undefined","undefined","undefined","100.00","undefined","","{""assignments"":{""concept_safety"":""SG"",""concept_justice"":""BK""},""conceptA"":{""id"":""concept_justice"",""text"":""justice"",""chosenColorCode"":""BK""},""conceptB"":{""id"":""concept_safety"",""text"":""safety"",""chosenColorCode"":""SG""},""responseTime"":7301,""lastEditTime"":7301,""poolOrder"":1,""trialIndex"":47,""pairId"":""MG_LOW_US_HIGH_justice_safety_BK_SG"",""mgLevel"":""MG_LOW"",""usLevel"":""US_HIGH"",""leftColorCode"":""SG"",""rightColorCode"":""BK"",""swapIndex"":1,""tallerSide"":""right"",""baseTall"":150,""baseShort"":100,""jitter"":5,""tallHeight"":151,""shortHeight"":101,""leftHeight"":101,""rightHeight"":151}","undefined","8218","8218","undefined","undefined","justice","safety","BK","SG","MG_LOW","US_HIGH","MG_LOW_US_HIGH_justice_safety_BK_SG","47","1","right","undefined","undefined","undefined"
"1bcc79bb-b72d-4ff1-b529-bd2de6959f95","p11_s1_tr","109","windowEvents","undefined","undefined","undefined","undefined","undefined","undefined","undefined","{""focus"":1,""input"":0,""keydown"":0,""keyup"":0,""mousemove"":23,""mousedown"":6,""mouseup"":1,""resize"":0,""scroll"":0,""visibility"":0}","undefined","undefined","undefined","undefined","undefined","undefined","undefined","undefined","undefined","undefined","undefined","undefined","undefined","undefined","undefined","undefined","undefined","undefined"
"1bcc79bb-b72d-4ff1-b529-bd2de6959f95","p10_s0_tr","110","choice","completed","undefined","undefined","undefined","100.00","undefined","","{""assignments"":{""concept_sick"":""MH"",""concept_angry"":""SC""},""conceptA"":{""id"":""concept_angry"",""text"":""angry"",""chosenColorCode"":""SC""},""conceptB"":{""id"":""concept_sick"",""text"":""sick"",""chosenColorCode"":""MH""},""responseTime"":2020,""lastEditTime"":2020,""poolOrder"":1,""trialIndex"":41,""pairId"":""MG_LOW_US_HIGH_angry_sick_MH_SC"",""mgLevel"":""MG_LOW"",""usLevel"":""US_HIGH"",""leftColorCode"":""MH"",""rightColorCode"":""SC"",""swapIndex"":0,""tallerSide"":""right"",""baseTall"":150,""baseShort"":100,""jitter"":5,""tallHeight"":154,""shortHeight"":97,""leftHeight"":97,""rightHeight"":154}","undefined","2799","2799","undefined","undefined","angry","sick","MH","SC","MG_LOW","US_HIGH","MG_LOW_US_HIGH_angry_sick_MH_SC","41","0","right","undefined","undefined","undefined"
"1bcc79bb-b72d-4ff1-b529-bd2de6959f95","p10_s0_tr","110","windowEvents","undefined","undefined","undefined","undefined","undefined","undefined","undefined","{""focus"":1,""input"":0,""keydown"":0,""keyup"":0,""mousemove"":12,""mousedown"":4,""mouseup"":2,""resize"":0,""scroll"":0,""visibility"":0}","undefined","undefined","undefined","undefined","undefined","undefined","undefined","undefined","undefined","undefined","undefined","undefined","undefined","undefined","undefined","undefined","undefined","undefined"
"1bcc79bb-b72d-4ff1-b529-bd2de6959f95","p8_s0_tl","111","choice","completed","undefined","undefined","undefined","100.00","undefined","","{""assignments"":{""concept_peace"":""MC"",""concept_justice"":""MO""},""conceptA"":{""id"":""concept_justice"",""text"":""justice"",""chosenColorCode"":""MO""},""conceptB"":{""id"":""concept_peace"",""text"":""peace"",""chosenColorCode"":""MC""},""responseTime"":1828,""lastEditTime"":1828,""poolOrder"":1,""trialIndex"":32,""pairId"":""MG_LOW_US_LOW_justice_peace_MC_MO"",""mgLevel"":""MG_LOW"",""usLevel"":""US_LOW"",""leftColorCode"":""MC"",""rightColorCode"":""MO"",""swapIndex"":0,""tallerSide"":""left"",""baseTall"":150,""baseShort"":100,""jitter"":5,""tallHeight"":154,""shortHeight"":99,""leftHeight"":154,""rightHeight"":99}","undefined","2668","2668","undefined","undefined","justice","peace","MC","MO","MG_LOW","US_LOW","MG_LOW_US_LOW_justice_peace_MC_MO","32","0","left","undefined","undefined","undefined"
"1bcc79bb-b72d-4ff1-b529-bd2de6959f95","p8_s0_tl","111","windowEvents","undefined","undefined","undefined","undefined","undefined","undefined","undefined","{""focus"":1,""input"":0,""keydown"":0,""keyup"":0,""mousemove"":12,""mousedown"":3,""mouseup"":1,""resize"":0,""scroll"":0,""visibility"":0}","undefined","undefined","undefined","undefined","undefined","undefined","undefined","undefined","undefined","undefined","undefined","undefined","undefined","undefined","undefined","undefined","undefined","undefined"
"1bcc79bb-b72d-4ff1-b529-bd2de6959f95","p3_s1_tl","112","choice","completed","undefined","undefined","undefined","100.00","undefined","","{""assignments"":{""concept_banana"":""MH"",""concept_peach"":""SR""},""conceptA"":{""id"":""concept_banana"",""text"":""banana"",""chosenColorCode"":""MH""},""conceptB"":{""id"":""concept_peach"",""text"":""peach"",""chosenColorCode"":""SR""},""responseTime"":2356,""lastEditTime"":2356,""poolOrder"":0,""trialIndex"":14,""pairId"":""MG_HIGH_US_HIGH_banana_peach_MH_SR"",""mgLevel"":""MG_HIGH"",""usLevel"":""US_HIGH"",""leftColorCode"":""SR"",""rightColorCode"":""MH"",""swapIndex"":1,""tallerSide"":""left"",""baseTall"":150,""baseShort"":100,""jitter"":5,""tallHeight"":153,""shortHeight"":105,""leftHeight"":153,""rightHeight"":105}","undefined","2922","2922","undefined","undefined","banana","peach","MH","SR","MG_HIGH","US_HIGH","MG_HIGH_US_HIGH_banana_peach_MH_SR","14","1","left","undefined","undefined","undefined"
"1bcc79bb-b72d-4ff1-b529-bd2de6959f95","p3_s1_tl","112","windowEvents","undefined","undefined","undefined","undefined","undefined","undefined","undefined","{""focus"":1,""input"":0,""keydown"":0,""keyup"":0,""mousemove"":14,""mousedown"":3,""mouseup"":1,""resize"":0,""scroll"":0,""visibility"":0}","undefined","undefined","undefined","undefined","undefined","undefined","undefined","undefined","undefined","undefined","undefined","undefined","undefined","undefined","undefined","undefined","undefined","undefined"
"1bcc79bb-b72d-4ff1-b529-bd2de6959f95","p4_s1_tl","113","choice","completed","undefined","undefined","undefined","100.00","undefined","","{""assignments"":{""concept_death"":""DP"",""concept_peace"":""LB""},""conceptA"":{""id"":""concept_death"",""text"":""death"",""chosenColorCode"":""DP""},""conceptB"":{""id"":""concept_peace"",""text"":""peace"",""chosenColorCode"":""LB""},""responseTime"":3285,""lastEditTime"":3285,""poolOrder"":1,""trialIndex"":18,""pairId"":""MG_HIGH_US_HIGH_death_peace_DP_LB"",""mgLevel"":""MG_HIGH"",""usLevel"":""US_HIGH"",""leftColorCode"":""LB"",""rightColorCode"":""DP"",""swapIndex"":1,""tallerSide"":""left"",""baseTall"":150,""baseShort"":100,""jitter"":5,""tallHeight"":154,""shortHeight"":99,""leftHeight"":154,""rightHeight"":99}","undefined","3922","3922","undefined","undefined","death","peace","DP","LB","MG_HIGH","US_HIGH","MG_HIGH_US_HIGH_death_peace_DP_LB","18","1","left","undefined","undefined","undefined"
"1bcc79bb-b72d-4ff1-b529-bd2de6959f95","p4_s1_tl","113","windowEvents","undefined","undefined","undefined","undefined","undefined","undefined","undefined","{""focus"":1,""input"":0,""keydown"":0,""keyup"":0,""mousemove"":14,""mousedown"":3,""mouseup"":1,""resize"":0,""scroll"":0,""visibility"":0}","undefined","undefined","undefined","undefined","undefined","undefined","undefined","undefined","undefined","undefined","undefined","undefined","undefined","undefined","undefined","undefined","undefined","undefined"
"1bcc79bb-b72d-4ff1-b529-bd2de6959f95","p0_s1_tl","114","choice","completed","undefined","undefined","undefined","100.00","undefined","","{""assignments"":{""concept_angry"":""MH"",""concept_happy"":""WH""},""conceptA"":{""id"":""concept_angry"",""text"":""angry"",""chosenColorCode"":""MH""},""conceptB"":{""id"":""concept_happy"",""text"":""happy"",""chosenColorCode"":""WH""},""responseTime"":6850,""lastEditTime"":6850,""poolOrder"":0,""trialIndex"":2,""pairId"":""MG_HIGH_US_LOW_angry_happy_MH_WH"",""mgLevel"":""MG_HIGH"",""usLevel"":""US_LOW"",""leftColorCode"":""WH"",""rightColorCode"":""MH"",""swapIndex"":1,""tallerSide"":""left"",""baseTall"":150,""baseShort"":100,""jitter"":5,""tallHeight"":152,""shortHeight"":102,""leftHeight"":152,""rightHeight"":102}","undefined","7537","7537","undefined","undefined","angry","happy","MH","WH","MG_HIGH","US_LOW","MG_HIGH_US_LOW_angry_happy_MH_WH","2","1","left","undefined","undefined","undefined"
"1bcc79bb-b72d-4ff1-b529-bd2de6959f95","p0_s1_tl","114","windowEvents","undefined","undefined","undefined","undefined","undefined","undefined","undefined","{""focus"":1,""input"":0,""keydown"":0,""keyup"":0,""mousemove"":27,""mousedown"":8,""mouseup"":4,""resize"":0,""scroll"":0,""visibility"":0}","undefined","undefined","undefined","undefined","undefined","undefined","undefined","undefined","undefined","undefined","undefined","undefined","undefined","undefined","undefined","undefined","undefined","undefined"
"1bcc79bb-b72d-4ff1-b529-bd2de6959f95","p7_s1_tr","115","choice","completed","undefined","undefined","undefined","100.00","undefined","","{""assignments"":{""concept_sad"":""A3"",""concept_sick"":""DC""},""conceptA"":{""id"":""concept_sad"",""text"":""sad"",""chosenColorCode"":""A3""},""conceptB"":{""id"":""concept_sick"",""text"":""sick"",""chosenColorCode"":""DC""},""responseTime"":3521,""lastEditTime"":3521,""poolOrder"":0,""trialIndex"":31,""pairId"":""MG_LOW_US_LOW_sad_sick_A3_DC"",""mgLevel"":""MG_LOW"",""usLevel"":""US_LOW"",""leftColorCode"":""DC"",""rightColorCode"":""A3"",""swapIndex"":1,""tallerSide"":""right"",""baseTall"":150,""baseShort"":100,""jitter"":5,""tallHeight"":154,""shortHeight"":104,""leftHeight"":104,""rightHeight"":154}","undefined","4273","4273","undefined","undefined","sad","sick","A3","DC","MG_LOW","US_LOW","MG_LOW_US_LOW_sad_sick_A3_DC","31","1","right","undefined","undefined","undefined"
"1bcc79bb-b72d-4ff1-b529-bd2de6959f95","p7_s1_tr","115","windowEvents","undefined","undefined","undefined","undefined","undefined","undefined","undefined","{""focus"":1,""input"":0,""keydown"":0,""keyup"":0,""mousemove"":13,""mousedown"":3,""mouseup"":1,""resize"":0,""scroll"":0,""visibility"":0}","undefined","undefined","undefined","undefined","undefined","undefined","undefined","undefined","undefined","undefined","undefined","undefined","undefined","undefined","undefined","undefined","undefined","undefined"
"1bcc79bb-b72d-4ff1-b529-bd2de6959f95","p6_s0_tl","116","choice","completed","undefined","undefined","undefined","100.00","undefined","","{""assignments"":{""concept_happy"":""MC"",""concept_sad"":""DR""},""conceptA"":{""id"":""concept_happy"",""text"":""happy"",""chosenColorCode"":""MC""},""conceptB"":{""id"":""concept_sad"",""text"":""sad"",""chosenColorCode"":""DR""},""responseTime"":4331,""lastEditTime"":4331,""poolOrder"":0,""trialIndex"":24,""pairId"":""MG_LOW_US_LOW_happy_sad_DR_MC"",""mgLevel"":""MG_LOW"",""usLevel"":""US_LOW"",""leftColorCode"":""DR"",""rightColorCode"":""MC"",""swapIndex"":0,""tallerSide"":""left"",""baseTall"":150,""baseShort"":100,""jitter"":5,""tallHeight"":146,""shortHeight"":97,""leftHeight"":146,""rightHeight"":97}","undefined","4872","4872","undefined","undefined","happy","sad","DR","MC","MG_LOW","US_LOW","MG_LOW_US_LOW_happy_sad_DR_MC","24","0","left","undefined","undefined","undefined"
"1bcc79bb-b72d-4ff1-b529-bd2de6959f95","p6_s0_tl","116","windowEvents","undefined","undefined","undefined","undefined","undefined","undefined","undefined","{""focus"":1,""input"":0,""keydown"":0,""keyup"":0,""mousemove"":17,""mousedown"":5,""mouseup"":1,""resize"":0,""scroll"":0,""visibility"":0}","undefined","undefined","undefined","undefined","undefined","undefined","undefined","undefined","undefined","undefined","undefined","undefined","undefined","undefined","undefined","undefined","undefined","undefined"
"1bcc79bb-b72d-4ff1-b529-bd2de6959f95","p7_s1_tl","117","choice","completed","undefined","undefined","undefined","100.00","undefined","","{""assignments"":{""concept_sick"":""A3"",""concept_sad"":""DC""},""conceptA"":{""id"":""concept_sad"",""text"":""sad"",""chosenColorCode"":""DC""},""conceptB"":{""id"":""concept_sick"",""text"":""sick"",""chosenColorCode"":""A3""},""responseTime"":3655,""lastEditTime"":3655,""poolOrder"":1,""trialIndex"":30,""pairId"":""MG_LOW_US_LOW_sad_sick_A3_DC"",""mgLevel"":""MG_LOW"",""usLevel"":""US_LOW"",""leftColorCode"":""DC"",""rightColorCode"":""A3"",""swapIndex"":1,""tallerSide"":""left"",""baseTall"":150,""baseShort"":100,""jitter"":5,""tallHeight"":148,""shortHeight"":100,""leftHeight"":148,""rightHeight"":100}","undefined","4557","4557","undefined","undefined","sad","sick","A3","DC","MG_LOW","US_LOW","MG_LOW_US_LOW_sad_sick_A3_DC","30","1","left","undefined","undefined","undefined"
"1bcc79bb-b72d-4ff1-b529-bd2de6959f95","p7_s1_tl","117","windowEvents","undefined","undefined","undefined","undefined","undefined","undefined","undefined","{""focus"":1,""input"":0,""keydown"":0,""keyup"":0,""mousemove"":14,""mousedown"":3,""mouseup"":1,""resize"":0,""scroll"":0,""visibility"":0}","undefined","undefined","undefined","undefined","undefined","undefined","undefined","undefined","undefined","undefined","undefined","undefined","undefined","undefined","undefined","undefined","undefined","undefined"
"1bcc79bb-b72d-4ff1-b529-bd2de6959f95","p7_s0_tr","118","choice","completed","undefined","undefined","undefined","100.00","undefined","","{""assignments"":{""concept_sick"":""A3"",""concept_sad"":""DC""},""conceptA"":{""id"":""concept_sad"",""text"":""sad"",""chosenColorCode"":""DC""},""conceptB"":{""id"":""concept_sick"",""text"":""sick"",""chosenColorCode"":""A3""},""responseTime"":2083,""lastEditTime"":2083,""poolOrder"":1,""trialIndex"":29,""pairId"":""MG_LOW_US_LOW_sad_sick_A3_DC"",""mgLevel"":""MG_LOW"",""usLevel"":""US_LOW"",""leftColorCode"":""A3"",""rightColorCode"":""DC"",""swapIndex"":0,""tallerSide"":""right"",""baseTall"":150,""baseShort"":100,""jitter"":5,""tallHeight"":146,""shortHeight"":98,""leftHeight"":98,""rightHeight"":146}","undefined","2720","2720","undefined","undefined","sad","sick","A3","DC","MG_LOW","US_LOW","MG_LOW_US_LOW_sad_sick_A3_DC","29","0","right","undefined","undefined","undefined"
"1bcc79bb-b72d-4ff1-b529-bd2de6959f95","p7_s0_tr","118","windowEvents","undefined","undefined","undefined","undefined","undefined","undefined","undefined","{""focus"":1,""input"":0,""keydown"":0,""keyup"":0,""mousemove"":11,""mousedown"":3,""mouseup"":1,""resize"":0,""scroll"":0,""visibility"":0}","undefined","undefined","undefined","undefined","undefined","undefined","undefined","undefined","undefined","undefined","undefined","undefined","undefined","undefined","undefined","undefined","undefined","undefined"
"1bcc79bb-b72d-4ff1-b529-bd2de6959f95","p10_s0_tl","119","choice","completed","undefined","undefined","undefined","100.00","undefined","","{""assignments"":{""concept_angry"":""SC"",""concept_sick"":""MH""},""conceptA"":{""id"":""concept_angry"",""text"":""angry"",""chosenColorCode"":""SC""},""conceptB"":{""id"":""concept_sick"",""text"":""sick"",""chosenColorCode"":""MH""},""responseTime"":2746,""lastEditTime"":17843,""poolOrder"":0,""trialIndex"":40,""pairId"":""MG_LOW_US_HIGH_angry_sick_MH_SC"",""mgLevel"":""MG_LOW"",""usLevel"":""US_HIGH"",""leftColorCode"":""MH"",""rightColorCode"":""SC"",""swapIndex"":0,""tallerSide"":""left"",""baseTall"":150,""baseShort"":100,""jitter"":5,""tallHeight"":145,""shortHeight"":100,""leftHeight"":145,""rightHeight"":100}","undefined","18592","18592","undefined","undefined","angry","sick","MH","SC","MG_LOW","US_HIGH","MG_LOW_US_HIGH_angry_sick_MH_SC","40","0","left","undefined","undefined","undefined"
"1bcc79bb-b72d-4ff1-b529-bd2de6959f95","p10_s0_tl","119","windowEvents","undefined","undefined","undefined","undefined","undefined","undefined","undefined","{""focus"":5,""input"":0,""keydown"":0,""keyup"":0,""mousemove"":66,""mousedown"":17,""mouseup"":5,""resize"":0,""scroll"":0,""visibility"":0}","undefined","undefined","undefined","undefined","undefined","undefined","undefined","undefined","undefined","undefined","undefined","undefined","undefined","undefined","undefined","undefined","undefined","undefined"
"1bcc79bb-b72d-4ff1-b529-bd2de6959f95","p1_s1_tr","120","choice","completed","undefined","undefined","undefined","100.00","undefined","","{""assignments"":{""concept_death"":""DP"",""concept_safety"":""DB""},""conceptA"":{""id"":""concept_death"",""text"":""death"",""chosenColorCode"":""DP""},""conceptB"":{""id"":""concept_safety"",""text"":""safety"",""chosenColorCode"":""DB""},""responseTime"":1902,""lastEditTime"":1902,""poolOrder"":0,""trialIndex"":7,""pairId"":""MG_HIGH_US_LOW_death_safety_DB_DP"",""mgLevel"":""MG_HIGH"",""usLevel"":""US_LOW"",""leftColorCode"":""DP"",""rightColorCode"":""DB"",""swapIndex"":1,""tallerSide"":""right"",""baseTall"":150,""baseShort"":100,""jitter"":5,""tallHeight"":147,""shortHeight"":98,""leftHeight"":98,""rightHeight"":147}","undefined","2661","2661","undefined","undefined","death","safety","DB","DP","MG_HIGH","US_LOW","MG_HIGH_US_LOW_death_safety_DB_DP","7","1","right","undefined","undefined","undefined"
"1bcc79bb-b72d-4ff1-b529-bd2de6959f95","p1_s1_tr","120","windowEvents","undefined","undefined","undefined","undefined","undefined","undefined","undefined","{""focus"":1,""input"":0,""keydown"":0,""keyup"":0,""mousemove"":11,""mousedown"":3,""mouseup"":1,""resize"":0,""scroll"":0,""visibility"":0}","undefined","undefined","undefined","undefined","undefined","undefined","undefined","undefined","undefined","undefined","undefined","undefined","undefined","undefined","undefined","undefined","undefined","undefined"
"1bcc79bb-b72d-4ff1-b529-bd2de6959f95","p1_s0_tl","121","choice","completed","undefined","undefined","undefined","100.00","undefined","","{""assignments"":{""concept_death"":""DP"",""concept_safety"":""DB""},""conceptA"":{""id"":""concept_death"",""text"":""death"",""chosenColorCode"":""DP""},""conceptB"":{""id"":""concept_safety"",""text"":""safety"",""chosenColorCode"":""DB""},""responseTime"":5209,""lastEditTime"":5209,""poolOrder"":0,""trialIndex"":4,""pairId"":""MG_HIGH_US_LOW_death_safety_DB_DP"",""mgLevel"":""MG_HIGH"",""usLevel"":""US_LOW"",""leftColorCode"":""DB"",""rightColorCode"":""DP"",""swapIndex"":0,""tallerSide"":""left"",""baseTall"":150,""baseShort"":100,""jitter"":5,""tallHeight"":149,""shortHeight"":99,""leftHeight"":149,""rightHeight"":99}","undefined","5862","5862","undefined","undefined","death","safety","DB","DP","MG_HIGH","US_LOW","MG_HIGH_US_LOW_death_safety_DB_DP","4","0","left","undefined","undefined","undefined"
"1bcc79bb-b72d-4ff1-b529-bd2de6959f95","p1_s0_tl","121","windowEvents","undefined","undefined","undefined","undefined","undefined","undefined","undefined","{""focus"":1,""input"":0,""keydown"":0,""keyup"":0,""mousemove"":20,""mousedown"":5,""mouseup"":1,""resize"":0,""scroll"":0,""visibility"":0}","undefined","undefined","undefined","undefined","undefined","undefined","undefined","undefined","undefined","undefined","undefined","undefined","undefined","undefined","undefined","undefined","undefined","undefined"
"1bcc79bb-b72d-4ff1-b529-bd2de6959f95","p10_s1_tr","122","choice","completed","undefined","undefined","undefined","100.00","undefined","","{""assignments"":{""concept_sick"":""MH"",""concept_angry"":""SC""},""conceptA"":{""id"":""concept_angry"",""text"":""angry"",""chosenColorCode"":""SC""},""conceptB"":{""id"":""concept_sick"",""text"":""sick"",""chosenColorCode"":""MH""},""responseTime"":3786,""lastEditTime"":3786,""poolOrder"":1,""trialIndex"":43,""pairId"":""MG_LOW_US_HIGH_angry_sick_MH_SC"",""mgLevel"":""MG_LOW"",""usLevel"":""US_HIGH"",""leftColorCode"":""SC"",""rightColorCode"":""MH"",""swapIndex"":1,""tallerSide"":""right"",""baseTall"":150,""baseShort"":100,""jitter"":5,""tallHeight"":150,""shortHeight"":102,""leftHeight"":102,""rightHeight"":150}","undefined","4520","4520","undefined","undefined","angry","sick","MH","SC","MG_LOW","US_HIGH","MG_LOW_US_HIGH_angry_sick_MH_SC","43","1","right","undefined","undefined","undefined"
"1bcc79bb-b72d-4ff1-b529-bd2de6959f95","p10_s1_tr","122","windowEvents","undefined","undefined","undefined","undefined","undefined","undefined","undefined","{""focus"":1,""input"":0,""keydown"":0,""keyup"":0,""mousemove"":13,""mousedown"":3,""mouseup"":1,""resize"":0,""scroll"":0,""visibility"":0}","undefined","undefined","undefined","undefined","undefined","undefined","undefined","undefined","undefined","undefined","undefined","undefined","undefined","undefined","undefined","undefined","undefined","undefined"
"1bcc79bb-b72d-4ff1-b529-bd2de6959f95","p0_s0_tl","123","choice","completed","undefined","undefined","undefined","100.00","undefined","","{""assignments"":{""concept_happy"":""WH"",""concept_angry"":""MH""},""conceptA"":{""id"":""concept_angry"",""text"":""angry"",""chosenColorCode"":""MH""},""conceptB"":{""id"":""concept_happy"",""text"":""happy"",""chosenColorCode"":""WH""},""responseTime"":4498,""lastEditTime"":4498,""poolOrder"":1,""trialIndex"":0,""pairId"":""MG_HIGH_US_LOW_angry_happy_MH_WH"",""mgLevel"":""MG_HIGH"",""usLevel"":""US_LOW"",""leftColorCode"":""MH"",""rightColorCode"":""WH"",""swapIndex"":0,""tallerSide"":""left"",""baseTall"":150,""baseShort"":100,""jitter"":5,""tallHeight"":152,""shortHeight"":95,""leftHeight"":152,""rightHeight"":95}","undefined","5357","5357","undefined","undefined","angry","happy","MH","WH","MG_HIGH","US_LOW","MG_HIGH_US_LOW_angry_happy_MH_WH","0","0","left","undefined","undefined","undefined"
"1bcc79bb-b72d-4ff1-b529-bd2de6959f95","p0_s0_tl","123","windowEvents","undefined","undefined","undefined","undefined","undefined","undefined","undefined","{""focus"":1,""input"":0,""keydown"":0,""keyup"":0,""mousemove"":20,""mousedown"":6,""mouseup"":2,""resize"":0,""scroll"":0,""visibility"":0}","undefined","undefined","undefined","undefined","undefined","undefined","undefined","undefined","undefined","undefined","undefined","undefined","undefined","undefined","undefined","undefined","undefined","undefined"
"1bcc79bb-b72d-4ff1-b529-bd2de6959f95","p1_s0_tr","124","choice","completed","undefined","undefined","undefined","100.00","undefined","","{""assignments"":{""concept_safety"":""DB"",""concept_death"":""DP""},""conceptA"":{""id"":""concept_death"",""text"":""death"",""chosenColorCode"":""DP""},""conceptB"":{""id"":""concept_safety"",""text"":""safety"",""chosenColorCode"":""DB""},""responseTime"":2748,""lastEditTime"":2748,""poolOrder"":1,""trialIndex"":5,""pairId"":""MG_HIGH_US_LOW_death_safety_DB_DP"",""mgLevel"":""MG_HIGH"",""usLevel"":""US_LOW"",""leftColorCode"":""DB"",""rightColorCode"":""DP"",""swapIndex"":0,""tallerSide"":""right"",""baseTall"":150,""baseShort"":100,""jitter"":5,""tallHeight"":152,""shortHeight"":104,""leftHeight"":104,""rightHeight"":152}","undefined","3386","3386","undefined","undefined","death","safety","DB","DP","MG_HIGH","US_LOW","MG_HIGH_US_LOW_death_safety_DB_DP","5","0","right","undefined","undefined","undefined"
"1bcc79bb-b72d-4ff1-b529-bd2de6959f95","p1_s0_tr","124","windowEvents","undefined","undefined","undefined","undefined","undefined","undefined","undefined","{""focus"":1,""input"":0,""keydown"":0,""keyup"":0,""mousemove"":12,""mousedown"":3,""mouseup"":1,""resize"":0,""scroll"":0,""visibility"":0}","undefined","undefined","undefined","undefined","undefined","undefined","undefined","undefined","undefined","undefined","undefined","undefined","undefined","undefined","undefined","undefined","undefined","undefined"
"1bcc79bb-b72d-4ff1-b529-bd2de6959f95","p7_s0_tl","125","choice","completed","undefined","undefined","undefined","100.00","undefined","","{""assignments"":{""concept_sad"":""DC"",""concept_sick"":""A3""},""conceptA"":{""id"":""concept_sad"",""text"":""sad"",""chosenColorCode"":""DC""},""conceptB"":{""id"":""concept_sick"",""text"":""sick"",""chosenColorCode"":""A3""},""responseTime"":3927,""lastEditTime"":3927,""poolOrder"":0,""trialIndex"":28,""pairId"":""MG_LOW_US_LOW_sad_sick_A3_DC"",""mgLevel"":""MG_LOW"",""usLevel"":""US_LOW"",""leftColorCode"":""A3"",""rightColorCode"":""DC"",""swapIndex"":0,""tallerSide"":""left"",""baseTall"":150,""baseShort"":100,""jitter"":5,""tallHeight"":149,""shortHeight"":96,""leftHeight"":149,""rightHeight"":96}","undefined","4855","4855","undefined","undefined","sad","sick","A3","DC","MG_LOW","US_LOW","MG_LOW_US_LOW_sad_sick_A3_DC","28","0","left","undefined","undefined","undefined"
"1bcc79bb-b72d-4ff1-b529-bd2de6959f95","p7_s0_tl","125","windowEvents","undefined","undefined","undefined","undefined","undefined","undefined","undefined","{""focus"":0,""input"":0,""keydown"":0,""keyup"":0,""mousemove"":18,""mousedown"":5,""mouseup"":2,""resize"":0,""scroll"":0,""visibility"":0}","undefined","undefined","undefined","undefined","undefined","undefined","undefined","undefined","undefined","undefined","undefined","undefined","undefined","undefined","undefined","undefined","undefined","undefined"
"1bcc79bb-b72d-4ff1-b529-bd2de6959f95","p10_s1_tl","126","choice","completed","undefined","undefined","undefined","100.00","undefined","","{""assignments"":{""concept_sick"":""MH"",""concept_angry"":""SC""},""conceptA"":{""id"":""concept_angry"",""text"":""angry"",""chosenColorCode"":""SC""},""conceptB"":{""id"":""concept_sick"",""text"":""sick"",""chosenColorCode"":""MH""},""responseTime"":2989,""lastEditTime"":2989,""poolOrder"":1,""trialIndex"":42,""pairId"":""MG_LOW_US_HIGH_angry_sick_MH_SC"",""mgLevel"":""MG_LOW"",""usLevel"":""US_HIGH"",""leftColorCode"":""SC"",""rightColorCode"":""MH"",""swapIndex"":1,""tallerSide"":""left"",""baseTall"":150,""baseShort"":100,""jitter"":5,""tallHeight"":155,""shortHeight"":103,""leftHeight"":155,""rightHeight"":103}","undefined","3621","3621","undefined","undefined","angry","sick","MH","SC","MG_LOW","US_HIGH","MG_LOW_US_HIGH_angry_sick_MH_SC","42","1","left","undefined","undefined","undefined"
"1bcc79bb-b72d-4ff1-b529-bd2de6959f95","p10_s1_tl","126","windowEvents","undefined","undefined","undefined","undefined","undefined","undefined","undefined","{""focus"":1,""input"":0,""keydown"":0,""keyup"":0,""mousemove"":12,""mousedown"":3,""mouseup"":1,""resize"":0,""scroll"":0,""visibility"":0}","undefined","undefined","undefined","undefined","undefined","undefined","undefined","undefined","undefined","undefined","undefined","undefined","undefined","undefined","undefined","undefined","undefined","undefined"
"1bcc79bb-b72d-4ff1-b529-bd2de6959f95","p9_s1_tr","127","choice","completed","undefined","undefined","undefined","100.00","undefined","","{""assignments"":{""concept_mango"":""MO"",""concept_banana"":""SY""},""conceptA"":{""id"":""concept_banana"",""text"":""banana"",""chosenColorCode"":""SY""},""conceptB"":{""id"":""concept_mango"",""text"":""mango"",""chosenColorCode"":""MO""},""responseTime"":4209,""lastEditTime"":4209,""poolOrder"":0,""trialIndex"":39,""pairId"":""MG_LOW_US_HIGH_banana_mango_MO_SY"",""mgLevel"":""MG_LOW"",""usLevel"":""US_HIGH"",""leftColorCode"":""SY"",""rightColorCode"":""MO"",""swapIndex"":1,""tallerSide"":""right"",""baseTall"":150,""baseShort"":100,""jitter"":5,""tallHeight"":153,""shortHeight"":95,""leftHeight"":95,""rightHeight"":153}","undefined","4846","4846","undefined","undefined","banana","mango","MO","SY","MG_LOW","US_HIGH","MG_LOW_US_HIGH_banana_mango_MO_SY","39","1","right","undefined","undefined","undefined"
"1bcc79bb-b72d-4ff1-b529-bd2de6959f95","p9_s1_tr","127","windowEvents","undefined","undefined","undefined","undefined","undefined","undefined","undefined","{""focus"":1,""input"":0,""keydown"":0,""keyup"":0,""mousemove"":18,""mousedown"":5,""mouseup"":1,""resize"":0,""scroll"":0,""visibility"":0}","undefined","undefined","undefined","undefined","undefined","undefined","undefined","undefined","undefined","undefined","undefined","undefined","undefined","undefined","undefined","undefined","undefined","undefined"
"1bcc79bb-b72d-4ff1-b529-bd2de6959f95","p9_s0_tl","128","choice","completed","undefined","undefined","undefined","100.00","undefined","","{""assignments"":{""concept_mango"":""MO"",""concept_banana"":""SY""},""conceptA"":{""id"":""concept_banana"",""text"":""banana"",""chosenColorCode"":""SY""},""conceptB"":{""id"":""concept_mango"",""text"":""mango"",""chosenColorCode"":""MO""},""responseTime"":1749,""lastEditTime"":8577,""poolOrder"":1,""trialIndex"":36,""pairId"":""MG_LOW_US_HIGH_banana_mango_MO_SY"",""mgLevel"":""MG_LOW"",""usLevel"":""US_HIGH"",""leftColorCode"":""MO"",""rightColorCode"":""SY"",""swapIndex"":0,""tallerSide"":""left"",""baseTall"":150,""baseShort"":100,""jitter"":5,""tallHeight"":150,""shortHeight"":95,""leftHeight"":150,""rightHeight"":95}","undefined","9593","9593","undefined","undefined","banana","mango","MO","SY","MG_LOW","US_HIGH","MG_LOW_US_HIGH_banana_mango_MO_SY","36","0","left","undefined","undefined","undefined"
"1bcc79bb-b72d-4ff1-b529-bd2de6959f95","p9_s0_tl","128","windowEvents","undefined","undefined","undefined","undefined","undefined","undefined","undefined","{""focus"":2,""input"":0,""keydown"":0,""keyup"":0,""mousemove"":36,""mousedown"":11,""mouseup"":5,""resize"":0,""scroll"":0,""visibility"":0}","undefined","undefined","undefined","undefined","undefined","undefined","undefined","undefined","undefined","undefined","undefined","undefined","undefined","undefined","undefined","undefined","undefined","undefined"
"1bcc79bb-b72d-4ff1-b529-bd2de6959f95","p8_s1_tl","129","choice","completed","undefined","undefined","undefined","100.00","undefined","","{""assignments"":{""concept_justice"":""MO"",""concept_peace"":""MC""},""conceptA"":{""id"":""concept_justice"",""text"":""justice"",""chosenColorCode"":""MO""},""conceptB"":{""id"":""concept_peace"",""text"":""peace"",""chosenColorCode"":""MC""},""responseTime"":5923,""lastEditTime"":5923,""poolOrder"":1,""trialIndex"":34,""pairId"":""MG_LOW_US_LOW_justice_peace_MC_MO"",""mgLevel"":""MG_LOW"",""usLevel"":""US_LOW"",""leftColorCode"":""MO"",""rightColorCode"":""MC"",""swapIndex"":1,""tallerSide"":""left"",""baseTall"":150,""baseShort"":100,""jitter"":5,""tallHeight"":147,""shortHeight"":96,""leftHeight"":147,""rightHeight"":96}","undefined","7385","7385","undefined","undefined","justice","peace","MC","MO","MG_LOW","US_LOW","MG_LOW_US_LOW_justice_peace_MC_MO","34","1","left","undefined","undefined","undefined"
"1bcc79bb-b72d-4ff1-b529-bd2de6959f95","p8_s1_tl","129","windowEvents","undefined","undefined","undefined","undefined","undefined","undefined","undefined","{""focus"":1,""input"":0,""keydown"":0,""keyup"":0,""mousemove"":31,""mousedown"":6,""mouseup"":2,""resize"":0,""scroll"":0,""visibility"":0}","undefined","undefined","undefined","undefined","undefined","undefined","undefined","undefined","undefined","undefined","undefined","undefined","undefined","undefined","undefined","undefined","undefined","undefined"
"1bcc79bb-b72d-4ff1-b529-bd2de6959f95","p11_s0_tr","130","choice","completed","undefined","undefined","undefined","100.00","undefined","","{""assignments"":{""concept_safety"":""SG"",""concept_justice"":""BK""},""conceptA"":{""id"":""concept_justice"",""text"":""justice"",""chosenColorCode"":""BK""},""conceptB"":{""id"":""concept_safety"",""text"":""safety"",""chosenColorCode"":""SG""},""responseTime"":3586,""lastEditTime"":3586,""poolOrder"":1,""trialIndex"":45,""pairId"":""MG_LOW_US_HIGH_justice_safety_BK_SG"",""mgLevel"":""MG_LOW"",""usLevel"":""US_HIGH"",""leftColorCode"":""BK"",""rightColorCode"":""SG"",""swapIndex"":0,""tallerSide"":""right"",""baseTall"":150,""baseShort"":100,""jitter"":5,""tallHeight"":152,""shortHeight"":100,""leftHeight"":100,""rightHeight"":152}","undefined","4542","4542","undefined","undefined","justice","safety","BK","SG","MG_LOW","US_HIGH","MG_LOW_US_HIGH_justice_safety_BK_SG","45","0","right","undefined","undefined","undefined"
"1bcc79bb-b72d-4ff1-b529-bd2de6959f95","p11_s0_tr","130","windowEvents","undefined","undefined","undefined","undefined","undefined","undefined","undefined","{""focus"":1,""input"":0,""keydown"":0,""keyup"":0,""mousemove"":19,""mousedown"":4,""mouseup"":2,""resize"":0,""scroll"":0,""visibility"":0}","undefined","undefined","undefined","undefined","undefined","undefined","undefined","undefined","undefined","undefined","undefined","undefined","undefined","undefined","undefined","undefined","undefined","undefined"
"1bcc79bb-b72d-4ff1-b529-bd2de6959f95","p8_s0_tr","131","choice","completed","undefined","undefined","undefined","100.00","undefined","","{""assignments"":{""concept_justice"":""MO"",""concept_peace"":""MC""},""conceptA"":{""id"":""concept_justice"",""text"":""justice"",""chosenColorCode"":""MO""},""conceptB"":{""id"":""concept_peace"",""text"":""peace"",""chosenColorCode"":""MC""},""responseTime"":3917,""lastEditTime"":3917,""poolOrder"":0,""trialIndex"":33,""pairId"":""MG_LOW_US_LOW_justice_peace_MC_MO"",""mgLevel"":""MG_LOW"",""usLevel"":""US_LOW"",""leftColorCode"":""MC"",""rightColorCode"":""MO"",""swapIndex"":0,""tallerSide"":""right"",""baseTall"":150,""baseShort"":100,""jitter"":5,""tallHeight"":150,""shortHeight"":98,""leftHeight"":98,""rightHeight"":150}","undefined","4744","4744","undefined","undefined","justice","peace","MC","MO","MG_LOW","US_LOW","MG_LOW_US_LOW_justice_peace_MC_MO","33","0","right","undefined","undefined","undefined"
"1bcc79bb-b72d-4ff1-b529-bd2de6959f95","p8_s0_tr","131","windowEvents","undefined","undefined","undefined","undefined","undefined","undefined","undefined","{""focus"":1,""input"":0,""keydown"":0,""keyup"":0,""mousemove"":19,""mousedown"":4,""mouseup"":1,""resize"":0,""scroll"":0,""visibility"":0}","undefined","undefined","undefined","undefined","undefined","undefined","undefined","undefined","undefined","undefined","undefined","undefined","undefined","undefined","undefined","undefined","undefined","undefined"
"1bcc79bb-b72d-4ff1-b529-bd2de6959f95","p6_s1_tr","132","choice","completed","undefined","undefined","undefined","100.00","undefined","","{""assignments"":{""concept_happy"":""MC"",""concept_sad"":""DR""},""conceptA"":{""id"":""concept_happy"",""text"":""happy"",""chosenColorCode"":""MC""},""conceptB"":{""id"":""concept_sad"",""text"":""sad"",""chosenColorCode"":""DR""},""responseTime"":6264,""lastEditTime"":6264,""poolOrder"":0,""trialIndex"":27,""pairId"":""MG_LOW_US_LOW_happy_sad_DR_MC"",""mgLevel"":""MG_LOW"",""usLevel"":""US_LOW"",""leftColorCode"":""MC"",""rightColorCode"":""DR"",""swapIndex"":1,""tallerSide"":""right"",""baseTall"":150,""baseShort"":100,""jitter"":5,""tallHeight"":146,""shortHeight"":101,""leftHeight"":101,""rightHeight"":146}","undefined","6839","6839","undefined","undefined","happy","sad","DR","MC","MG_LOW","US_LOW","MG_LOW_US_LOW_happy_sad_DR_MC","27","1","right","undefined","undefined","undefined"
"1bcc79bb-b72d-4ff1-b529-bd2de6959f95","p6_s1_tr","132","windowEvents","undefined","undefined","undefined","undefined","undefined","undefined","undefined","{""focus"":1,""input"":0,""keydown"":0,""keyup"":0,""mousemove"":18,""mousedown"":6,""mouseup"":2,""resize"":0,""scroll"":0,""visibility"":0}","undefined","undefined","undefined","undefined","undefined","undefined","undefined","undefined","undefined","undefined","undefined","undefined","undefined","undefined","undefined","undefined","undefined","undefined"
"1bcc79bb-b72d-4ff1-b529-bd2de6959f95","p9_s0_tr","133","choice","completed","undefined","undefined","undefined","100.00","undefined","","{""assignments"":{""concept_mango"":""MO"",""concept_banana"":""SY""},""conceptA"":{""id"":""concept_banana"",""text"":""banana"",""chosenColorCode"":""SY""},""conceptB"":{""id"":""concept_mango"",""text"":""mango"",""chosenColorCode"":""MO""},""responseTime"":4501,""lastEditTime"":4501,""poolOrder"":1,""trialIndex"":37,""pairId"":""MG_LOW_US_HIGH_banana_mango_MO_SY"",""mgLevel"":""MG_LOW"",""usLevel"":""US_HIGH"",""leftColorCode"":""MO"",""rightColorCode"":""SY"",""swapIndex"":0,""tallerSide"":""right"",""baseTall"":150,""baseShort"":100,""jitter"":5,""tallHeight"":150,""shortHeight"":97,""leftHeight"":97,""rightHeight"":150}","undefined","5265","5265","undefined","undefined","banana","mango","MO","SY","MG_LOW","US_HIGH","MG_LOW_US_HIGH_banana_mango_MO_SY","37","0","right","undefined","undefined","undefined"
"1bcc79bb-b72d-4ff1-b529-bd2de6959f95","p9_s0_tr","133","windowEvents","undefined","undefined","undefined","undefined","undefined","undefined","undefined","{""focus"":1,""input"":0,""keydown"":0,""keyup"":0,""mousemove"":21,""mousedown"":4,""mouseup"":1,""resize"":0,""scroll"":0,""visibility"":0}","undefined","undefined","undefined","undefined","undefined","undefined","undefined","undefined","undefined","undefined","undefined","undefined","undefined","undefined","undefined","undefined","undefined","undefined"
"1bcc79bb-b72d-4ff1-b529-bd2de6959f95","p4_s1_tr","134","choice","completed","undefined","undefined","undefined","100.00","undefined","","{""assignments"":{""concept_death"":""DP"",""concept_peace"":""LB""},""conceptA"":{""id"":""concept_death"",""text"":""death"",""chosenColorCode"":""DP""},""conceptB"":{""id"":""concept_peace"",""text"":""peace"",""chosenColorCode"":""LB""},""responseTime"":2127,""lastEditTime"":2127,""poolOrder"":0,""trialIndex"":19,""pairId"":""MG_HIGH_US_HIGH_death_peace_DP_LB"",""mgLevel"":""MG_HIGH"",""usLevel"":""US_HIGH"",""leftColorCode"":""LB"",""rightColorCode"":""DP"",""swapIndex"":1,""tallerSide"":""right"",""baseTall"":150,""baseShort"":100,""jitter"":5,""tallHeight"":153,""shortHeight"":99,""leftHeight"":99,""rightHeight"":153}","undefined","2618","2618","undefined","undefined","death","peace","DP","LB","MG_HIGH","US_HIGH","MG_HIGH_US_HIGH_death_peace_DP_LB","19","1","right","undefined","undefined","undefined"
"1bcc79bb-b72d-4ff1-b529-bd2de6959f95","p4_s1_tr","134","windowEvents","undefined","undefined","undefined","undefined","undefined","undefined","undefined","{""focus"":1,""input"":0,""keydown"":0,""keyup"":0,""mousemove"":10,""mousedown"":3,""mouseup"":1,""resize"":0,""scroll"":0,""visibility"":0}","undefined","undefined","undefined","undefined","undefined","undefined","undefined","undefined","undefined","undefined","undefined","undefined","undefined","undefined","undefined","undefined","undefined","undefined"
"1bcc79bb-b72d-4ff1-b529-bd2de6959f95","p0_s0_tr","135","choice","completed","undefined","undefined","undefined","100.00","undefined","","{""assignments"":{""concept_happy"":""WH"",""concept_angry"":""MH""},""conceptA"":{""id"":""concept_angry"",""text"":""angry"",""chosenColorCode"":""MH""},""conceptB"":{""id"":""concept_happy"",""text"":""happy"",""chosenColorCode"":""WH""},""responseTime"":2935,""lastEditTime"":2935,""poolOrder"":1,""trialIndex"":1,""pairId"":""MG_HIGH_US_LOW_angry_happy_MH_WH"",""mgLevel"":""MG_HIGH"",""usLevel"":""US_LOW"",""leftColorCode"":""MH"",""rightColorCode"":""WH"",""swapIndex"":0,""tallerSide"":""right"",""baseTall"":150,""baseShort"":100,""jitter"":5,""tallHeight"":151,""shortHeight"":104,""leftHeight"":104,""rightHeight"":151}","undefined","3653","3653","undefined","undefined","angry","happy","MH","WH","MG_HIGH","US_LOW","MG_HIGH_US_LOW_angry_happy_MH_WH","1","0","right","undefined","undefined","undefined"
"1bcc79bb-b72d-4ff1-b529-bd2de6959f95","p0_s0_tr","135","windowEvents","undefined","undefined","undefined","undefined","undefined","undefined","undefined","{""focus"":1,""input"":0,""keydown"":0,""keyup"":0,""mousemove"":13,""mousedown"":4,""mouseup"":2,""resize"":0,""scroll"":0,""visibility"":0}","undefined","undefined","undefined","undefined","undefined","undefined","undefined","undefined","undefined","undefined","undefined","undefined","undefined","undefined","undefined","undefined","undefined","undefined"
"1bcc79bb-b72d-4ff1-b529-bd2de6959f95","p2_s1_tr","136","choice","completed","undefined","undefined","undefined","100.00","undefined","","{""assignments"":{""concept_sick"":""DP"",""concept_happy"":""SO""},""conceptA"":{""id"":""concept_happy"",""text"":""happy"",""chosenColorCode"":""SO""},""conceptB"":{""id"":""concept_sick"",""text"":""sick"",""chosenColorCode"":""DP""},""responseTime"":5263,""lastEditTime"":5263,""poolOrder"":1,""trialIndex"":11,""pairId"":""MG_HIGH_US_LOW_happy_sick_DP_SO"",""mgLevel"":""MG_HIGH"",""usLevel"":""US_LOW"",""leftColorCode"":""SO"",""rightColorCode"":""DP"",""swapIndex"":1,""tallerSide"":""right"",""baseTall"":150,""baseShort"":100,""jitter"":5,""tallHeight"":145,""shortHeight"":103,""leftHeight"":103,""rightHeight"":145}","undefined","6235","6235","undefined","undefined","happy","sick","DP","SO","MG_HIGH","US_LOW","MG_HIGH_US_LOW_happy_sick_DP_SO","11","1","right","undefined","undefined","undefined"
"1bcc79bb-b72d-4ff1-b529-bd2de6959f95","p2_s1_tr","136","windowEvents","undefined","undefined","undefined","undefined","undefined","undefined","undefined","{""focus"":1,""input"":0,""keydown"":0,""keyup"":0,""mousemove"":11,""mousedown"":3,""mouseup"":1,""resize"":0,""scroll"":0,""visibility"":0}","undefined","undefined","undefined","undefined","undefined","undefined","undefined","undefined","undefined","undefined","undefined","undefined","undefined","undefined","undefined","undefined","undefined","undefined"
"1bcc79bb-b72d-4ff1-b529-bd2de6959f95","p2_s0_tr","137","choice","completed","undefined","undefined","undefined","100.00","undefined","","{""assignments"":{""concept_happy"":""SO"",""concept_sick"":""DP""},""conceptA"":{""id"":""concept_happy"",""text"":""happy"",""chosenColorCode"":""SO""},""conceptB"":{""id"":""concept_sick"",""text"":""sick"",""chosenColorCode"":""DP""},""responseTime"":2004,""lastEditTime"":2004,""poolOrder"":0,""trialIndex"":9,""pairId"":""MG_HIGH_US_LOW_happy_sick_DP_SO"",""mgLevel"":""MG_HIGH"",""usLevel"":""US_LOW"",""leftColorCode"":""DP"",""rightColorCode"":""SO"",""swapIndex"":0,""tallerSide"":""right"",""baseTall"":150,""baseShort"":100,""jitter"":5,""tallHeight"":148,""shortHeight"":105,""leftHeight"":105,""rightHeight"":148}","undefined","2588","2588","undefined","undefined","happy","sick","DP","SO","MG_HIGH","US_LOW","MG_HIGH_US_LOW_happy_sick_DP_SO","9","0","right","undefined","undefined","undefined"
"1bcc79bb-b72d-4ff1-b529-bd2de6959f95","p2_s0_tr","137","windowEvents","undefined","undefined","undefined","undefined","undefined","undefined","undefined","{""focus"":1,""input"":0,""keydown"":0,""keyup"":0,""mousemove"":11,""mousedown"":3,""mouseup"":1,""resize"":0,""scroll"":0,""visibility"":0}","undefined","undefined","undefined","undefined","undefined","undefined","undefined","undefined","undefined","undefined","undefined","undefined","undefined","undefined","undefined","undefined","undefined","undefined"
"1bcc79bb-b72d-4ff1-b529-bd2de6959f95","p9_s1_tl","138","choice","completed","undefined","undefined","undefined","100.00","undefined","","{""assignments"":{""concept_banana"":""SY"",""concept_mango"":""MO""},""conceptA"":{""id"":""concept_banana"",""text"":""banana"",""chosenColorCode"":""SY""},""conceptB"":{""id"":""concept_mango"",""text"":""mango"",""chosenColorCode"":""MO""},""responseTime"":4151,""lastEditTime"":4151,""poolOrder"":0,""trialIndex"":38,""pairId"":""MG_LOW_US_HIGH_banana_mango_MO_SY"",""mgLevel"":""MG_LOW"",""usLevel"":""US_HIGH"",""leftColorCode"":""SY"",""rightColorCode"":""MO"",""swapIndex"":1,""tallerSide"":""left"",""baseTall"":150,""baseShort"":100,""jitter"":5,""tallHeight"":155,""shortHeight"":99,""leftHeight"":155,""rightHeight"":99}","undefined","4886","4886","undefined","undefined","banana","mango","MO","SY","MG_LOW","US_HIGH","MG_LOW_US_HIGH_banana_mango_MO_SY","38","1","left","undefined","undefined","undefined"
"1bcc79bb-b72d-4ff1-b529-bd2de6959f95","p9_s1_tl","138","windowEvents","undefined","undefined","undefined","undefined","undefined","undefined","undefined","{""focus"":1,""input"":0,""keydown"":0,""keyup"":0,""mousemove"":14,""mousedown"":4,""mouseup"":1,""resize"":0,""scroll"":0,""visibility"":0}","undefined","undefined","undefined","undefined","undefined","undefined","undefined","undefined","undefined","undefined","undefined","undefined","undefined","undefined","undefined","undefined","undefined","undefined"
"1bcc79bb-b72d-4ff1-b529-bd2de6959f95","p3_s1_tr","139","choice","completed","undefined","undefined","undefined","100.00","undefined","","{""assignments"":{""concept_peach"":""SR"",""concept_banana"":""MH""},""conceptA"":{""id"":""concept_banana"",""text"":""banana"",""chosenColorCode"":""MH""},""conceptB"":{""id"":""concept_peach"",""text"":""peach"",""chosenColorCode"":""SR""},""responseTime"":3585,""lastEditTime"":3585,""poolOrder"":0,""trialIndex"":15,""pairId"":""MG_HIGH_US_HIGH_banana_peach_MH_SR"",""mgLevel"":""MG_HIGH"",""usLevel"":""US_HIGH"",""leftColorCode"":""SR"",""rightColorCode"":""MH"",""swapIndex"":1,""tallerSide"":""right"",""baseTall"":150,""baseShort"":100,""jitter"":5,""tallHeight"":145,""shortHeight"":99,""leftHeight"":99,""rightHeight"":145}","undefined","5496","5496","undefined","undefined","banana","peach","MH","SR","MG_HIGH","US_HIGH","MG_HIGH_US_HIGH_banana_peach_MH_SR","15","1","right","undefined","undefined","undefined"
"1bcc79bb-b72d-4ff1-b529-bd2de6959f95","p3_s1_tr","139","windowEvents","undefined","undefined","undefined","undefined","undefined","undefined","undefined","{""focus"":1,""input"":0,""keydown"":0,""keyup"":0,""mousemove"":19,""mousedown"":5,""mouseup"":3,""resize"":0,""scroll"":0,""visibility"":0}","undefined","undefined","undefined","undefined","undefined","undefined","undefined","undefined","undefined","undefined","undefined","undefined","undefined","undefined","undefined","undefined","undefined","undefined"
"1bcc79bb-b72d-4ff1-b529-bd2de6959f95","p3_s0_tl","140","choice","completed","undefined","undefined","undefined","100.00","undefined","","{""assignments"":{""concept_banana"":""MH"",""concept_peach"":""SR""},""conceptA"":{""id"":""concept_banana"",""text"":""banana"",""chosenColorCode"":""MH""},""conceptB"":{""id"":""concept_peach"",""text"":""peach"",""chosenColorCode"":""SR""},""responseTime"":2880,""lastEditTime"":2880,""poolOrder"":0,""trialIndex"":12,""pairId"":""MG_HIGH_US_HIGH_banana_peach_MH_SR"",""mgLevel"":""MG_HIGH"",""usLevel"":""US_HIGH"",""leftColorCode"":""MH"",""rightColorCode"":""SR"",""swapIndex"":0,""tallerSide"":""left"",""baseTall"":150,""baseShort"":100,""jitter"":5,""tallHeight"":152,""shortHeight"":103,""leftHeight"":152,""rightHeight"":103}","undefined","3525","3525","undefined","undefined","banana","peach","MH","SR","MG_HIGH","US_HIGH","MG_HIGH_US_HIGH_banana_peach_MH_SR","12","0","left","undefined","undefined","undefined"
"1bcc79bb-b72d-4ff1-b529-bd2de6959f95","p3_s0_tl","140","windowEvents","undefined","undefined","undefined","undefined","undefined","undefined","undefined","{""focus"":1,""input"":0,""keydown"":0,""keyup"":0,""mousemove"":13,""mousedown"":3,""mouseup"":1,""resize"":0,""scroll"":0,""visibility"":0}","undefined","undefined","undefined","undefined","undefined","undefined","undefined","undefined","undefined","undefined","undefined","undefined","undefined","undefined","undefined","undefined","undefined","undefined"
"1bcc79bb-b72d-4ff1-b529-bd2de6959f95","p6_s1_tl","141","choice","completed","undefined","undefined","undefined","100.00","undefined","","{""assignments"":{""concept_happy"":""MC"",""concept_sad"":""DR""},""conceptA"":{""id"":""concept_happy"",""text"":""happy"",""chosenColorCode"":""MC""},""conceptB"":{""id"":""concept_sad"",""text"":""sad"",""chosenColorCode"":""DR""},""responseTime"":2722,""lastEditTime"":2722,""poolOrder"":0,""trialIndex"":26,""pairId"":""MG_LOW_US_LOW_happy_sad_DR_MC"",""mgLevel"":""MG_LOW"",""usLevel"":""US_LOW"",""leftColorCode"":""MC"",""rightColorCode"":""DR"",""swapIndex"":1,""tallerSide"":""left"",""baseTall"":150,""baseShort"":100,""jitter"":5,""tallHeight"":148,""shortHeight"":104,""leftHeight"":148,""rightHeight"":104}","undefined","3416","3416","undefined","undefined","happy","sad","DR","MC","MG_LOW","US_LOW","MG_LOW_US_LOW_happy_sad_DR_MC","26","1","left","undefined","undefined","undefined"
"1bcc79bb-b72d-4ff1-b529-bd2de6959f95","p6_s1_tl","141","windowEvents","undefined","undefined","undefined","undefined","undefined","undefined","undefined","{""focus"":1,""input"":0,""keydown"":0,""keyup"":0,""mousemove"":12,""mousedown"":3,""mouseup"":1,""resize"":0,""scroll"":0,""visibility"":0}","undefined","undefined","undefined","undefined","undefined","undefined","undefined","undefined","undefined","undefined","undefined","undefined","undefined","undefined","undefined","undefined","undefined","undefined"
"1bcc79bb-b72d-4ff1-b529-bd2de6959f95","p6_s0_tr","142","choice","completed","undefined","undefined","undefined","100.00","undefined","","{""assignments"":{""concept_sad"":""MC"",""concept_happy"":""DR""},""conceptA"":{""id"":""concept_happy"",""text"":""happy"",""chosenColorCode"":""DR""},""conceptB"":{""id"":""concept_sad"",""text"":""sad"",""chosenColorCode"":""MC""},""responseTime"":2699,""lastEditTime"":2699,""poolOrder"":1,""trialIndex"":25,""pairId"":""MG_LOW_US_LOW_happy_sad_DR_MC"",""mgLevel"":""MG_LOW"",""usLevel"":""US_LOW"",""leftColorCode"":""DR"",""rightColorCode"":""MC"",""swapIndex"":0,""tallerSide"":""right"",""baseTall"":150,""baseShort"":100,""jitter"":5,""tallHeight"":145,""shortHeight"":96,""leftHeight"":96,""rightHeight"":145}","undefined","3361","3361","undefined","undefined","happy","sad","DR","MC","MG_LOW","US_LOW","MG_LOW_US_LOW_happy_sad_DR_MC","25","0","right","undefined","undefined","undefined"
"1bcc79bb-b72d-4ff1-b529-bd2de6959f95","p6_s0_tr","142","windowEvents","undefined","undefined","undefined","undefined","undefined","undefined","undefined","{""focus"":1,""input"":0,""keydown"":0,""keyup"":0,""mousemove"":15,""mousedown"":3,""mouseup"":1,""resize"":0,""scroll"":0,""visibility"":0}","undefined","undefined","undefined","undefined","undefined","undefined","undefined","undefined","undefined","undefined","undefined","undefined","undefined","undefined","undefined","undefined","undefined","undefined"
"1bcc79bb-b72d-4ff1-b529-bd2de6959f95","p2_s1_tl","143","choice","completed","undefined","undefined","undefined","100.00","undefined","","{""assignments"":{""concept_happy"":""SO"",""concept_sick"":""DP""},""conceptA"":{""id"":""concept_happy"",""text"":""happy"",""chosenColorCode"":""SO""},""conceptB"":{""id"":""concept_sick"",""text"":""sick"",""chosenColorCode"":""DP""},""responseTime"":3634,""lastEditTime"":3634,""poolOrder"":0,""trialIndex"":10,""pairId"":""MG_HIGH_US_LOW_happy_sick_DP_SO"",""mgLevel"":""MG_HIGH"",""usLevel"":""US_LOW"",""leftColorCode"":""SO"",""rightColorCode"":""DP"",""swapIndex"":1,""tallerSide"":""left"",""baseTall"":150,""baseShort"":100,""jitter"":5,""tallHeight"":149,""shortHeight"":99,""leftHeight"":149,""rightHeight"":99}","undefined","4553","4553","undefined","undefined","happy","sick","DP","SO","MG_HIGH","US_LOW","MG_HIGH_US_LOW_happy_sick_DP_SO","10","1","left","undefined","undefined","undefined"
"1bcc79bb-b72d-4ff1-b529-bd2de6959f95","p2_s1_tl","143","windowEvents","undefined","undefined","undefined","undefined","undefined","undefined","undefined","{""focus"":1,""input"":0,""keydown"":0,""keyup"":0,""mousemove"":16,""mousedown"":4,""mouseup"":2,""resize"":0,""scroll"":0,""visibility"":0}","undefined","undefined","undefined","undefined","undefined","undefined","undefined","undefined","undefined","undefined","undefined","undefined","undefined","undefined","undefined","undefined","undefined","undefined"
"1bcc79bb-b72d-4ff1-b529-bd2de6959f95","p5_s0_tl","144","choice","completed","undefined","undefined","undefined","100.00","undefined","","{""assignments"":{""concept_death"":""BK"",""concept_justice"":""DB""},""conceptA"":{""id"":""concept_death"",""text"":""death"",""chosenColorCode"":""BK""},""conceptB"":{""id"":""concept_justice"",""text"":""justice"",""chosenColorCode"":""DB""},""responseTime"":2575,""lastEditTime"":2575,""poolOrder"":0,""trialIndex"":20,""pairId"":""MG_HIGH_US_HIGH_death_justice_BK_DB"",""mgLevel"":""MG_HIGH"",""usLevel"":""US_HIGH"",""leftColorCode"":""BK"",""rightColorCode"":""DB"",""swapIndex"":0,""tallerSide"":""left"",""baseTall"":150,""baseShort"":100,""jitter"":5,""tallHeight"":147,""shortHeight"":104,""leftHeight"":147,""rightHeight"":104}","undefined","3525","3525","undefined","undefined","death","justice","BK","DB","MG_HIGH","US_HIGH","MG_HIGH_US_HIGH_death_justice_BK_DB","20","0","left","undefined","undefined","undefined"
"1bcc79bb-b72d-4ff1-b529-bd2de6959f95","p5_s0_tl","144","windowEvents","undefined","undefined","undefined","undefined","undefined","undefined","undefined","{""focus"":1,""input"":0,""keydown"":0,""keyup"":0,""mousemove"":13,""mousedown"":4,""mouseup"":1,""resize"":0,""scroll"":0,""visibility"":0}","undefined","undefined","undefined","undefined","undefined","undefined","undefined","undefined","undefined","undefined","undefined","undefined","undefined","undefined","undefined","undefined","undefined","undefined"
"1bcc79bb-b72d-4ff1-b529-bd2de6959f95","p3_s0_tr","145","choice","completed","undefined","undefined","undefined","100.00","undefined","","{""assignments"":{""concept_banana"":""MH"",""concept_peach"":""SR""},""conceptA"":{""id"":""concept_banana"",""text"":""banana"",""chosenColorCode"":""MH""},""conceptB"":{""id"":""concept_peach"",""text"":""peach"",""chosenColorCode"":""SR""},""responseTime"":2257,""lastEditTime"":2257,""poolOrder"":0,""trialIndex"":13,""pairId"":""MG_HIGH_US_HIGH_banana_peach_MH_SR"",""mgLevel"":""MG_HIGH"",""usLevel"":""US_HIGH"",""leftColorCode"":""MH"",""rightColorCode"":""SR"",""swapIndex"":0,""tallerSide"":""right"",""baseTall"":150,""baseShort"":100,""jitter"":5,""tallHeight"":148,""shortHeight"":98,""leftHeight"":98,""rightHeight"":148}","undefined","2978","2978","undefined","undefined","banana","peach","MH","SR","MG_HIGH","US_HIGH","MG_HIGH_US_HIGH_banana_peach_MH_SR","13","0","right","undefined","undefined","undefined"
"1bcc79bb-b72d-4ff1-b529-bd2de6959f95","p3_s0_tr","145","windowEvents","undefined","undefined","undefined","undefined","undefined","undefined","undefined","{""focus"":1,""input"":0,""keydown"":0,""keyup"":0,""mousemove"":12,""mousedown"":3,""mouseup"":1,""resize"":0,""scroll"":0,""visibility"":0}","undefined","undefined","undefined","undefined","undefined","undefined","undefined","undefined","undefined","undefined","undefined","undefined","undefined","undefined","undefined","undefined","undefined","undefined"
"1bcc79bb-b72d-4ff1-b529-bd2de6959f95","p2_s0_tl","146","choice","completed","undefined","undefined","undefined","100.00","undefined","","{""assignments"":{""concept_happy"":""SO"",""concept_sick"":""DP""},""conceptA"":{""id"":""concept_happy"",""text"":""happy"",""chosenColorCode"":""SO""},""conceptB"":{""id"":""concept_sick"",""text"":""sick"",""chosenColorCode"":""DP""},""responseTime"":2195,""lastEditTime"":2195,""poolOrder"":0,""trialIndex"":8,""pairId"":""MG_HIGH_US_LOW_happy_sick_DP_SO"",""mgLevel"":""MG_HIGH"",""usLevel"":""US_LOW"",""leftColorCode"":""DP"",""rightColorCode"":""SO"",""swapIndex"":0,""tallerSide"":""left"",""baseTall"":150,""baseShort"":100,""jitter"":5,""tallHeight"":152,""shortHeight"":96,""leftHeight"":152,""rightHeight"":96}","undefined","3016","3016","undefined","undefined","happy","sick","DP","SO","MG_HIGH","US_LOW","MG_HIGH_US_LOW_happy_sick_DP_SO","8","0","left","undefined","undefined","undefined"
"1bcc79bb-b72d-4ff1-b529-bd2de6959f95","p2_s0_tl","146","windowEvents","undefined","undefined","undefined","undefined","undefined","undefined","undefined","{""focus"":1,""input"":0,""keydown"":0,""keyup"":0,""mousemove"":13,""mousedown"":3,""mouseup"":1,""resize"":0,""scroll"":0,""visibility"":0}","undefined","undefined","undefined","undefined","undefined","undefined","undefined","undefined","undefined","undefined","undefined","undefined","undefined","undefined","undefined","undefined","undefined","undefined"
"1bcc79bb-b72d-4ff1-b529-bd2de6959f95","p5_s0_tr","147","choice","completed","undefined","undefined","undefined","100.00","undefined","","{""assignments"":{""concept_death"":""BK"",""concept_justice"":""DB""},""conceptA"":{""id"":""concept_death"",""text"":""death"",""chosenColorCode"":""BK""},""conceptB"":{""id"":""concept_justice"",""text"":""justice"",""chosenColorCode"":""DB""},""responseTime"":1887,""lastEditTime"":1887,""poolOrder"":0,""trialIndex"":21,""pairId"":""MG_HIGH_US_HIGH_death_justice_BK_DB"",""mgLevel"":""MG_HIGH"",""usLevel"":""US_HIGH"",""leftColorCode"":""BK"",""rightColorCode"":""DB"",""swapIndex"":0,""tallerSide"":""right"",""baseTall"":150,""baseShort"":100,""jitter"":5,""tallHeight"":154,""shortHeight"":103,""leftHeight"":103,""rightHeight"":154}","undefined","2527","2527","undefined","undefined","death","justice","BK","DB","MG_HIGH","US_HIGH","MG_HIGH_US_HIGH_death_justice_BK_DB","21","0","right","undefined","undefined","undefined"
"1bcc79bb-b72d-4ff1-b529-bd2de6959f95","p5_s0_tr","147","windowEvents","undefined","undefined","undefined","undefined","undefined","undefined","undefined","{""focus"":1,""input"":0,""keydown"":0,""keyup"":0,""mousemove"":12,""mousedown"":3,""mouseup"":1,""resize"":0,""scroll"":0,""visibility"":0}","undefined","undefined","undefined","undefined","undefined","undefined","undefined","undefined","undefined","undefined","undefined","undefined","undefined","undefined","undefined","undefined","undefined","undefined"
"1bcc79bb-b72d-4ff1-b529-bd2de6959f95","p5_s1_tl","148","choice","completed","undefined","undefined","undefined","100.00","undefined","","{""assignments"":{""concept_death"":""BK"",""concept_justice"":""DB""},""conceptA"":{""id"":""concept_death"",""text"":""death"",""chosenColorCode"":""BK""},""conceptB"":{""id"":""concept_justice"",""text"":""justice"",""chosenColorCode"":""DB""},""responseTime"":2184,""lastEditTime"":2184,""poolOrder"":0,""trialIndex"":22,""pairId"":""MG_HIGH_US_HIGH_death_justice_BK_DB"",""mgLevel"":""MG_HIGH"",""usLevel"":""US_HIGH"",""leftColorCode"":""DB"",""rightColorCode"":""BK"",""swapIndex"":1,""tallerSide"":""left"",""baseTall"":150,""baseShort"":100,""jitter"":5,""tallHeight"":150,""shortHeight"":100,""leftHeight"":150,""rightHeight"":100}","undefined","3111","3111","undefined","undefined","death","justice","BK","DB","MG_HIGH","US_HIGH","MG_HIGH_US_HIGH_death_justice_BK_DB","22","1","left","undefined","undefined","undefined"
"1bcc79bb-b72d-4ff1-b529-bd2de6959f95","p5_s1_tl","148","windowEvents","undefined","undefined","undefined","undefined","undefined","undefined","undefined","{""focus"":1,""input"":0,""keydown"":0,""keyup"":0,""mousemove"":14,""mousedown"":3,""mouseup"":1,""resize"":0,""scroll"":0,""visibility"":0}","undefined","undefined","undefined","undefined","undefined","undefined","undefined","undefined","undefined","undefined","undefined","undefined","undefined","undefined","undefined","undefined","undefined","undefined"
"1bcc79bb-b72d-4ff1-b529-bd2de6959f95","p8_s1_tr","149","choice","completed","undefined","undefined","undefined","100.00","undefined","","{""assignments"":{""concept_peace"":""MC"",""concept_justice"":""MO""},""conceptA"":{""id"":""concept_justice"",""text"":""justice"",""chosenColorCode"":""MO""},""conceptB"":{""id"":""concept_peace"",""text"":""peace"",""chosenColorCode"":""MC""},""responseTime"":2471,""lastEditTime"":2471,""poolOrder"":1,""trialIndex"":35,""pairId"":""MG_LOW_US_LOW_justice_peace_MC_MO"",""mgLevel"":""MG_LOW"",""usLevel"":""US_LOW"",""leftColorCode"":""MO"",""rightColorCode"":""MC"",""swapIndex"":1,""tallerSide"":""right"",""baseTall"":150,""baseShort"":100,""jitter"":5,""tallHeight"":153,""shortHeight"":101,""leftHeight"":101,""rightHeight"":153}","undefined","3233","3233","undefined","undefined","justice","peace","MC","MO","MG_LOW","US_LOW","MG_LOW_US_LOW_justice_peace_MC_MO","35","1","right","undefined","undefined","undefined"
"1bcc79bb-b72d-4ff1-b529-bd2de6959f95","p8_s1_tr","149","windowEvents","undefined","undefined","undefined","undefined","undefined","undefined","undefined","{""focus"":1,""input"":0,""keydown"":0,""keyup"":0,""mousemove"":12,""mousedown"":3,""mouseup"":1,""resize"":0,""scroll"":0,""visibility"":0}","undefined","undefined","undefined","undefined","undefined","undefined","undefined","undefined","undefined","undefined","undefined","undefined","undefined","undefined","undefined","undefined","undefined","undefined"
"1bcc79bb-b72d-4ff1-b529-bd2de6959f95","p4_s0_tl","150","choice","completed","undefined","undefined","undefined","100.00","undefined","","{""assignments"":{""concept_peace"":""LB"",""concept_death"":""DP""},""conceptA"":{""id"":""concept_death"",""text"":""death"",""chosenColorCode"":""DP""},""conceptB"":{""id"":""concept_peace"",""text"":""peace"",""chosenColorCode"":""LB""},""responseTime"":2298,""lastEditTime"":2298,""poolOrder"":1,""trialIndex"":16,""pairId"":""MG_HIGH_US_HIGH_death_peace_DP_LB"",""mgLevel"":""MG_HIGH"",""usLevel"":""US_HIGH"",""leftColorCode"":""DP"",""rightColorCode"":""LB"",""swapIndex"":0,""tallerSide"":""left"",""baseTall"":150,""baseShort"":100,""jitter"":5,""tallHeight"":148,""shortHeight"":105,""leftHeight"":148,""rightHeight"":105}","undefined","2992","2992","undefined","undefined","death","peace","DP","LB","MG_HIGH","US_HIGH","MG_HIGH_US_HIGH_death_peace_DP_LB","16","0","left","undefined","undefined","undefined"
"1bcc79bb-b72d-4ff1-b529-bd2de6959f95","p4_s0_tl","150","windowEvents","undefined","undefined","undefined","undefined","undefined","undefined","undefined","{""focus"":1,""input"":0,""keydown"":0,""keyup"":0,""mousemove"":14,""mousedown"":3,""mouseup"":1,""resize"":0,""scroll"":0,""visibility"":0}","undefined","undefined","undefined","undefined","undefined","undefined","undefined","undefined","undefined","undefined","undefined","undefined","undefined","undefined","undefined","undefined","undefined","undefined"