group,participantId,trialId,category,accuracy
mg,09b12105-8844-4979-b829-450cea06e9ee,p0_s1_tl,MG_HIGH-US_LOW,1
mg,09b12105-8844-4979-b829-450cea06e9ee,p11_s0_tr,MG_LOW-US_HIGH,1
mg,09b12105-8844-4979-b829-450cea06e9ee,p7_s1_tl,MG_LOW-US_LOW,1
mg,09b12105-8844-4979-b829-450cea06e9ee,p11_s1_tl,MG_LOW-US_HIGH,0
mg,09b12105-8844-4979-b829-450cea06e9ee,p8_s1_tl,MG_LOW-US_LOW,1
mg,09b12105-8844-4979-b829-450cea06e9ee,p2_s1_tl,MG_HIGH-US_LOW,1
mg,09b12105-8844-4979-b829-450cea06e9ee,p9_s1_tl,MG_LOW-US_HIGH,0
mg,09b12105-8844-4979-b829-450cea06e9ee,p7_s0_tl,MG_LOW-US_LOW,0
mg,09b12105-8844-4979-b829-450cea06e9ee,p4_s1_tl,MG_HIGH-US_HIGH,1
mg,09b12105-8844-4979-b829-450cea06e9ee,p5_s0_tr,MG_HIGH-US_HIGH,1
mg,09b12105-8844-4979-b829-450cea06e9ee,p4_s0_tl,MG_HIGH-US_HIGH,1
mg,09b12105-8844-4979-b829-450cea06e9ee,p8_s0_tr,MG_LOW-US_LOW,1
mg,09b12105-8844-4979-b829-450cea06e9ee,p6_s1_tl,MG_LOW-US_LOW,1
mg,09b12105-8844-4979-b829-450cea06e9ee,p1_s1_tr,MG_HIGH-US_LOW,1
mg,09b12105-8844-4979-b829-450cea06e9ee,p2_s0_tl,MG_HIGH-US_LOW,0
mg,09b12105-8844-4979-b829-450cea06e9ee,p1_s0_tr,MG_HIGH-US_LOW,0
mg,09b12105-8844-4979-b829-450cea06e9ee,p9_s1_tr,MG_LOW-US_HIGH,0
mg,09b12105-8844-4979-b829-450cea06e9ee,p5_s0_tl,MG_HIGH-US_HIGH,1
mg,09b12105-8844-4979-b829-450cea06e9ee,p5_s1_tr,MG_HIGH-US_HIGH,1
mg,09b12105-8844-4979-b829-450cea06e9ee,p11_s1_tr,MG_LOW-US_HIGH,1
mg,09b12105-8844-4979-b829-450cea06e9ee,p10_s0_tr,MG_LOW-US_HIGH,1
mg,09b12105-8844-4979-b829-450cea06e9ee,p10_s1_tl,MG_LOW-US_HIGH,1
mg,09b12105-8844-4979-b829-450cea06e9ee,p8_s0_tl,MG_LOW-US_LOW,1
mg,09b12105-8844-4979-b829-450cea06e9ee,p11_s0_tl,MG_LOW-US_HIGH,1
mg,09b12105-8844-4979-b829-450cea06e9ee,p0_s0_tr,MG_HIGH-US_LOW,1
mg,09b12105-8844-4979-b829-450cea06e9ee,p8_s1_tr,MG_LOW-US_LOW,1
mg,09b12105-8844-4979-b829-450cea06e9ee,p9_s0_tl,MG_LOW-US_HIGH,0
mg,09b12105-8844-4979-b829-450cea06e9ee,p7_s1_tr,MG_LOW-US_LOW,0
mg,09b12105-8844-4979-b829-450cea06e9ee,p1_s1_tl,MG_HIGH-US_LOW,1
mg,09b12105-8844-4979-b829-450cea06e9ee,p9_s0_tr,MG_LOW-US_HIGH,1
mg,09b12105-8844-4979-b829-450cea06e9ee,p3_s0_tl,MG_HIGH-US_HIGH,1
mg,09b12105-8844-4979-b829-450cea06e9ee,p10_s0_tl,MG_LOW-US_HIGH,1
mg,09b12105-8844-4979-b829-450cea06e9ee,p4_s0_tr,MG_HIGH-US_HIGH,1
mg,09b12105-8844-4979-b829-450cea06e9ee,p3_s1_tl,MG_HIGH-US_HIGH,1
mg,09b12105-8844-4979-b829-450cea06e9ee,p2_s0_tr,MG_HIGH-US_LOW,1
mg,09b12105-8844-4979-b829-450cea06e9ee,p6_s0_tl,MG_LOW-US_LOW,1
mg,09b12105-8844-4979-b829-450cea06e9ee,p0_s0_tl,MG_HIGH-US_LOW,1
mg,09b12105-8844-4979-b829-450cea06e9ee,p6_s1_tr,MG_LOW-US_LOW,1
mg,09b12105-8844-4979-b829-450cea06e9ee,p3_s0_tr,MG_HIGH-US_HIGH,1
mg,09b12105-8844-4979-b829-450cea06e9ee,p4_s1_tr,MG_HIGH-US_HIGH,1
mg,09b12105-8844-4979-b829-450cea06e9ee,p5_s1_tl,MG_HIGH-US_HIGH,1
mg,09b12105-8844-4979-b829-450cea06e9ee,p7_s0_tr,MG_LOW-US_LOW,0
mg,09b12105-8844-4979-b829-450cea06e9ee,p10_s1_tr,MG_LOW-US_HIGH,1
mg,09b12105-8844-4979-b829-450cea06e9ee,p3_s1_tr,MG_HIGH-US_HIGH,1
mg,09b12105-8844-4979-b829-450cea06e9ee,p0_s1_tr,MG_HIGH-US_LOW,1
mg,09b12105-8844-4979-b829-450cea06e9ee,p1_s0_tl,MG_HIGH-US_LOW,1
mg,09b12105-8844-4979-b829-450cea06e9ee,p2_s1_tr,MG_HIGH-US_LOW,1
mg,09b12105-8844-4979-b829-450cea06e9ee,p6_s0_tr,MG_LOW-US_LOW,1
mg,09b12105-8844-4979-b829-450cea06e9ee,p7_s0_tl,MG_LOW-US_LOW,0
mg,09b12105-8844-4979-b829-450cea06e9ee,p1_s0_tr,MG_HIGH-US_LOW,1
mg,09b12105-8844-4979-b829-450cea06e9ee,p0_s1_tr,MG_HIGH-US_LOW,1
mg,09b12105-8844-4979-b829-450cea06e9ee,p4_s1_tl,MG_HIGH-US_HIGH,1
mg,09b12105-8844-4979-b829-450cea06e9ee,p2_s1_tl,MG_HIGH-US_LOW,1
mg,09b12105-8844-4979-b829-450cea06e9ee,p1_s0_tl,MG_HIGH-US_LOW,1
mg,09b12105-8844-4979-b829-450cea06e9ee,p4_s0_tr,MG_HIGH-US_HIGH,1
mg,09b12105-8844-4979-b829-450cea06e9ee,p2_s0_tl,MG_HIGH-US_LOW,1
mg,09b12105-8844-4979-b829-450cea06e9ee,p10_s0_tl,MG_LOW-US_HIGH,0
mg,09b12105-8844-4979-b829-450cea06e9ee,p6_s1_tl,MG_LOW-US_LOW,1
mg,09b12105-8844-4979-b829-450cea06e9ee,p2_s1_tr,MG_HIGH-US_LOW,1
mg,09b12105-8844-4979-b829-450cea06e9ee,p5_s1_tr,MG_HIGH-US_HIGH,0
mg,09b12105-8844-4979-b829-450cea06e9ee,p9_s0_tr,MG_LOW-US_HIGH,1
mg,09b12105-8844-4979-b829-450cea06e9ee,p11_s0_tr,MG_LOW-US_HIGH,1
mg,09b12105-8844-4979-b829-450cea06e9ee,p11_s1_tr,MG_LOW-US_HIGH,0
mg,09b12105-8844-4979-b829-450cea06e9ee,p7_s1_tr,MG_LOW-US_LOW,1
mg,09b12105-8844-4979-b829-450cea06e9ee,p3_s0_tr,MG_HIGH-US_HIGH,1
mg,09b12105-8844-4979-b829-450cea06e9ee,p8_s1_tr,MG_LOW-US_LOW,1
mg,09b12105-8844-4979-b829-450cea06e9ee,p10_s1_tr,MG_LOW-US_HIGH,1
mg,09b12105-8844-4979-b829-450cea06e9ee,p0_s0_tr,MG_HIGH-US_LOW,1
mg,09b12105-8844-4979-b829-450cea06e9ee,p6_s0_tl,MG_LOW-US_LOW,1
mg,09b12105-8844-4979-b829-450cea06e9ee,p5_s0_tr,MG_HIGH-US_HIGH,1
mg,09b12105-8844-4979-b829-450cea06e9ee,p9_s1_tl,MG_LOW-US_HIGH,1
mg,09b12105-8844-4979-b829-450cea06e9ee,p5_s0_tl,MG_HIGH-US_HIGH,1
mg,09b12105-8844-4979-b829-450cea06e9ee,p11_s0_tl,MG_LOW-US_HIGH,1
mg,09b12105-8844-4979-b829-450cea06e9ee,p1_s1_tl,MG_HIGH-US_LOW,1
mg,09b12105-8844-4979-b829-450cea06e9ee,p8_s0_tl,MG_LOW-US_LOW,1
mg,09b12105-8844-4979-b829-450cea06e9ee,p0_s0_tl,MG_HIGH-US_LOW,1
mg,09b12105-8844-4979-b829-450cea06e9ee,p9_s1_tr,MG_LOW-US_HIGH,1
mg,09b12105-8844-4979-b829-450cea06e9ee,p10_s1_tl,MG_LOW-US_HIGH,0
mg,09b12105-8844-4979-b829-450cea06e9ee,p3_s0_tl,MG_HIGH-US_HIGH,1
mg,09b12105-8844-4979-b829-450cea06e9ee,p2_s0_tr,MG_HIGH-US_LOW,1
mg,09b12105-8844-4979-b829-450cea06e9ee,p11_s1_tl,MG_LOW-US_HIGH,1
mg,09b12105-8844-4979-b829-450cea06e9ee,p8_s1_tl,MG_LOW-US_LOW,1
mg,09b12105-8844-4979-b829-450cea06e9ee,p7_s0_tr,MG_LOW-US_LOW,0
mg,09b12105-8844-4979-b829-450cea06e9ee,p4_s1_tr,MG_HIGH-US_HIGH,1
mg,09b12105-8844-4979-b829-450cea06e9ee,p5_s1_tl,MG_HIGH-US_HIGH,0
mg,09b12105-8844-4979-b829-450cea06e9ee,p6_s0_tr,MG_LOW-US_LOW,1
mg,09b12105-8844-4979-b829-450cea06e9ee,p1_s1_tr,MG_HIGH-US_LOW,1
mg,09b12105-8844-4979-b829-450cea06e9ee,p3_s1_tr,MG_HIGH-US_HIGH,1
mg,09b12105-8844-4979-b829-450cea06e9ee,p7_s1_tl,MG_LOW-US_LOW,1
mg,09b12105-8844-4979-b829-450cea06e9ee,p10_s0_tr,MG_LOW-US_HIGH,1
mg,09b12105-8844-4979-b829-450cea06e9ee,p4_s0_tl,MG_HIGH-US_HIGH,1
mg,09b12105-8844-4979-b829-450cea06e9ee,p9_s0_tl,MG_LOW-US_HIGH,1
mg,09b12105-8844-4979-b829-450cea06e9ee,p8_s0_tr,MG_LOW-US_LOW,1
mg,09b12105-8844-4979-b829-450cea06e9ee,p0_s1_tl,MG_HIGH-US_LOW,1
mg,09b12105-8844-4979-b829-450cea06e9ee,p3_s1_tl,MG_HIGH-US_HIGH,1
mg,09b12105-8844-4979-b829-450cea06e9ee,p6_s1_tr,MG_LOW-US_LOW,1
mg,09b12105-8844-4979-b829-450cea06e9ee,p11_s1_tr,MG_LOW-US_HIGH,1
mg,09b12105-8844-4979-b829-450cea06e9ee,p5_s1_tl,MG_HIGH-US_HIGH,1
mg,09b12105-8844-4979-b829-450cea06e9ee,p11_s0_tl,MG_LOW-US_HIGH,1
mg,09b12105-8844-4979-b829-450cea06e9ee,p4_s1_tl,MG_HIGH-US_HIGH,1
mg,09b12105-8844-4979-b829-450cea06e9ee,p3_s0_tr,MG_HIGH-US_HIGH,1
mg,09b12105-8844-4979-b829-450cea06e9ee,p1_s1_tr,MG_HIGH-US_LOW,1
mg,09b12105-8844-4979-b829-450cea06e9ee,p7_s0_tl,MG_LOW-US_LOW,0
mg,09b12105-8844-4979-b829-450cea06e9ee,p0_s1_tr,MG_HIGH-US_LOW,1
mg,09b12105-8844-4979-b829-450cea06e9ee,p1_s1_tl,MG_HIGH-US_LOW,1
mg,09b12105-8844-4979-b829-450cea06e9ee,p2_s0_tl,MG_HIGH-US_LOW,1
mg,09b12105-8844-4979-b829-450cea06e9ee,p5_s1_tr,MG_HIGH-US_HIGH,0
mg,09b12105-8844-4979-b829-450cea06e9ee,p8_s0_tl,MG_LOW-US_LOW,1
mg,09b12105-8844-4979-b829-450cea06e9ee,p5_s0_tr,MG_HIGH-US_HIGH,0
mg,09b12105-8844-4979-b829-450cea06e9ee,p3_s1_tl,MG_HIGH-US_HIGH,1
mg,09b12105-8844-4979-b829-450cea06e9ee,p0_s0_tl,MG_HIGH-US_LOW,1
mg,09b12105-8844-4979-b829-450cea06e9ee,p1_s0_tr,MG_HIGH-US_LOW,1
mg,09b12105-8844-4979-b829-450cea06e9ee,p5_s0_tl,MG_HIGH-US_HIGH,0
mg,09b12105-8844-4979-b829-450cea06e9ee,p9_s1_tl,MG_LOW-US_HIGH,1
mg,09b12105-8844-4979-b829-450cea06e9ee,p9_s0_tl,MG_LOW-US_HIGH,1
mg,09b12105-8844-4979-b829-450cea06e9ee,p2_s0_tr,MG_HIGH-US_LOW,1
mg,09b12105-8844-4979-b829-450cea06e9ee,p10_s0_tr,MG_LOW-US_HIGH,0
mg,09b12105-8844-4979-b829-450cea06e9ee,p11_s1_tl,MG_LOW-US_HIGH,1
mg,09b12105-8844-4979-b829-450cea06e9ee,p2_s1_tr,MG_HIGH-US_LOW,1
mg,09b12105-8844-4979-b829-450cea06e9ee,p10_s0_tl,MG_LOW-US_HIGH,1
mg,09b12105-8844-4979-b829-450cea06e9ee,p2_s1_tl,MG_HIGH-US_LOW,1
mg,09b12105-8844-4979-b829-450cea06e9ee,p7_s0_tr,MG_LOW-US_LOW,1
mg,09b12105-8844-4979-b829-450cea06e9ee,p0_s0_tr,MG_HIGH-US_LOW,1
mg,09b12105-8844-4979-b829-450cea06e9ee,p10_s1_tr,MG_LOW-US_HIGH,0
mg,09b12105-8844-4979-b829-450cea06e9ee,p6_s0_tl,MG_LOW-US_LOW,1
mg,09b12105-8844-4979-b829-450cea06e9ee,p3_s0_tl,MG_HIGH-US_HIGH,1
mg,09b12105-8844-4979-b829-450cea06e9ee,p0_s1_tl,MG_HIGH-US_LOW,1
mg,09b12105-8844-4979-b829-450cea06e9ee,p11_s0_tr,MG_LOW-US_HIGH,1
mg,09b12105-8844-4979-b829-450cea06e9ee,p7_s1_tr,MG_LOW-US_LOW,1
mg,09b12105-8844-4979-b829-450cea06e9ee,p6_s1_tl,MG_LOW-US_LOW,1
mg,09b12105-8844-4979-b829-450cea06e9ee,p8_s1_tl,MG_LOW-US_LOW,1
mg,09b12105-8844-4979-b829-450cea06e9ee,p4_s1_tr,MG_HIGH-US_HIGH,1
mg,09b12105-8844-4979-b829-450cea06e9ee,p8_s0_tr,MG_LOW-US_LOW,1
mg,09b12105-8844-4979-b829-450cea06e9ee,p7_s1_tl,MG_LOW-US_LOW,1
mg,09b12105-8844-4979-b829-450cea06e9ee,p1_s0_tl,MG_HIGH-US_LOW,1
mg,09b12105-8844-4979-b829-450cea06e9ee,p10_s1_tl,MG_LOW-US_HIGH,1
mg,09b12105-8844-4979-b829-450cea06e9ee,p6_s1_tr,MG_LOW-US_LOW,1
mg,09b12105-8844-4979-b829-450cea06e9ee,p9_s1_tr,MG_LOW-US_HIGH,1
mg,09b12105-8844-4979-b829-450cea06e9ee,p4_s0_tr,MG_HIGH-US_HIGH,1
mg,09b12105-8844-4979-b829-450cea06e9ee,p9_s0_tr,MG_LOW-US_HIGH,1
mg,09b12105-8844-4979-b829-450cea06e9ee,p4_s0_tl,MG_HIGH-US_HIGH,1
mg,09b12105-8844-4979-b829-450cea06e9ee,p8_s1_tr,MG_LOW-US_LOW,1
mg,09b12105-8844-4979-b829-450cea06e9ee,p6_s0_tr,MG_LOW-US_LOW,1
mg,09b12105-8844-4979-b829-450cea06e9ee,p3_s1_tr,MG_HIGH-US_HIGH,1
mg,10c1ff30-2c0d-4758-a7b2-5b001fee3be5,p1_s1_tr,MG_HIGH-US_LOW,1
mg,10c1ff30-2c0d-4758-a7b2-5b001fee3be5,p11_s1_tr,MG_LOW-US_HIGH,1
mg,10c1ff30-2c0d-4758-a7b2-5b001fee3be5,p0_s0_tl,MG_HIGH-US_LOW,1
mg,10c1ff30-2c0d-4758-a7b2-5b001fee3be5,p4_s1_tl,MG_HIGH-US_HIGH,1
mg,10c1ff30-2c0d-4758-a7b2-5b001fee3be5,p6_s1_tr,MG_LOW-US_LOW,1
mg,10c1ff30-2c0d-4758-a7b2-5b001fee3be5,p7_s0_tr,MG_LOW-US_LOW,1
mg,10c1ff30-2c0d-4758-a7b2-5b001fee3be5,p4_s0_tr,MG_HIGH-US_HIGH,1
mg,10c1ff30-2c0d-4758-a7b2-5b001fee3be5,p2_s1_tl,MG_HIGH-US_LOW,1
mg,10c1ff30-2c0d-4758-a7b2-5b001fee3be5,p7_s1_tr,MG_LOW-US_LOW,1
mg,10c1ff30-2c0d-4758-a7b2-5b001fee3be5,p9_s0_tl,MG_LOW-US_HIGH,1
mg,10c1ff30-2c0d-4758-a7b2-5b001fee3be5,p5_s0_tl,MG_HIGH-US_HIGH,1
mg,10c1ff30-2c0d-4758-a7b2-5b001fee3be5,p11_s0_tl,MG_LOW-US_HIGH,1
mg,10c1ff30-2c0d-4758-a7b2-5b001fee3be5,p0_s0_tr,MG_HIGH-US_LOW,1
mg,10c1ff30-2c0d-4758-a7b2-5b001fee3be5,p10_s1_tr,MG_LOW-US_HIGH,1
mg,10c1ff30-2c0d-4758-a7b2-5b001fee3be5,p5_s1_tl,MG_HIGH-US_HIGH,1
mg,10c1ff30-2c0d-4758-a7b2-5b001fee3be5,p5_s0_tr,MG_HIGH-US_HIGH,1
mg,10c1ff30-2c0d-4758-a7b2-5b001fee3be5,p10_s0_tl,MG_LOW-US_HIGH,1
mg,10c1ff30-2c0d-4758-a7b2-5b001fee3be5,p9_s1_tr,MG_LOW-US_HIGH,1
mg,10c1ff30-2c0d-4758-a7b2-5b001fee3be5,p3_s1_tr,MG_HIGH-US_HIGH,1
mg,10c1ff30-2c0d-4758-a7b2-5b001fee3be5,p0_s1_tl,MG_HIGH-US_LOW,1
mg,10c1ff30-2c0d-4758-a7b2-5b001fee3be5,p8_s1_tr,MG_LOW-US_LOW,1
mg,10c1ff30-2c0d-4758-a7b2-5b001fee3be5,p10_s0_tr,MG_LOW-US_HIGH,0
mg,10c1ff30-2c0d-4758-a7b2-5b001fee3be5,p11_s1_tl,MG_LOW-US_HIGH,0
mg,10c1ff30-2c0d-4758-a7b2-5b001fee3be5,p7_s1_tl,MG_LOW-US_LOW,0
mg,10c1ff30-2c0d-4758-a7b2-5b001fee3be5,p1_s0_tr,MG_HIGH-US_LOW,1
mg,10c1ff30-2c0d-4758-a7b2-5b001fee3be5,p11_s0_tr,MG_LOW-US_HIGH,0
mg,10c1ff30-2c0d-4758-a7b2-5b001fee3be5,p2_s0_tl,MG_HIGH-US_LOW,1
mg,10c1ff30-2c0d-4758-a7b2-5b001fee3be5,p3_s0_tl,MG_HIGH-US_HIGH,1
mg,10c1ff30-2c0d-4758-a7b2-5b001fee3be5,p3_s0_tr,MG_HIGH-US_HIGH,1
mg,10c1ff30-2c0d-4758-a7b2-5b001fee3be5,p4_s0_tl,MG_HIGH-US_HIGH,1
mg,10c1ff30-2c0d-4758-a7b2-5b001fee3be5,p6_s0_tr,MG_LOW-US_LOW,1
mg,10c1ff30-2c0d-4758-a7b2-5b001fee3be5,p4_s1_tr,MG_HIGH-US_HIGH,1
mg,10c1ff30-2c0d-4758-a7b2-5b001fee3be5,p8_s0_tl,MG_LOW-US_LOW,0
mg,10c1ff30-2c0d-4758-a7b2-5b001fee3be5,p3_s1_tl,MG_HIGH-US_HIGH,1
mg,10c1ff30-2c0d-4758-a7b2-5b001fee3be5,p9_s0_tr,MG_LOW-US_HIGH,1
mg,10c1ff30-2c0d-4758-a7b2-5b001fee3be5,p5_s1_tr,MG_HIGH-US_HIGH,1
mg,10c1ff30-2c0d-4758-a7b2-5b001fee3be5,p8_s1_tl,MG_LOW-US_LOW,1
mg,10c1ff30-2c0d-4758-a7b2-5b001fee3be5,p0_s1_tr,MG_HIGH-US_LOW,1
mg,10c1ff30-2c0d-4758-a7b2-5b001fee3be5,p8_s0_tr,MG_LOW-US_LOW,1
mg,10c1ff30-2c0d-4758-a7b2-5b001fee3be5,p1_s1_tl,MG_HIGH-US_LOW,1
mg,10c1ff30-2c0d-4758-a7b2-5b001fee3be5,p2_s1_tr,MG_HIGH-US_LOW,1
mg,10c1ff30-2c0d-4758-a7b2-5b001fee3be5,p10_s1_tl,MG_LOW-US_HIGH,1
mg,10c1ff30-2c0d-4758-a7b2-5b001fee3be5,p2_s0_tr,MG_HIGH-US_LOW,1
mg,10c1ff30-2c0d-4758-a7b2-5b001fee3be5,p9_s1_tl,MG_LOW-US_HIGH,1
mg,10c1ff30-2c0d-4758-a7b2-5b001fee3be5,p1_s0_tl,MG_HIGH-US_LOW,1
mg,10c1ff30-2c0d-4758-a7b2-5b001fee3be5,p7_s0_tl,MG_LOW-US_LOW,1
mg,10c1ff30-2c0d-4758-a7b2-5b001fee3be5,p6_s1_tl,MG_LOW-US_LOW,1
mg,10c1ff30-2c0d-4758-a7b2-5b001fee3be5,p6_s0_tl,MG_LOW-US_LOW,1
mg,10c1ff30-2c0d-4758-a7b2-5b001fee3be5,p0_s0_tl,MG_HIGH-US_LOW,1
mg,10c1ff30-2c0d-4758-a7b2-5b001fee3be5,p10_s1_tl,MG_LOW-US_HIGH,0
mg,10c1ff30-2c0d-4758-a7b2-5b001fee3be5,p0_s1_tl,MG_HIGH-US_LOW,1
mg,10c1ff30-2c0d-4758-a7b2-5b001fee3be5,p3_s0_tl,MG_HIGH-US_HIGH,1
mg,10c1ff30-2c0d-4758-a7b2-5b001fee3be5,p7_s1_tl,MG_LOW-US_LOW,0
mg,10c1ff30-2c0d-4758-a7b2-5b001fee3be5,p3_s0_tr,MG_HIGH-US_HIGH,1
mg,10c1ff30-2c0d-4758-a7b2-5b001fee3be5,p6_s0_tr,MG_LOW-US_LOW,1
mg,10c1ff30-2c0d-4758-a7b2-5b001fee3be5,p8_s1_tl,MG_LOW-US_LOW,0
mg,10c1ff30-2c0d-4758-a7b2-5b001fee3be5,p1_s0_tr,MG_HIGH-US_LOW,1
mg,10c1ff30-2c0d-4758-a7b2-5b001fee3be5,p0_s1_tr,MG_HIGH-US_LOW,1
mg,10c1ff30-2c0d-4758-a7b2-5b001fee3be5,p2_s0_tr,MG_HIGH-US_LOW,1
mg,10c1ff30-2c0d-4758-a7b2-5b001fee3be5,p11_s1_tr,MG_LOW-US_HIGH,1
mg,10c1ff30-2c0d-4758-a7b2-5b001fee3be5,p11_s0_tr,MG_LOW-US_HIGH,1
mg,10c1ff30-2c0d-4758-a7b2-5b001fee3be5,p6_s1_tr,MG_LOW-US_LOW,1
mg,10c1ff30-2c0d-4758-a7b2-5b001fee3be5,p7_s0_tl,MG_LOW-US_LOW,1
mg,10c1ff30-2c0d-4758-a7b2-5b001fee3be5,p2_s1_tr,MG_HIGH-US_LOW,1
mg,10c1ff30-2c0d-4758-a7b2-5b001fee3be5,p10_s1_tr,MG_LOW-US_HIGH,0
mg,10c1ff30-2c0d-4758-a7b2-5b001fee3be5,p1_s0_tl,MG_HIGH-US_LOW,1
mg,10c1ff30-2c0d-4758-a7b2-5b001fee3be5,p2_s0_tl,MG_HIGH-US_LOW,1
mg,10c1ff30-2c0d-4758-a7b2-5b001fee3be5,p6_s0_tl,MG_LOW-US_LOW,1
mg,10c1ff30-2c0d-4758-a7b2-5b001fee3be5,p10_s0_tr,MG_LOW-US_HIGH,0
mg,10c1ff30-2c0d-4758-a7b2-5b001fee3be5,p11_s0_tl,MG_LOW-US_HIGH,1
mg,10c1ff30-2c0d-4758-a7b2-5b001fee3be5,p10_s0_tl,MG_LOW-US_HIGH,0
mg,10c1ff30-2c0d-4758-a7b2-5b001fee3be5,p1_s1_tr,MG_HIGH-US_LOW,1
mg,10c1ff30-2c0d-4758-a7b2-5b001fee3be5,p9_s1_tr,MG_LOW-US_HIGH,1
mg,10c1ff30-2c0d-4758-a7b2-5b001fee3be5,p11_s1_tl,MG_LOW-US_HIGH,1
mg,10c1ff30-2c0d-4758-a7b2-5b001fee3be5,p8_s0_tr,MG_LOW-US_LOW,1
mg,10c1ff30-2c0d-4758-a7b2-5b001fee3be5,p0_s0_tr,MG_HIGH-US_LOW,1
mg,10c1ff30-2c0d-4758-a7b2-5b001fee3be5,p4_s0_tl,MG_HIGH-US_HIGH,1
mg,10c1ff30-2c0d-4758-a7b2-5b001fee3be5,p7_s0_tr,MG_LOW-US_LOW,1
mg,10c1ff30-2c0d-4758-a7b2-5b001fee3be5,p4_s1_tr,MG_HIGH-US_HIGH,1
mg,10c1ff30-2c0d-4758-a7b2-5b001fee3be5,p3_s1_tr,MG_HIGH-US_HIGH,1
mg,10c1ff30-2c0d-4758-a7b2-5b001fee3be5,p5_s1_tr,MG_HIGH-US_HIGH,1
mg,10c1ff30-2c0d-4758-a7b2-5b001fee3be5,p5_s1_tl,MG_HIGH-US_HIGH,1
mg,10c1ff30-2c0d-4758-a7b2-5b001fee3be5,p8_s1_tr,MG_LOW-US_LOW,1
mg,10c1ff30-2c0d-4758-a7b2-5b001fee3be5,p4_s1_tl,MG_HIGH-US_HIGH,1
mg,10c1ff30-2c0d-4758-a7b2-5b001fee3be5,p9_s0_tl,MG_LOW-US_HIGH,1
mg,10c1ff30-2c0d-4758-a7b2-5b001fee3be5,p3_s1_tl,MG_HIGH-US_HIGH,1
mg,10c1ff30-2c0d-4758-a7b2-5b001fee3be5,p8_s0_tl,MG_LOW-US_LOW,1
mg,10c1ff30-2c0d-4758-a7b2-5b001fee3be5,p9_s1_tl,MG_LOW-US_HIGH,1
mg,10c1ff30-2c0d-4758-a7b2-5b001fee3be5,p4_s0_tr,MG_HIGH-US_HIGH,1
mg,10c1ff30-2c0d-4758-a7b2-5b001fee3be5,p5_s0_tl,MG_HIGH-US_HIGH,1
mg,10c1ff30-2c0d-4758-a7b2-5b001fee3be5,p9_s0_tr,MG_LOW-US_HIGH,1
mg,10c1ff30-2c0d-4758-a7b2-5b001fee3be5,p7_s1_tr,MG_LOW-US_LOW,0
mg,10c1ff30-2c0d-4758-a7b2-5b001fee3be5,p2_s1_tl,MG_HIGH-US_LOW,1
mg,10c1ff30-2c0d-4758-a7b2-5b001fee3be5,p6_s1_tl,MG_LOW-US_LOW,0
mg,10c1ff30-2c0d-4758-a7b2-5b001fee3be5,p5_s0_tr,MG_HIGH-US_HIGH,1
mg,10c1ff30-2c0d-4758-a7b2-5b001fee3be5,p1_s1_tl,MG_HIGH-US_LOW,1
mg,10c1ff30-2c0d-4758-a7b2-5b001fee3be5,p8_s0_tl,MG_LOW-US_LOW,1
mg,10c1ff30-2c0d-4758-a7b2-5b001fee3be5,p11_s0_tr,MG_LOW-US_HIGH,1
mg,10c1ff30-2c0d-4758-a7b2-5b001fee3be5,p2_s0_tr,MG_HIGH-US_LOW,1
mg,10c1ff30-2c0d-4758-a7b2-5b001fee3be5,p3_s0_tl,MG_HIGH-US_HIGH,1
mg,10c1ff30-2c0d-4758-a7b2-5b001fee3be5,p8_s1_tl,MG_LOW-US_LOW,1
mg,10c1ff30-2c0d-4758-a7b2-5b001fee3be5,p0_s1_tl,MG_HIGH-US_LOW,1
mg,10c1ff30-2c0d-4758-a7b2-5b001fee3be5,p10_s1_tr,MG_LOW-US_HIGH,0
mg,10c1ff30-2c0d-4758-a7b2-5b001fee3be5,p0_s1_tr,MG_HIGH-US_LOW,1
mg,10c1ff30-2c0d-4758-a7b2-5b001fee3be5,p4_s1_tl,MG_HIGH-US_HIGH,1
mg,10c1ff30-2c0d-4758-a7b2-5b001fee3be5,p0_s0_tl,MG_HIGH-US_LOW,1
mg,10c1ff30-2c0d-4758-a7b2-5b001fee3be5,p0_s0_tr,MG_HIGH-US_LOW,1
mg,10c1ff30-2c0d-4758-a7b2-5b001fee3be5,p11_s0_tl,MG_LOW-US_HIGH,1
mg,10c1ff30-2c0d-4758-a7b2-5b001fee3be5,p7_s0_tr,MG_LOW-US_LOW,1
mg,10c1ff30-2c0d-4758-a7b2-5b001fee3be5,p3_s1_tl,MG_HIGH-US_HIGH,1
mg,10c1ff30-2c0d-4758-a7b2-5b001fee3be5,p10_s1_tl,MG_LOW-US_HIGH,1
mg,10c1ff30-2c0d-4758-a7b2-5b001fee3be5,p5_s1_tr,MG_HIGH-US_HIGH,1
mg,10c1ff30-2c0d-4758-a7b2-5b001fee3be5,p10_s0_tr,MG_LOW-US_HIGH,0
mg,10c1ff30-2c0d-4758-a7b2-5b001fee3be5,p6_s0_tl,MG_LOW-US_LOW,1
mg,10c1ff30-2c0d-4758-a7b2-5b001fee3be5,p6_s0_tr,MG_LOW-US_LOW,1
mg,10c1ff30-2c0d-4758-a7b2-5b001fee3be5,p8_s1_tr,MG_LOW-US_LOW,1
mg,10c1ff30-2c0d-4758-a7b2-5b001fee3be5,p6_s1_tl,MG_LOW-US_LOW,1
mg,10c1ff30-2c0d-4758-a7b2-5b001fee3be5,p2_s1_tl,MG_HIGH-US_LOW,1
mg,10c1ff30-2c0d-4758-a7b2-5b001fee3be5,p9_s0_tr,MG_LOW-US_HIGH,1
mg,10c1ff30-2c0d-4758-a7b2-5b001fee3be5,p4_s0_tl,MG_HIGH-US_HIGH,1
mg,10c1ff30-2c0d-4758-a7b2-5b001fee3be5,p3_s1_tr,MG_HIGH-US_HIGH,1
mg,10c1ff30-2c0d-4758-a7b2-5b001fee3be5,p1_s0_tr,MG_HIGH-US_LOW,1
mg,10c1ff30-2c0d-4758-a7b2-5b001fee3be5,p2_s1_tr,MG_HIGH-US_LOW,1
mg,10c1ff30-2c0d-4758-a7b2-5b001fee3be5,p9_s1_tl,MG_LOW-US_HIGH,1
mg,10c1ff30-2c0d-4758-a7b2-5b001fee3be5,p5_s1_tl,MG_HIGH-US_HIGH,1
mg,10c1ff30-2c0d-4758-a7b2-5b001fee3be5,p3_s0_tr,MG_HIGH-US_HIGH,1
mg,10c1ff30-2c0d-4758-a7b2-5b001fee3be5,p7_s1_tr,MG_LOW-US_LOW,1
mg,10c1ff30-2c0d-4758-a7b2-5b001fee3be5,p4_s0_tr,MG_HIGH-US_HIGH,1
mg,10c1ff30-2c0d-4758-a7b2-5b001fee3be5,p6_s1_tr,MG_LOW-US_LOW,0
mg,10c1ff30-2c0d-4758-a7b2-5b001fee3be5,p2_s0_tl,MG_HIGH-US_LOW,1
mg,10c1ff30-2c0d-4758-a7b2-5b001fee3be5,p5_s0_tr,MG_HIGH-US_HIGH,1
mg,10c1ff30-2c0d-4758-a7b2-5b001fee3be5,p11_s1_tl,MG_LOW-US_HIGH,1
mg,10c1ff30-2c0d-4758-a7b2-5b001fee3be5,p1_s1_tr,MG_HIGH-US_LOW,1
mg,10c1ff30-2c0d-4758-a7b2-5b001fee3be5,p9_s1_tr,MG_LOW-US_HIGH,1
mg,10c1ff30-2c0d-4758-a7b2-5b001fee3be5,p1_s0_tl,MG_HIGH-US_LOW,1
mg,10c1ff30-2c0d-4758-a7b2-5b001fee3be5,p4_s1_tr,MG_HIGH-US_HIGH,1
mg,10c1ff30-2c0d-4758-a7b2-5b001fee3be5,p1_s1_tl,MG_HIGH-US_LOW,1
mg,10c1ff30-2c0d-4758-a7b2-5b001fee3be5,p5_s0_tl,MG_HIGH-US_HIGH,1
mg,10c1ff30-2c0d-4758-a7b2-5b001fee3be5,p7_s0_tl,MG_LOW-US_LOW,1
mg,10c1ff30-2c0d-4758-a7b2-5b001fee3be5,p9_s0_tl,MG_LOW-US_HIGH,1
mg,10c1ff30-2c0d-4758-a7b2-5b001fee3be5,p10_s0_tl,MG_LOW-US_HIGH,0
mg,10c1ff30-2c0d-4758-a7b2-5b001fee3be5,p11_s1_tr,MG_LOW-US_HIGH,1
mg,10c1ff30-2c0d-4758-a7b2-5b001fee3be5,p8_s0_tr,MG_LOW-US_LOW,1
mg,10c1ff30-2c0d-4758-a7b2-5b001fee3be5,p7_s1_tl,MG_LOW-US_LOW,1
mg,4afb5242-cfd0-4fdf-88dd-594960e24201,p1_s1_tr,MG_HIGH-US_LOW,1
mg,4afb5242-cfd0-4fdf-88dd-594960e24201,p11_s1_tr,MG_LOW-US_HIGH,1
mg,4afb5242-cfd0-4fdf-88dd-594960e24201,p0_s0_tl,MG_HIGH-US_LOW,0
mg,4afb5242-cfd0-4fdf-88dd-594960e24201,p4_s1_tl,MG_HIGH-US_HIGH,1
mg,4afb5242-cfd0-4fdf-88dd-594960e24201,p6_s1_tr,MG_LOW-US_LOW,0
mg,4afb5242-cfd0-4fdf-88dd-594960e24201,p7_s0_tr,MG_LOW-US_LOW,1
mg,4afb5242-cfd0-4fdf-88dd-594960e24201,p4_s0_tr,MG_HIGH-US_HIGH,1
mg,4afb5242-cfd0-4fdf-88dd-594960e24201,p2_s1_tl,MG_HIGH-US_LOW,1
mg,4afb5242-cfd0-4fdf-88dd-594960e24201,p7_s1_tr,MG_LOW-US_LOW,1
mg,4afb5242-cfd0-4fdf-88dd-594960e24201,p9_s0_tl,MG_LOW-US_HIGH,1
mg,4afb5242-cfd0-4fdf-88dd-594960e24201,p5_s0_tl,MG_HIGH-US_HIGH,1
mg,4afb5242-cfd0-4fdf-88dd-594960e24201,p11_s0_tl,MG_LOW-US_HIGH,1
mg,4afb5242-cfd0-4fdf-88dd-594960e24201,p0_s0_tr,MG_HIGH-US_LOW,0
mg,4afb5242-cfd0-4fdf-88dd-594960e24201,p10_s1_tr,MG_LOW-US_HIGH,1
mg,4afb5242-cfd0-4fdf-88dd-594960e24201,p5_s1_tl,MG_HIGH-US_HIGH,1
mg,4afb5242-cfd0-4fdf-88dd-594960e24201,p5_s0_tr,MG_HIGH-US_HIGH,1
mg,4afb5242-cfd0-4fdf-88dd-594960e24201,p10_s0_tl,MG_LOW-US_HIGH,1
mg,4afb5242-cfd0-4fdf-88dd-594960e24201,p9_s1_tr,MG_LOW-US_HIGH,0
mg,4afb5242-cfd0-4fdf-88dd-594960e24201,p3_s1_tr,MG_HIGH-US_HIGH,1
mg,4afb5242-cfd0-4fdf-88dd-594960e24201,p0_s1_tl,MG_HIGH-US_LOW,1
mg,4afb5242-cfd0-4fdf-88dd-594960e24201,p8_s1_tr,MG_LOW-US_LOW,1
mg,4afb5242-cfd0-4fdf-88dd-594960e24201,p10_s0_tr,MG_LOW-US_HIGH,1
mg,4afb5242-cfd0-4fdf-88dd-594960e24201,p11_s1_tl,MG_LOW-US_HIGH,1
mg,4afb5242-cfd0-4fdf-88dd-594960e24201,p7_s1_tl,MG_LOW-US_LOW,1
mg,4afb5242-cfd0-4fdf-88dd-594960e24201,p1_s0_tr,MG_HIGH-US_LOW,1
mg,4afb5242-cfd0-4fdf-88dd-594960e24201,p11_s0_tr,MG_LOW-US_HIGH,1
mg,4afb5242-cfd0-4fdf-88dd-594960e24201,p2_s0_tl,MG_HIGH-US_LOW,1
mg,4afb5242-cfd0-4fdf-88dd-594960e24201,p3_s0_tl,MG_HIGH-US_HIGH,1
mg,4afb5242-cfd0-4fdf-88dd-594960e24201,p3_s0_tr,MG_HIGH-US_HIGH,1
mg,4afb5242-cfd0-4fdf-88dd-594960e24201,p4_s0_tl,MG_HIGH-US_HIGH,1
mg,4afb5242-cfd0-4fdf-88dd-594960e24201,p6_s0_tr,MG_LOW-US_LOW,1
mg,4afb5242-cfd0-4fdf-88dd-594960e24201,p4_s1_tr,MG_HIGH-US_HIGH,1
mg,4afb5242-cfd0-4fdf-88dd-594960e24201,p8_s0_tl,MG_LOW-US_LOW,1
mg,4afb5242-cfd0-4fdf-88dd-594960e24201,p3_s1_tl,MG_HIGH-US_HIGH,1
mg,4afb5242-cfd0-4fdf-88dd-594960e24201,p9_s0_tr,MG_LOW-US_HIGH,1
mg,4afb5242-cfd0-4fdf-88dd-594960e24201,p5_s1_tr,MG_HIGH-US_HIGH,1
mg,4afb5242-cfd0-4fdf-88dd-594960e24201,p8_s1_tl,MG_LOW-US_LOW,0
mg,4afb5242-cfd0-4fdf-88dd-594960e24201,p0_s1_tr,MG_HIGH-US_LOW,1
mg,4afb5242-cfd0-4fdf-88dd-594960e24201,p8_s0_tr,MG_LOW-US_LOW,1
mg,4afb5242-cfd0-4fdf-88dd-594960e24201,p1_s1_tl,MG_HIGH-US_LOW,1
mg,4afb5242-cfd0-4fdf-88dd-594960e24201,p2_s1_tr,MG_HIGH-US_LOW,1
mg,4afb5242-cfd0-4fdf-88dd-594960e24201,p10_s1_tl,MG_LOW-US_HIGH,1
mg,4afb5242-cfd0-4fdf-88dd-594960e24201,p2_s0_tr,MG_HIGH-US_LOW,0
mg,4afb5242-cfd0-4fdf-88dd-594960e24201,p9_s1_tl,MG_LOW-US_HIGH,1
mg,4afb5242-cfd0-4fdf-88dd-594960e24201,p1_s0_tl,MG_HIGH-US_LOW,1
mg,4afb5242-cfd0-4fdf-88dd-594960e24201,p7_s0_tl,MG_LOW-US_LOW,1
mg,4afb5242-cfd0-4fdf-88dd-594960e24201,p6_s1_tl,MG_LOW-US_LOW,0
mg,4afb5242-cfd0-4fdf-88dd-594960e24201,p6_s0_tl,MG_LOW-US_LOW,0
mg,4afb5242-cfd0-4fdf-88dd-594960e24201,p0_s0_tl,MG_HIGH-US_LOW,0
mg,4afb5242-cfd0-4fdf-88dd-594960e24201,p10_s1_tl,MG_LOW-US_HIGH,1
mg,4afb5242-cfd0-4fdf-88dd-594960e24201,p0_s1_tl,MG_HIGH-US_LOW,0
mg,4afb5242-cfd0-4fdf-88dd-594960e24201,p3_s0_tl,MG_HIGH-US_HIGH,1
mg,4afb5242-cfd0-4fdf-88dd-594960e24201,p7_s1_tl,MG_LOW-US_LOW,1
mg,4afb5242-cfd0-4fdf-88dd-594960e24201,p3_s0_tr,MG_HIGH-US_HIGH,1
mg,4afb5242-cfd0-4fdf-88dd-594960e24201,p6_s0_tr,MG_LOW-US_LOW,0
mg,4afb5242-cfd0-4fdf-88dd-594960e24201,p8_s1_tl,MG_LOW-US_LOW,0
mg,4afb5242-cfd0-4fdf-88dd-594960e24201,p1_s0_tr,MG_HIGH-US_LOW,1
mg,4afb5242-cfd0-4fdf-88dd-594960e24201,p0_s1_tr,MG_HIGH-US_LOW,0
mg,4afb5242-cfd0-4fdf-88dd-594960e24201,p2_s0_tr,MG_HIGH-US_LOW,1
mg,4afb5242-cfd0-4fdf-88dd-594960e24201,p11_s1_tr,MG_LOW-US_HIGH,0
mg,4afb5242-cfd0-4fdf-88dd-594960e24201,p11_s0_tr,MG_LOW-US_HIGH,0
mg,4afb5242-cfd0-4fdf-88dd-594960e24201,p6_s1_tr,MG_LOW-US_LOW,0
mg,4afb5242-cfd0-4fdf-88dd-594960e24201,p7_s0_tl,MG_LOW-US_LOW,1
mg,4afb5242-cfd0-4fdf-88dd-594960e24201,p2_s1_tr,MG_HIGH-US_LOW,1
mg,4afb5242-cfd0-4fdf-88dd-594960e24201,p10_s1_tr,MG_LOW-US_HIGH,1
mg,4afb5242-cfd0-4fdf-88dd-594960e24201,p1_s0_tl,MG_HIGH-US_LOW,1
mg,4afb5242-cfd0-4fdf-88dd-594960e24201,p2_s0_tl,MG_HIGH-US_LOW,1
mg,4afb5242-cfd0-4fdf-88dd-594960e24201,p6_s0_tl,MG_LOW-US_LOW,0
mg,4afb5242-cfd0-4fdf-88dd-594960e24201,p10_s0_tr,MG_LOW-US_HIGH,1
mg,4afb5242-cfd0-4fdf-88dd-594960e24201,p11_s0_tl,MG_LOW-US_HIGH,0
mg,4afb5242-cfd0-4fdf-88dd-594960e24201,p10_s0_tl,MG_LOW-US_HIGH,1
mg,4afb5242-cfd0-4fdf-88dd-594960e24201,p1_s1_tr,MG_HIGH-US_LOW,1
mg,4afb5242-cfd0-4fdf-88dd-594960e24201,p9_s1_tr,MG_LOW-US_HIGH,1
mg,4afb5242-cfd0-4fdf-88dd-594960e24201,p11_s1_tl,MG_LOW-US_HIGH,0
mg,4afb5242-cfd0-4fdf-88dd-594960e24201,p8_s0_tr,MG_LOW-US_LOW,0
mg,4afb5242-cfd0-4fdf-88dd-594960e24201,p0_s0_tr,MG_HIGH-US_LOW,0
mg,4afb5242-cfd0-4fdf-88dd-594960e24201,p4_s0_tl,MG_HIGH-US_HIGH,1
mg,4afb5242-cfd0-4fdf-88dd-594960e24201,p7_s0_tr,MG_LOW-US_LOW,1
mg,4afb5242-cfd0-4fdf-88dd-594960e24201,p4_s1_tr,MG_HIGH-US_HIGH,1
mg,4afb5242-cfd0-4fdf-88dd-594960e24201,p3_s1_tr,MG_HIGH-US_HIGH,1
mg,4afb5242-cfd0-4fdf-88dd-594960e24201,p5_s1_tr,MG_HIGH-US_HIGH,1
mg,4afb5242-cfd0-4fdf-88dd-594960e24201,p5_s1_tl,MG_HIGH-US_HIGH,1
mg,4afb5242-cfd0-4fdf-88dd-594960e24201,p8_s1_tr,MG_LOW-US_LOW,0
mg,4afb5242-cfd0-4fdf-88dd-594960e24201,p4_s1_tl,MG_HIGH-US_HIGH,1
mg,4afb5242-cfd0-4fdf-88dd-594960e24201,p9_s0_tl,MG_LOW-US_HIGH,1
mg,4afb5242-cfd0-4fdf-88dd-594960e24201,p3_s1_tl,MG_HIGH-US_HIGH,1
mg,4afb5242-cfd0-4fdf-88dd-594960e24201,p8_s0_tl,MG_LOW-US_LOW,1
mg,4afb5242-cfd0-4fdf-88dd-594960e24201,p9_s1_tl,MG_LOW-US_HIGH,1
mg,4afb5242-cfd0-4fdf-88dd-594960e24201,p4_s0_tr,MG_HIGH-US_HIGH,1
mg,4afb5242-cfd0-4fdf-88dd-594960e24201,p5_s0_tl,MG_HIGH-US_HIGH,1
mg,4afb5242-cfd0-4fdf-88dd-594960e24201,p9_s0_tr,MG_LOW-US_HIGH,1
mg,4afb5242-cfd0-4fdf-88dd-594960e24201,p7_s1_tr,MG_LOW-US_LOW,1
mg,4afb5242-cfd0-4fdf-88dd-594960e24201,p2_s1_tl,MG_HIGH-US_LOW,1
mg,4afb5242-cfd0-4fdf-88dd-594960e24201,p6_s1_tl,MG_LOW-US_LOW,0
mg,4afb5242-cfd0-4fdf-88dd-594960e24201,p5_s0_tr,MG_HIGH-US_HIGH,1
mg,4afb5242-cfd0-4fdf-88dd-594960e24201,p1_s1_tl,MG_HIGH-US_LOW,1
mg,4afb5242-cfd0-4fdf-88dd-594960e24201,p8_s0_tl,MG_LOW-US_LOW,1
mg,4afb5242-cfd0-4fdf-88dd-594960e24201,p11_s0_tr,MG_LOW-US_HIGH,0
mg,4afb5242-cfd0-4fdf-88dd-594960e24201,p2_s0_tr,MG_HIGH-US_LOW,1
mg,4afb5242-cfd0-4fdf-88dd-594960e24201,p3_s0_tl,MG_HIGH-US_HIGH,1
mg,4afb5242-cfd0-4fdf-88dd-594960e24201,p8_s1_tl,MG_LOW-US_LOW,1
mg,4afb5242-cfd0-4fdf-88dd-594960e24201,p0_s1_tl,MG_HIGH-US_LOW,0
mg,4afb5242-cfd0-4fdf-88dd-594960e24201,p10_s1_tr,MG_LOW-US_HIGH,1
mg,4afb5242-cfd0-4fdf-88dd-594960e24201,p0_s1_tr,MG_HIGH-US_LOW,0
mg,4afb5242-cfd0-4fdf-88dd-594960e24201,p4_s1_tl,MG_HIGH-US_HIGH,1
mg,4afb5242-cfd0-4fdf-88dd-594960e24201,p0_s0_tl,MG_HIGH-US_LOW,0
mg,4afb5242-cfd0-4fdf-88dd-594960e24201,p0_s0_tr,MG_HIGH-US_LOW,0
mg,4afb5242-cfd0-4fdf-88dd-594960e24201,p11_s0_tl,MG_LOW-US_HIGH,0
mg,4afb5242-cfd0-4fdf-88dd-594960e24201,p7_s0_tr,MG_LOW-US_LOW,1
mg,4afb5242-cfd0-4fdf-88dd-594960e24201,p3_s1_tl,MG_HIGH-US_HIGH,1
mg,4afb5242-cfd0-4fdf-88dd-594960e24201,p10_s1_tl,MG_LOW-US_HIGH,1
mg,4afb5242-cfd0-4fdf-88dd-594960e24201,p5_s1_tr,MG_HIGH-US_HIGH,1
mg,4afb5242-cfd0-4fdf-88dd-594960e24201,p10_s0_tr,MG_LOW-US_HIGH,1
mg,4afb5242-cfd0-4fdf-88dd-594960e24201,p6_s0_tl,MG_LOW-US_LOW,0
mg,4afb5242-cfd0-4fdf-88dd-594960e24201,p6_s0_tr,MG_LOW-US_LOW,0
mg,4afb5242-cfd0-4fdf-88dd-594960e24201,p8_s1_tr,MG_LOW-US_LOW,0
mg,4afb5242-cfd0-4fdf-88dd-594960e24201,p6_s1_tl,MG_LOW-US_LOW,0
mg,4afb5242-cfd0-4fdf-88dd-594960e24201,p2_s1_tl,MG_HIGH-US_LOW,1
mg,4afb5242-cfd0-4fdf-88dd-594960e24201,p9_s0_tr,MG_LOW-US_HIGH,1
mg,4afb5242-cfd0-4fdf-88dd-594960e24201,p4_s0_tl,MG_HIGH-US_HIGH,1
mg,4afb5242-cfd0-4fdf-88dd-594960e24201,p3_s1_tr,MG_HIGH-US_HIGH,1
mg,4afb5242-cfd0-4fdf-88dd-594960e24201,p1_s0_tr,MG_HIGH-US_LOW,1
mg,4afb5242-cfd0-4fdf-88dd-594960e24201,p2_s1_tr,MG_HIGH-US_LOW,1
mg,4afb5242-cfd0-4fdf-88dd-594960e24201,p9_s1_tl,MG_LOW-US_HIGH,1
mg,4afb5242-cfd0-4fdf-88dd-594960e24201,p5_s1_tl,MG_HIGH-US_HIGH,1
mg,4afb5242-cfd0-4fdf-88dd-594960e24201,p3_s0_tr,MG_HIGH-US_HIGH,1
mg,4afb5242-cfd0-4fdf-88dd-594960e24201,p7_s1_tr,MG_LOW-US_LOW,1
mg,4afb5242-cfd0-4fdf-88dd-594960e24201,p4_s0_tr,MG_HIGH-US_HIGH,1
mg,4afb5242-cfd0-4fdf-88dd-594960e24201,p6_s1_tr,MG_LOW-US_LOW,0
mg,4afb5242-cfd0-4fdf-88dd-594960e24201,p2_s0_tl,MG_HIGH-US_LOW,1
mg,4afb5242-cfd0-4fdf-88dd-594960e24201,p5_s0_tr,MG_HIGH-US_HIGH,1
mg,4afb5242-cfd0-4fdf-88dd-594960e24201,p11_s1_tl,MG_LOW-US_HIGH,0
mg,4afb5242-cfd0-4fdf-88dd-594960e24201,p1_s1_tr,MG_HIGH-US_LOW,1
mg,4afb5242-cfd0-4fdf-88dd-594960e24201,p9_s1_tr,MG_LOW-US_HIGH,0
mg,4afb5242-cfd0-4fdf-88dd-594960e24201,p1_s0_tl,MG_HIGH-US_LOW,1
mg,4afb5242-cfd0-4fdf-88dd-594960e24201,p4_s1_tr,MG_HIGH-US_HIGH,1
mg,4afb5242-cfd0-4fdf-88dd-594960e24201,p1_s1_tl,MG_HIGH-US_LOW,1
mg,4afb5242-cfd0-4fdf-88dd-594960e24201,p5_s0_tl,MG_HIGH-US_HIGH,1
mg,4afb5242-cfd0-4fdf-88dd-594960e24201,p7_s0_tl,MG_LOW-US_LOW,1
mg,4afb5242-cfd0-4fdf-88dd-594960e24201,p9_s0_tl,MG_LOW-US_HIGH,1
mg,4afb5242-cfd0-4fdf-88dd-594960e24201,p10_s0_tl,MG_LOW-US_HIGH,1
mg,4afb5242-cfd0-4fdf-88dd-594960e24201,p11_s1_tr,MG_LOW-US_HIGH,1
mg,4afb5242-cfd0-4fdf-88dd-594960e24201,p8_s0_tr,MG_LOW-US_LOW,1
mg,4afb5242-cfd0-4fdf-88dd-594960e24201,p7_s1_tl,MG_LOW-US_LOW,1
mg,4d405c7f-9179-4aa0-899d-b6cd5833c13e,p9_s0_tl,MG_LOW-US_HIGH,1
mg,4d405c7f-9179-4aa0-899d-b6cd5833c13e,p9_s0_tr,MG_LOW-US_HIGH,1
mg,4d405c7f-9179-4aa0-899d-b6cd5833c13e,p1_s0_tr,MG_HIGH-US_LOW,0
mg,4d405c7f-9179-4aa0-899d-b6cd5833c13e,p3_s1_tr,MG_HIGH-US_HIGH,1
mg,4d405c7f-9179-4aa0-899d-b6cd5833c13e,p11_s0_tl,MG_LOW-US_HIGH,1
mg,4d405c7f-9179-4aa0-899d-b6cd5833c13e,p2_s1_tl,MG_HIGH-US_LOW,1
mg,4d405c7f-9179-4aa0-899d-b6cd5833c13e,p4_s1_tr,MG_HIGH-US_HIGH,1
mg,4d405c7f-9179-4aa0-899d-b6cd5833c13e,p6_s1_tr,MG_LOW-US_LOW,0
mg,4d405c7f-9179-4aa0-899d-b6cd5833c13e,p2_s1_tr,MG_HIGH-US_LOW,1
mg,4d405c7f-9179-4aa0-899d-b6cd5833c13e,p8_s0_tl,MG_LOW-US_LOW,1
mg,4d405c7f-9179-4aa0-899d-b6cd5833c13e,p5_s0_tr,MG_HIGH-US_HIGH,1
mg,4d405c7f-9179-4aa0-899d-b6cd5833c13e,p9_s1_tl,MG_LOW-US_HIGH,1
mg,4d405c7f-9179-4aa0-899d-b6cd5833c13e,p8_s1_tr,MG_LOW-US_LOW,1
mg,4d405c7f-9179-4aa0-899d-b6cd5833c13e,p1_s1_tl,MG_HIGH-US_LOW,1
mg,4d405c7f-9179-4aa0-899d-b6cd5833c13e,p8_s0_tr,MG_LOW-US_LOW,0
mg,4d405c7f-9179-4aa0-899d-b6cd5833c13e,p3_s1_tl,MG_HIGH-US_HIGH,1
mg,4d405c7f-9179-4aa0-899d-b6cd5833c13e,p10_s0_tl,MG_LOW-US_HIGH,0
mg,4d405c7f-9179-4aa0-899d-b6cd5833c13e,p0_s1_tl,MG_HIGH-US_LOW,1
mg,4d405c7f-9179-4aa0-899d-b6cd5833c13e,p9_s1_tr,MG_LOW-US_HIGH,1
mg,4d405c7f-9179-4aa0-899d-b6cd5833c13e,p4_s1_tl,MG_HIGH-US_HIGH,1
mg,4d405c7f-9179-4aa0-899d-b6cd5833c13e,p11_s0_tr,MG_LOW-US_HIGH,0
mg,4d405c7f-9179-4aa0-899d-b6cd5833c13e,p2_s0_tl,MG_HIGH-US_LOW,1
mg,4d405c7f-9179-4aa0-899d-b6cd5833c13e,p0_s0_tl,MG_HIGH-US_LOW,1
mg,4d405c7f-9179-4aa0-899d-b6cd5833c13e,p5_s0_tl,MG_HIGH-US_HIGH,1
mg,4d405c7f-9179-4aa0-899d-b6cd5833c13e,p6_s1_tl,MG_LOW-US_LOW,0
mg,4d405c7f-9179-4aa0-899d-b6cd5833c13e,p7_s1_tr,MG_LOW-US_LOW,0
mg,4d405c7f-9179-4aa0-899d-b6cd5833c13e,p7_s0_tl,MG_LOW-US_LOW,1
mg,4d405c7f-9179-4aa0-899d-b6cd5833c13e,p10_s1_tr,MG_LOW-US_HIGH,0
mg,4d405c7f-9179-4aa0-899d-b6cd5833c13e,p0_s1_tr,MG_HIGH-US_LOW,1
mg,4d405c7f-9179-4aa0-899d-b6cd5833c13e,p1_s1_tr,MG_HIGH-US_LOW,1
mg,4d405c7f-9179-4aa0-899d-b6cd5833c13e,p4_s0_tl,MG_HIGH-US_HIGH,1
mg,4d405c7f-9179-4aa0-899d-b6cd5833c13e,p0_s0_tr,MG_HIGH-US_LOW,1
mg,4d405c7f-9179-4aa0-899d-b6cd5833c13e,p1_s0_tl,MG_HIGH-US_LOW,1
mg,4d405c7f-9179-4aa0-899d-b6cd5833c13e,p6_s0_tl,MG_LOW-US_LOW,0
mg,4d405c7f-9179-4aa0-899d-b6cd5833c13e,p5_s1_tl,MG_HIGH-US_HIGH,1
mg,4d405c7f-9179-4aa0-899d-b6cd5833c13e,p10_s0_tr,MG_LOW-US_HIGH,0
mg,4d405c7f-9179-4aa0-899d-b6cd5833c13e,p5_s1_tr,MG_HIGH-US_HIGH,1
mg,4d405c7f-9179-4aa0-899d-b6cd5833c13e,p3_s0_tl,MG_HIGH-US_HIGH,1
mg,4d405c7f-9179-4aa0-899d-b6cd5833c13e,p11_s1_tl,MG_LOW-US_HIGH,1
mg,4d405c7f-9179-4aa0-899d-b6cd5833c13e,p10_s1_tl,MG_LOW-US_HIGH,1
mg,4d405c7f-9179-4aa0-899d-b6cd5833c13e,p11_s1_tr,MG_LOW-US_HIGH,1
mg,4d405c7f-9179-4aa0-899d-b6cd5833c13e,p3_s0_tr,MG_HIGH-US_HIGH,1
mg,4d405c7f-9179-4aa0-899d-b6cd5833c13e,p8_s1_tl,MG_LOW-US_LOW,0
mg,4d405c7f-9179-4aa0-899d-b6cd5833c13e,p7_s0_tr,MG_LOW-US_LOW,0
mg,4d405c7f-9179-4aa0-899d-b6cd5833c13e,p7_s1_tl,MG_LOW-US_LOW,0
mg,4d405c7f-9179-4aa0-899d-b6cd5833c13e,p2_s0_tr,MG_HIGH-US_LOW,1
mg,4d405c7f-9179-4aa0-899d-b6cd5833c13e,p6_s0_tr,MG_LOW-US_LOW,0
mg,4d405c7f-9179-4aa0-899d-b6cd5833c13e,p4_s0_tr,MG_HIGH-US_HIGH,1
mg,4d405c7f-9179-4aa0-899d-b6cd5833c13e,p7_s1_tr,MG_LOW-US_LOW,1
mg,4d405c7f-9179-4aa0-899d-b6cd5833c13e,p7_s0_tr,MG_LOW-US_LOW,1
mg,4d405c7f-9179-4aa0-899d-b6cd5833c13e,p8_s1_tl,MG_LOW-US_LOW,0
mg,4d405c7f-9179-4aa0-899d-b6cd5833c13e,p11_s1_tl,MG_LOW-US_HIGH,1
mg,4d405c7f-9179-4aa0-899d-b6cd5833c13e,p2_s0_tl,MG_HIGH-US_LOW,1
mg,4d405c7f-9179-4aa0-899d-b6cd5833c13e,p7_s0_tl,MG_LOW-US_LOW,1
mg,4d405c7f-9179-4aa0-899d-b6cd5833c13e,p8_s0_tr,MG_LOW-US_LOW,0
mg,4d405c7f-9179-4aa0-899d-b6cd5833c13e,p10_s0_tl,MG_LOW-US_HIGH,1
mg,4d405c7f-9179-4aa0-899d-b6cd5833c13e,p5_s0_tl,MG_HIGH-US_HIGH,1
mg,4d405c7f-9179-4aa0-899d-b6cd5833c13e,p4_s1_tl,MG_HIGH-US_HIGH,1
mg,4d405c7f-9179-4aa0-899d-b6cd5833c13e,p8_s0_tl,MG_LOW-US_LOW,1
mg,4d405c7f-9179-4aa0-899d-b6cd5833c13e,p2_s1_tl,MG_HIGH-US_LOW,1
mg,4d405c7f-9179-4aa0-899d-b6cd5833c13e,p9_s0_tr,MG_LOW-US_HIGH,1
mg,4d405c7f-9179-4aa0-899d-b6cd5833c13e,p6_s0_tl,MG_LOW-US_LOW,0
mg,4d405c7f-9179-4aa0-899d-b6cd5833c13e,p4_s0_tr,MG_HIGH-US_HIGH,1
mg,4d405c7f-9179-4aa0-899d-b6cd5833c13e,p8_s1_tr,MG_LOW-US_LOW,0
mg,4d405c7f-9179-4aa0-899d-b6cd5833c13e,p3_s0_tr,MG_HIGH-US_HIGH,1
mg,4d405c7f-9179-4aa0-899d-b6cd5833c13e,p4_s1_tr,MG_HIGH-US_HIGH,1
mg,4d405c7f-9179-4aa0-899d-b6cd5833c13e,p6_s1_tr,MG_LOW-US_LOW,0
mg,4d405c7f-9179-4aa0-899d-b6cd5833c13e,p5_s0_tr,MG_HIGH-US_HIGH,1
mg,4d405c7f-9179-4aa0-899d-b6cd5833c13e,p5_s1_tr,MG_HIGH-US_HIGH,1
mg,4d405c7f-9179-4aa0-899d-b6cd5833c13e,p9_s1_tl,MG_LOW-US_HIGH,1
mg,4d405c7f-9179-4aa0-899d-b6cd5833c13e,p6_s1_tl,MG_LOW-US_LOW,0
mg,4d405c7f-9179-4aa0-899d-b6cd5833c13e,p4_s0_tl,MG_HIGH-US_HIGH,1
mg,4d405c7f-9179-4aa0-899d-b6cd5833c13e,p10_s1_tr,MG_LOW-US_HIGH,1
mg,4d405c7f-9179-4aa0-899d-b6cd5833c13e,p3_s1_tr,MG_HIGH-US_HIGH,1
mg,4d405c7f-9179-4aa0-899d-b6cd5833c13e,p11_s1_tr,MG_LOW-US_HIGH,1
mg,4d405c7f-9179-4aa0-899d-b6cd5833c13e,p10_s0_tr,MG_LOW-US_HIGH,1
mg,4d405c7f-9179-4aa0-899d-b6cd5833c13e,p2_s0_tr,MG_HIGH-US_LOW,1
mg,4d405c7f-9179-4aa0-899d-b6cd5833c13e,p3_s1_tl,MG_HIGH-US_HIGH,1
mg,4d405c7f-9179-4aa0-899d-b6cd5833c13e,p1_s1_tr,MG_HIGH-US_LOW,1
mg,4d405c7f-9179-4aa0-899d-b6cd5833c13e,p9_s0_tl,MG_LOW-US_HIGH,1
mg,4d405c7f-9179-4aa0-899d-b6cd5833c13e,p1_s0_tr,MG_HIGH-US_LOW,1
mg,4d405c7f-9179-4aa0-899d-b6cd5833c13e,p3_s0_tl,MG_HIGH-US_HIGH,1
mg,4d405c7f-9179-4aa0-899d-b6cd5833c13e,p0_s0_tr,MG_HIGH-US_LOW,1
mg,4d405c7f-9179-4aa0-899d-b6cd5833c13e,p5_s1_tl,MG_HIGH-US_HIGH,1
mg,4d405c7f-9179-4aa0-899d-b6cd5833c13e,p0_s1_tr,MG_HIGH-US_LOW,1
mg,4d405c7f-9179-4aa0-899d-b6cd5833c13e,p0_s1_tl,MG_HIGH-US_LOW,1
mg,4d405c7f-9179-4aa0-899d-b6cd5833c13e,p7_s1_tl,MG_LOW-US_LOW,1
mg,4d405c7f-9179-4aa0-899d-b6cd5833c13e,p2_s1_tr,MG_HIGH-US_LOW,1
mg,4d405c7f-9179-4aa0-899d-b6cd5833c13e,p11_s0_tl,MG_LOW-US_HIGH,1
mg,4d405c7f-9179-4aa0-899d-b6cd5833c13e,p6_s0_tr,MG_LOW-US_LOW,0
mg,4d405c7f-9179-4aa0-899d-b6cd5833c13e,p10_s1_tl,MG_LOW-US_HIGH,1
mg,4d405c7f-9179-4aa0-899d-b6cd5833c13e,p0_s0_tl,MG_HIGH-US_LOW,1
mg,4d405c7f-9179-4aa0-899d-b6cd5833c13e,p11_s0_tr,MG_LOW-US_HIGH,1
mg,4d405c7f-9179-4aa0-899d-b6cd5833c13e,p1_s1_tl,MG_HIGH-US_LOW,1
mg,4d405c7f-9179-4aa0-899d-b6cd5833c13e,p1_s0_tl,MG_HIGH-US_LOW,1
mg,4d405c7f-9179-4aa0-899d-b6cd5833c13e,p9_s1_tr,MG_LOW-US_HIGH,1
mg,4d405c7f-9179-4aa0-899d-b6cd5833c13e,p4_s0_tl,MG_HIGH-US_HIGH,1
mg,4d405c7f-9179-4aa0-899d-b6cd5833c13e,p7_s1_tr,MG_LOW-US_LOW,1
mg,4d405c7f-9179-4aa0-899d-b6cd5833c13e,p2_s1_tr,MG_HIGH-US_LOW,1
mg,4d405c7f-9179-4aa0-899d-b6cd5833c13e,p3_s1_tr,MG_HIGH-US_HIGH,1
mg,4d405c7f-9179-4aa0-899d-b6cd5833c13e,p0_s1_tr,MG_HIGH-US_LOW,1
mg,4d405c7f-9179-4aa0-899d-b6cd5833c13e,p4_s1_tl,MG_HIGH-US_HIGH,1
mg,4d405c7f-9179-4aa0-899d-b6cd5833c13e,p1_s1_tr,MG_HIGH-US_LOW,1
mg,4d405c7f-9179-4aa0-899d-b6cd5833c13e,p5_s1_tl,MG_HIGH-US_HIGH,1
mg,4d405c7f-9179-4aa0-899d-b6cd5833c13e,p6_s0_tl,MG_LOW-US_LOW,0
mg,4d405c7f-9179-4aa0-899d-b6cd5833c13e,p8_s1_tl,MG_LOW-US_LOW,0
mg,4d405c7f-9179-4aa0-899d-b6cd5833c13e,p11_s1_tl,MG_LOW-US_HIGH,1
mg,4d405c7f-9179-4aa0-899d-b6cd5833c13e,p5_s0_tr,MG_HIGH-US_HIGH,1
mg,4d405c7f-9179-4aa0-899d-b6cd5833c13e,p0_s1_tl,MG_HIGH-US_LOW,1
mg,4d405c7f-9179-4aa0-899d-b6cd5833c13e,p4_s0_tr,MG_HIGH-US_HIGH,1
mg,4d405c7f-9179-4aa0-899d-b6cd5833c13e,p9_s0_tl,MG_LOW-US_HIGH,1
mg,4d405c7f-9179-4aa0-899d-b6cd5833c13e,p7_s0_tl,MG_LOW-US_LOW,1
mg,4d405c7f-9179-4aa0-899d-b6cd5833c13e,p10_s0_tr,MG_LOW-US_HIGH,1
mg,4d405c7f-9179-4aa0-899d-b6cd5833c13e,p10_s1_tr,MG_LOW-US_HIGH,1
mg,4d405c7f-9179-4aa0-899d-b6cd5833c13e,p7_s0_tr,MG_LOW-US_LOW,1
mg,4d405c7f-9179-4aa0-899d-b6cd5833c13e,p2_s0_tl,MG_HIGH-US_LOW,1
mg,4d405c7f-9179-4aa0-899d-b6cd5833c13e,p8_s0_tl,MG_LOW-US_LOW,0
mg,4d405c7f-9179-4aa0-899d-b6cd5833c13e,p6_s0_tr,MG_LOW-US_LOW,0
mg,4d405c7f-9179-4aa0-899d-b6cd5833c13e,p2_s0_tr,MG_HIGH-US_LOW,1
mg,4d405c7f-9179-4aa0-899d-b6cd5833c13e,p7_s1_tl,MG_LOW-US_LOW,1
mg,4d405c7f-9179-4aa0-899d-b6cd5833c13e,p11_s0_tr,MG_LOW-US_HIGH,0
mg,4d405c7f-9179-4aa0-899d-b6cd5833c13e,p1_s1_tl,MG_HIGH-US_LOW,1
mg,4d405c7f-9179-4aa0-899d-b6cd5833c13e,p6_s1_tl,MG_LOW-US_LOW,0
mg,4d405c7f-9179-4aa0-899d-b6cd5833c13e,p3_s0_tl,MG_HIGH-US_HIGH,1
mg,4d405c7f-9179-4aa0-899d-b6cd5833c13e,p9_s0_tr,MG_LOW-US_HIGH,1
mg,4d405c7f-9179-4aa0-899d-b6cd5833c13e,p11_s0_tl,MG_LOW-US_HIGH,1
mg,4d405c7f-9179-4aa0-899d-b6cd5833c13e,p0_s0_tr,MG_HIGH-US_LOW,1
mg,4d405c7f-9179-4aa0-899d-b6cd5833c13e,p2_s1_tl,MG_HIGH-US_LOW,1
mg,4d405c7f-9179-4aa0-899d-b6cd5833c13e,p1_s0_tl,MG_HIGH-US_LOW,1
mg,4d405c7f-9179-4aa0-899d-b6cd5833c13e,p11_s1_tr,MG_LOW-US_HIGH,1
mg,4d405c7f-9179-4aa0-899d-b6cd5833c13e,p10_s0_tl,MG_LOW-US_HIGH,1
mg,4d405c7f-9179-4aa0-899d-b6cd5833c13e,p6_s1_tr,MG_LOW-US_LOW,0
mg,4d405c7f-9179-4aa0-899d-b6cd5833c13e,p9_s1_tl,MG_LOW-US_HIGH,1
mg,4d405c7f-9179-4aa0-899d-b6cd5833c13e,p1_s0_tr,MG_HIGH-US_LOW,1
mg,4d405c7f-9179-4aa0-899d-b6cd5833c13e,p4_s1_tr,MG_HIGH-US_HIGH,1
mg,4d405c7f-9179-4aa0-899d-b6cd5833c13e,p0_s0_tl,MG_HIGH-US_LOW,1
mg,4d405c7f-9179-4aa0-899d-b6cd5833c13e,p8_s0_tr,MG_LOW-US_LOW,0
mg,4d405c7f-9179-4aa0-899d-b6cd5833c13e,p5_s1_tr,MG_HIGH-US_HIGH,1
mg,4d405c7f-9179-4aa0-899d-b6cd5833c13e,p3_s0_tr,MG_HIGH-US_HIGH,1
mg,4d405c7f-9179-4aa0-899d-b6cd5833c13e,p10_s1_tl,MG_LOW-US_HIGH,1
mg,4d405c7f-9179-4aa0-899d-b6cd5833c13e,p8_s1_tr,MG_LOW-US_LOW,0
mg,4d405c7f-9179-4aa0-899d-b6cd5833c13e,p5_s0_tl,MG_HIGH-US_HIGH,1
mg,4d405c7f-9179-4aa0-899d-b6cd5833c13e,p9_s1_tr,MG_LOW-US_HIGH,1
mg,4d405c7f-9179-4aa0-899d-b6cd5833c13e,p3_s1_tl,MG_HIGH-US_HIGH,1
mg,580c2a9b-e985-4b59-9c10-3d2ebdf3b7e5,p0_s0_tl,MG_HIGH-US_LOW,1
mg,580c2a9b-e985-4b59-9c10-3d2ebdf3b7e5,p3_s0_tr,MG_HIGH-US_HIGH,1
mg,580c2a9b-e985-4b59-9c10-3d2ebdf3b7e5,p6_s1_tl,MG_LOW-US_LOW,0
mg,580c2a9b-e985-4b59-9c10-3d2ebdf3b7e5,p0_s1_tr,MG_HIGH-US_LOW,0
mg,580c2a9b-e985-4b59-9c10-3d2ebdf3b7e5,p5_s0_tl,MG_HIGH-US_HIGH,1
mg,580c2a9b-e985-4b59-9c10-3d2ebdf3b7e5,p7_s0_tl,MG_LOW-US_LOW,1
mg,580c2a9b-e985-4b59-9c10-3d2ebdf3b7e5,p5_s0_tr,MG_HIGH-US_HIGH,1
mg,580c2a9b-e985-4b59-9c10-3d2ebdf3b7e5,p1_s1_tr,MG_HIGH-US_LOW,1
mg,580c2a9b-e985-4b59-9c10-3d2ebdf3b7e5,p10_s1_tl,MG_LOW-US_HIGH,0
mg,580c2a9b-e985-4b59-9c10-3d2ebdf3b7e5,p8_s1_tl,MG_LOW-US_LOW,0
mg,580c2a9b-e985-4b59-9c10-3d2ebdf3b7e5,p9_s1_tl,MG_LOW-US_HIGH,1
mg,580c2a9b-e985-4b59-9c10-3d2ebdf3b7e5,p2_s1_tl,MG_HIGH-US_LOW,1
mg,580c2a9b-e985-4b59-9c10-3d2ebdf3b7e5,p4_s1_tl,MG_HIGH-US_HIGH,1
mg,580c2a9b-e985-4b59-9c10-3d2ebdf3b7e5,p9_s0_tl,MG_LOW-US_HIGH,1
mg,580c2a9b-e985-4b59-9c10-3d2ebdf3b7e5,p2_s0_tr,MG_HIGH-US_LOW,1
mg,580c2a9b-e985-4b59-9c10-3d2ebdf3b7e5,p8_s0_tl,MG_LOW-US_LOW,1
mg,580c2a9b-e985-4b59-9c10-3d2ebdf3b7e5,p3_s1_tr,MG_HIGH-US_HIGH,1
mg,580c2a9b-e985-4b59-9c10-3d2ebdf3b7e5,p3_s0_tl,MG_HIGH-US_HIGH,1
mg,580c2a9b-e985-4b59-9c10-3d2ebdf3b7e5,p11_s1_tr,MG_LOW-US_HIGH,0
mg,580c2a9b-e985-4b59-9c10-3d2ebdf3b7e5,p11_s0_tr,MG_LOW-US_HIGH,0
mg,580c2a9b-e985-4b59-9c10-3d2ebdf3b7e5,p1_s0_tl,MG_HIGH-US_LOW,1
mg,580c2a9b-e985-4b59-9c10-3d2ebdf3b7e5,p0_s0_tr,MG_HIGH-US_LOW,0
mg,580c2a9b-e985-4b59-9c10-3d2ebdf3b7e5,p2_s0_tl,MG_HIGH-US_LOW,1
mg,580c2a9b-e985-4b59-9c10-3d2ebdf3b7e5,p8_s0_tr,MG_LOW-US_LOW,1
mg,580c2a9b-e985-4b59-9c10-3d2ebdf3b7e5,p4_s0_tr,MG_HIGH-US_HIGH,1
mg,580c2a9b-e985-4b59-9c10-3d2ebdf3b7e5,p6_s0_tr,MG_LOW-US_LOW,1
mg,580c2a9b-e985-4b59-9c10-3d2ebdf3b7e5,p10_s0_tl,MG_LOW-US_HIGH,0
mg,580c2a9b-e985-4b59-9c10-3d2ebdf3b7e5,p9_s1_tr,MG_LOW-US_HIGH,1
mg,580c2a9b-e985-4b59-9c10-3d2ebdf3b7e5,p4_s1_tr,MG_HIGH-US_HIGH,1
mg,580c2a9b-e985-4b59-9c10-3d2ebdf3b7e5,p4_s0_tl,MG_HIGH-US_HIGH,1
mg,580c2a9b-e985-4b59-9c10-3d2ebdf3b7e5,p6_s0_tl,MG_LOW-US_LOW,1
mg,580c2a9b-e985-4b59-9c10-3d2ebdf3b7e5,p7_s1_tl,MG_LOW-US_LOW,1
mg,580c2a9b-e985-4b59-9c10-3d2ebdf3b7e5,p10_s1_tr,MG_LOW-US_HIGH,0
mg,580c2a9b-e985-4b59-9c10-3d2ebdf3b7e5,p5_s1_tl,MG_HIGH-US_HIGH,1
mg,580c2a9b-e985-4b59-9c10-3d2ebdf3b7e5,p6_s1_tr,MG_LOW-US_LOW,1
mg,580c2a9b-e985-4b59-9c10-3d2ebdf3b7e5,p11_s1_tl,MG_LOW-US_HIGH,0
mg,580c2a9b-e985-4b59-9c10-3d2ebdf3b7e5,p11_s0_tl,MG_LOW-US_HIGH,0
mg,580c2a9b-e985-4b59-9c10-3d2ebdf3b7e5,p9_s0_tr,MG_LOW-US_HIGH,1
mg,580c2a9b-e985-4b59-9c10-3d2ebdf3b7e5,p2_s1_tr,MG_HIGH-US_LOW,1
mg,580c2a9b-e985-4b59-9c10-3d2ebdf3b7e5,p1_s1_tl,MG_HIGH-US_LOW,1
mg,580c2a9b-e985-4b59-9c10-3d2ebdf3b7e5,p5_s1_tr,MG_HIGH-US_HIGH,1
mg,580c2a9b-e985-4b59-9c10-3d2ebdf3b7e5,p8_s1_tr,MG_LOW-US_LOW,1
mg,580c2a9b-e985-4b59-9c10-3d2ebdf3b7e5,p0_s1_tl,MG_HIGH-US_LOW,0
mg,580c2a9b-e985-4b59-9c10-3d2ebdf3b7e5,p7_s1_tr,MG_LOW-US_LOW,1
mg,580c2a9b-e985-4b59-9c10-3d2ebdf3b7e5,p1_s0_tr,MG_HIGH-US_LOW,1
mg,580c2a9b-e985-4b59-9c10-3d2ebdf3b7e5,p7_s0_tr,MG_LOW-US_LOW,1
mg,580c2a9b-e985-4b59-9c10-3d2ebdf3b7e5,p3_s1_tl,MG_HIGH-US_HIGH,1
mg,580c2a9b-e985-4b59-9c10-3d2ebdf3b7e5,p10_s0_tr,MG_LOW-US_HIGH,0
mg,580c2a9b-e985-4b59-9c10-3d2ebdf3b7e5,p2_s0_tl,MG_HIGH-US_LOW,1
mg,580c2a9b-e985-4b59-9c10-3d2ebdf3b7e5,p4_s1_tl,MG_HIGH-US_HIGH,1
mg,580c2a9b-e985-4b59-9c10-3d2ebdf3b7e5,p9_s1_tr,MG_LOW-US_HIGH,1
mg,580c2a9b-e985-4b59-9c10-3d2ebdf3b7e5,p1_s1_tl,MG_HIGH-US_LOW,1
mg,580c2a9b-e985-4b59-9c10-3d2ebdf3b7e5,p10_s1_tr,MG_LOW-US_HIGH,0
mg,580c2a9b-e985-4b59-9c10-3d2ebdf3b7e5,p10_s1_tl,MG_LOW-US_HIGH,0
mg,580c2a9b-e985-4b59-9c10-3d2ebdf3b7e5,p5_s0_tl,MG_HIGH-US_HIGH,1
mg,580c2a9b-e985-4b59-9c10-3d2ebdf3b7e5,p9_s0_tr,MG_LOW-US_HIGH,1
mg,580c2a9b-e985-4b59-9c10-3d2ebdf3b7e5,p8_s1_tr,MG_LOW-US_LOW,1
mg,580c2a9b-e985-4b59-9c10-3d2ebdf3b7e5,p1_s0_tr,MG_HIGH-US_LOW,1
mg,580c2a9b-e985-4b59-9c10-3d2ebdf3b7e5,p3_s0_tl,MG_HIGH-US_HIGH,1
mg,580c2a9b-e985-4b59-9c10-3d2ebdf3b7e5,p6_s1_tr,MG_LOW-US_LOW,1
mg,580c2a9b-e985-4b59-9c10-3d2ebdf3b7e5,p0_s0_tr,MG_HIGH-US_LOW,0
mg,580c2a9b-e985-4b59-9c10-3d2ebdf3b7e5,p5_s1_tl,MG_HIGH-US_HIGH,1
mg,580c2a9b-e985-4b59-9c10-3d2ebdf3b7e5,p7_s0_tl,MG_LOW-US_LOW,1
mg,580c2a9b-e985-4b59-9c10-3d2ebdf3b7e5,p4_s0_tr,MG_HIGH-US_HIGH,1
mg,580c2a9b-e985-4b59-9c10-3d2ebdf3b7e5,p2_s1_tl,MG_HIGH-US_LOW,1
mg,580c2a9b-e985-4b59-9c10-3d2ebdf3b7e5,p1_s0_tl,MG_HIGH-US_LOW,1
mg,580c2a9b-e985-4b59-9c10-3d2ebdf3b7e5,p3_s1_tl,MG_HIGH-US_HIGH,1
mg,580c2a9b-e985-4b59-9c10-3d2ebdf3b7e5,p4_s0_tl,MG_HIGH-US_HIGH,1
mg,580c2a9b-e985-4b59-9c10-3d2ebdf3b7e5,p7_s1_tl,MG_LOW-US_LOW,1
mg,580c2a9b-e985-4b59-9c10-3d2ebdf3b7e5,p7_s1_tr,MG_LOW-US_LOW,1
mg,580c2a9b-e985-4b59-9c10-3d2ebdf3b7e5,p1_s1_tr,MG_HIGH-US_LOW,1
mg,580c2a9b-e985-4b59-9c10-3d2ebdf3b7e5,p6_s0_tr,MG_LOW-US_LOW,1
mg,580c2a9b-e985-4b59-9c10-3d2ebdf3b7e5,p5_s0_tr,MG_HIGH-US_HIGH,1
mg,580c2a9b-e985-4b59-9c10-3d2ebdf3b7e5,p0_s1_tr,MG_HIGH-US_LOW,0
mg,580c2a9b-e985-4b59-9c10-3d2ebdf3b7e5,p3_s0_tr,MG_HIGH-US_HIGH,1
mg,580c2a9b-e985-4b59-9c10-3d2ebdf3b7e5,p6_s1_tl,MG_LOW-US_LOW,1
mg,580c2a9b-e985-4b59-9c10-3d2ebdf3b7e5,p6_s0_tl,MG_LOW-US_LOW,1
mg,580c2a9b-e985-4b59-9c10-3d2ebdf3b7e5,p9_s0_tl,MG_LOW-US_HIGH,0
mg,580c2a9b-e985-4b59-9c10-3d2ebdf3b7e5,p0_s0_tl,MG_HIGH-US_LOW,0
mg,580c2a9b-e985-4b59-9c10-3d2ebdf3b7e5,p11_s0_tr,MG_LOW-US_HIGH,0
mg,580c2a9b-e985-4b59-9c10-3d2ebdf3b7e5,p8_s0_tl,MG_LOW-US_LOW,1
mg,580c2a9b-e985-4b59-9c10-3d2ebdf3b7e5,p11_s1_tl,MG_LOW-US_HIGH,0
mg,580c2a9b-e985-4b59-9c10-3d2ebdf3b7e5,p11_s0_tl,MG_LOW-US_HIGH,0
mg,580c2a9b-e985-4b59-9c10-3d2ebdf3b7e5,p10_s0_tr,MG_LOW-US_HIGH,0
mg,580c2a9b-e985-4b59-9c10-3d2ebdf3b7e5,p3_s1_tr,MG_HIGH-US_HIGH,1
mg,580c2a9b-e985-4b59-9c10-3d2ebdf3b7e5,p8_s1_tl,MG_LOW-US_LOW,1
mg,580c2a9b-e985-4b59-9c10-3d2ebdf3b7e5,p4_s1_tr,MG_HIGH-US_HIGH,1
mg,580c2a9b-e985-4b59-9c10-3d2ebdf3b7e5,p9_s1_tl,MG_LOW-US_HIGH,1
mg,580c2a9b-e985-4b59-9c10-3d2ebdf3b7e5,p10_s0_tl,MG_LOW-US_HIGH,0
mg,580c2a9b-e985-4b59-9c10-3d2ebdf3b7e5,p8_s0_tr,MG_LOW-US_LOW,1
mg,580c2a9b-e985-4b59-9c10-3d2ebdf3b7e5,p2_s0_tr,MG_HIGH-US_LOW,1
mg,580c2a9b-e985-4b59-9c10-3d2ebdf3b7e5,p0_s1_tl,MG_HIGH-US_LOW,0
mg,580c2a9b-e985-4b59-9c10-3d2ebdf3b7e5,p2_s1_tr,MG_HIGH-US_LOW,1
mg,580c2a9b-e985-4b59-9c10-3d2ebdf3b7e5,p11_s1_tr,MG_LOW-US_HIGH,0
mg,580c2a9b-e985-4b59-9c10-3d2ebdf3b7e5,p5_s1_tr,MG_HIGH-US_HIGH,1
mg,580c2a9b-e985-4b59-9c10-3d2ebdf3b7e5,p7_s0_tr,MG_LOW-US_LOW,1
mg,580c2a9b-e985-4b59-9c10-3d2ebdf3b7e5,p7_s1_tr,MG_LOW-US_LOW,1
mg,580c2a9b-e985-4b59-9c10-3d2ebdf3b7e5,p6_s0_tr,MG_LOW-US_LOW,1
mg,580c2a9b-e985-4b59-9c10-3d2ebdf3b7e5,p9_s1_tr,MG_LOW-US_HIGH,1
mg,580c2a9b-e985-4b59-9c10-3d2ebdf3b7e5,p2_s0_tr,MG_HIGH-US_LOW,1
mg,580c2a9b-e985-4b59-9c10-3d2ebdf3b7e5,p7_s0_tr,MG_LOW-US_LOW,1
mg,580c2a9b-e985-4b59-9c10-3d2ebdf3b7e5,p4_s1_tr,MG_HIGH-US_HIGH,1
mg,580c2a9b-e985-4b59-9c10-3d2ebdf3b7e5,p5_s1_tr,MG_HIGH-US_HIGH,1
mg,580c2a9b-e985-4b59-9c10-3d2ebdf3b7e5,p9_s0_tr,MG_LOW-US_HIGH,1
mg,580c2a9b-e985-4b59-9c10-3d2ebdf3b7e5,p5_s0_tl,MG_HIGH-US_HIGH,1
mg,580c2a9b-e985-4b59-9c10-3d2ebdf3b7e5,p1_s0_tl,MG_HIGH-US_LOW,1
mg,580c2a9b-e985-4b59-9c10-3d2ebdf3b7e5,p6_s1_tl,MG_LOW-US_LOW,1
mg,580c2a9b-e985-4b59-9c10-3d2ebdf3b7e5,p7_s1_tl,MG_LOW-US_LOW,1
mg,580c2a9b-e985-4b59-9c10-3d2ebdf3b7e5,p2_s0_tl,MG_HIGH-US_LOW,1
mg,580c2a9b-e985-4b59-9c10-3d2ebdf3b7e5,p10_s0_tl,MG_LOW-US_HIGH,0
mg,580c2a9b-e985-4b59-9c10-3d2ebdf3b7e5,p11_s1_tr,MG_LOW-US_HIGH,0
mg,580c2a9b-e985-4b59-9c10-3d2ebdf3b7e5,p0_s1_tr,MG_HIGH-US_LOW,0
mg,580c2a9b-e985-4b59-9c10-3d2ebdf3b7e5,p3_s0_tl,MG_HIGH-US_HIGH,1
mg,580c2a9b-e985-4b59-9c10-3d2ebdf3b7e5,p9_s1_tl,MG_LOW-US_HIGH,1
mg,580c2a9b-e985-4b59-9c10-3d2ebdf3b7e5,p11_s1_tl,MG_LOW-US_HIGH,0
mg,580c2a9b-e985-4b59-9c10-3d2ebdf3b7e5,p5_s1_tl,MG_HIGH-US_HIGH,1
mg,580c2a9b-e985-4b59-9c10-3d2ebdf3b7e5,p10_s0_tr,MG_LOW-US_HIGH,0
mg,580c2a9b-e985-4b59-9c10-3d2ebdf3b7e5,p8_s0_tl,MG_LOW-US_LOW,1
mg,580c2a9b-e985-4b59-9c10-3d2ebdf3b7e5,p9_s0_tl,MG_LOW-US_HIGH,1
mg,580c2a9b-e985-4b59-9c10-3d2ebdf3b7e5,p4_s0_tr,MG_HIGH-US_HIGH,1
mg,580c2a9b-e985-4b59-9c10-3d2ebdf3b7e5,p0_s0_tl,MG_HIGH-US_LOW,0
mg,580c2a9b-e985-4b59-9c10-3d2ebdf3b7e5,p0_s1_tl,MG_HIGH-US_LOW,0
mg,580c2a9b-e985-4b59-9c10-3d2ebdf3b7e5,p4_s1_tl,MG_HIGH-US_HIGH,1
mg,580c2a9b-e985-4b59-9c10-3d2ebdf3b7e5,p10_s1_tl,MG_LOW-US_HIGH,0
mg,580c2a9b-e985-4b59-9c10-3d2ebdf3b7e5,p0_s0_tr,MG_HIGH-US_LOW,0
mg,580c2a9b-e985-4b59-9c10-3d2ebdf3b7e5,p5_s0_tr,MG_HIGH-US_HIGH,1
mg,580c2a9b-e985-4b59-9c10-3d2ebdf3b7e5,p7_s0_tl,MG_LOW-US_LOW,1
mg,580c2a9b-e985-4b59-9c10-3d2ebdf3b7e5,p10_s1_tr,MG_LOW-US_HIGH,0
mg,580c2a9b-e985-4b59-9c10-3d2ebdf3b7e5,p4_s0_tl,MG_HIGH-US_HIGH,1
mg,580c2a9b-e985-4b59-9c10-3d2ebdf3b7e5,p11_s0_tl,MG_LOW-US_HIGH,0
mg,580c2a9b-e985-4b59-9c10-3d2ebdf3b7e5,p2_s1_tr,MG_HIGH-US_LOW,1
mg,580c2a9b-e985-4b59-9c10-3d2ebdf3b7e5,p6_s0_tl,MG_LOW-US_LOW,1
mg,580c2a9b-e985-4b59-9c10-3d2ebdf3b7e5,p1_s1_tl,MG_HIGH-US_LOW,1
mg,580c2a9b-e985-4b59-9c10-3d2ebdf3b7e5,p11_s0_tr,MG_LOW-US_HIGH,0
mg,580c2a9b-e985-4b59-9c10-3d2ebdf3b7e5,p1_s0_tr,MG_HIGH-US_LOW,1
mg,580c2a9b-e985-4b59-9c10-3d2ebdf3b7e5,p8_s1_tr,MG_LOW-US_LOW,1
mg,580c2a9b-e985-4b59-9c10-3d2ebdf3b7e5,p3_s1_tl,MG_HIGH-US_HIGH,1
mg,580c2a9b-e985-4b59-9c10-3d2ebdf3b7e5,p3_s0_tr,MG_HIGH-US_HIGH,1
mg,580c2a9b-e985-4b59-9c10-3d2ebdf3b7e5,p2_s1_tl,MG_HIGH-US_LOW,1
mg,580c2a9b-e985-4b59-9c10-3d2ebdf3b7e5,p6_s1_tr,MG_LOW-US_LOW,1
mg,580c2a9b-e985-4b59-9c10-3d2ebdf3b7e5,p8_s0_tr,MG_LOW-US_LOW,1
mg,580c2a9b-e985-4b59-9c10-3d2ebdf3b7e5,p1_s1_tr,MG_HIGH-US_LOW,1
mg,580c2a9b-e985-4b59-9c10-3d2ebdf3b7e5,p3_s1_tr,MG_HIGH-US_HIGH,1
mg,580c2a9b-e985-4b59-9c10-3d2ebdf3b7e5,p8_s1_tl,MG_LOW-US_LOW,1
mg,5ced59b5-cd6d-47b6-b0df-382b305187ec,p1_s0_tr,MG_HIGH-US_LOW,0
mg,5ced59b5-cd6d-47b6-b0df-382b305187ec,p2_s0_tl,MG_HIGH-US_LOW,1
mg,5ced59b5-cd6d-47b6-b0df-382b305187ec,p11_s0_tr,MG_LOW-US_HIGH,0
mg,5ced59b5-cd6d-47b6-b0df-382b305187ec,p5_s0_tl,MG_HIGH-US_HIGH,1
mg,5ced59b5-cd6d-47b6-b0df-382b305187ec,p4_s0_tl,MG_HIGH-US_HIGH,1
mg,5ced59b5-cd6d-47b6-b0df-382b305187ec,p5_s1_tl,MG_HIGH-US_HIGH,1
mg,5ced59b5-cd6d-47b6-b0df-382b305187ec,p1_s1_tl,MG_HIGH-US_LOW,0
mg,5ced59b5-cd6d-47b6-b0df-382b305187ec,p8_s1_tl,MG_LOW-US_LOW,1
mg,5ced59b5-cd6d-47b6-b0df-382b305187ec,p10_s0_tr,MG_LOW-US_HIGH,1
mg,5ced59b5-cd6d-47b6-b0df-382b305187ec,p7_s1_tl,MG_LOW-US_LOW,1
mg,5ced59b5-cd6d-47b6-b0df-382b305187ec,p2_s1_tl,MG_HIGH-US_LOW,0
mg,5ced59b5-cd6d-47b6-b0df-382b305187ec,p4_s0_tr,MG_HIGH-US_HIGH,1
mg,5ced59b5-cd6d-47b6-b0df-382b305187ec,p5_s0_tr,MG_HIGH-US_HIGH,1
mg,5ced59b5-cd6d-47b6-b0df-382b305187ec,p4_s1_tl,MG_HIGH-US_HIGH,1
mg,5ced59b5-cd6d-47b6-b0df-382b305187ec,p9_s0_tl,MG_LOW-US_HIGH,0
mg,5ced59b5-cd6d-47b6-b0df-382b305187ec,p8_s0_tr,MG_LOW-US_LOW,1
mg,5ced59b5-cd6d-47b6-b0df-382b305187ec,p1_s1_tr,MG_HIGH-US_LOW,0
mg,5ced59b5-cd6d-47b6-b0df-382b305187ec,p10_s0_tl,MG_LOW-US_HIGH,1
mg,5ced59b5-cd6d-47b6-b0df-382b305187ec,p2_s0_tr,MG_HIGH-US_LOW,1
mg,5ced59b5-cd6d-47b6-b0df-382b305187ec,p6_s0_tl,MG_LOW-US_LOW,1
mg,5ced59b5-cd6d-47b6-b0df-382b305187ec,p9_s1_tl,MG_LOW-US_HIGH,0
mg,5ced59b5-cd6d-47b6-b0df-382b305187ec,p9_s0_tr,MG_LOW-US_HIGH,0
mg,5ced59b5-cd6d-47b6-b0df-382b305187ec,p0_s1_tr,MG_HIGH-US_LOW,1
mg,5ced59b5-cd6d-47b6-b0df-382b305187ec,p7_s0_tr,MG_LOW-US_LOW,1
mg,5ced59b5-cd6d-47b6-b0df-382b305187ec,p10_s1_tr,MG_LOW-US_HIGH,1
mg,5ced59b5-cd6d-47b6-b0df-382b305187ec,p6_s0_tr,MG_LOW-US_LOW,1
mg,5ced59b5-cd6d-47b6-b0df-382b305187ec,p8_s1_tr,MG_LOW-US_LOW,1
mg,5ced59b5-cd6d-47b6-b0df-382b305187ec,p3_s1_tl,MG_HIGH-US_HIGH,1
mg,5ced59b5-cd6d-47b6-b0df-382b305187ec,p7_s0_tl,MG_LOW-US_LOW,1
mg,5ced59b5-cd6d-47b6-b0df-382b305187ec,p5_s1_tr,MG_HIGH-US_HIGH,1
mg,5ced59b5-cd6d-47b6-b0df-382b305187ec,p0_s0_tl,MG_HIGH-US_LOW,1
mg,5ced59b5-cd6d-47b6-b0df-382b305187ec,p3_s0_tr,MG_HIGH-US_HIGH,1
mg,5ced59b5-cd6d-47b6-b0df-382b305187ec,p6_s1_tr,MG_LOW-US_LOW,0
mg,5ced59b5-cd6d-47b6-b0df-382b305187ec,p4_s1_tr,MG_HIGH-US_HIGH,0
mg,5ced59b5-cd6d-47b6-b0df-382b305187ec,p3_s0_tl,MG_HIGH-US_HIGH,1
mg,5ced59b5-cd6d-47b6-b0df-382b305187ec,p1_s0_tl,MG_HIGH-US_LOW,0
mg,5ced59b5-cd6d-47b6-b0df-382b305187ec,p0_s1_tl,MG_HIGH-US_LOW,1
mg,5ced59b5-cd6d-47b6-b0df-382b305187ec,p0_s0_tr,MG_HIGH-US_LOW,1
mg,5ced59b5-cd6d-47b6-b0df-382b305187ec,p6_s1_tl,MG_LOW-US_LOW,1
mg,5ced59b5-cd6d-47b6-b0df-382b305187ec,p3_s1_tr,MG_HIGH-US_HIGH,1
mg,5ced59b5-cd6d-47b6-b0df-382b305187ec,p10_s1_tl,MG_LOW-US_HIGH,1
mg,5ced59b5-cd6d-47b6-b0df-382b305187ec,p7_s1_tr,MG_LOW-US_LOW,0
mg,5ced59b5-cd6d-47b6-b0df-382b305187ec,p11_s1_tl,MG_LOW-US_HIGH,0
mg,5ced59b5-cd6d-47b6-b0df-382b305187ec,p9_s1_tr,MG_LOW-US_HIGH,0
mg,5ced59b5-cd6d-47b6-b0df-382b305187ec,p11_s1_tr,MG_LOW-US_HIGH,0
mg,5ced59b5-cd6d-47b6-b0df-382b305187ec,p2_s1_tr,MG_HIGH-US_LOW,1
mg,5ced59b5-cd6d-47b6-b0df-382b305187ec,p11_s0_tl,MG_LOW-US_HIGH,0
mg,5ced59b5-cd6d-47b6-b0df-382b305187ec,p8_s0_tl,MG_LOW-US_LOW,1
mg,5ced59b5-cd6d-47b6-b0df-382b305187ec,p3_s1_tl,MG_HIGH-US_HIGH,1
mg,5ced59b5-cd6d-47b6-b0df-382b305187ec,p10_s1_tr,MG_LOW-US_HIGH,1
mg,5ced59b5-cd6d-47b6-b0df-382b305187ec,p4_s0_tr,MG_HIGH-US_HIGH,1
mg,5ced59b5-cd6d-47b6-b0df-382b305187ec,p1_s0_tl,MG_HIGH-US_LOW,0
mg,5ced59b5-cd6d-47b6-b0df-382b305187ec,p2_s1_tl,MG_HIGH-US_LOW,1
mg,5ced59b5-cd6d-47b6-b0df-382b305187ec,p9_s0_tl,MG_LOW-US_HIGH,0
mg,5ced59b5-cd6d-47b6-b0df-382b305187ec,p11_s1_tr,MG_LOW-US_HIGH,0
mg,5ced59b5-cd6d-47b6-b0df-382b305187ec,p2_s1_tr,MG_HIGH-US_LOW,1
mg,5ced59b5-cd6d-47b6-b0df-382b305187ec,p10_s0_tl,MG_LOW-US_HIGH,1
mg,5ced59b5-cd6d-47b6-b0df-382b305187ec,p5_s1_tr,MG_HIGH-US_HIGH,1
mg,5ced59b5-cd6d-47b6-b0df-382b305187ec,p7_s0_tr,MG_LOW-US_LOW,1
mg,5ced59b5-cd6d-47b6-b0df-382b305187ec,p2_s0_tl,MG_HIGH-US_LOW,0
mg,5ced59b5-cd6d-47b6-b0df-382b305187ec,p1_s1_tr,MG_HIGH-US_LOW,0
mg,5ced59b5-cd6d-47b6-b0df-382b305187ec,p8_s1_tl,MG_LOW-US_LOW,1
mg,5ced59b5-cd6d-47b6-b0df-382b305187ec,p4_s1_tl,MG_HIGH-US_HIGH,0
mg,5ced59b5-cd6d-47b6-b0df-382b305187ec,p3_s0_tl,MG_HIGH-US_HIGH,1
mg,5ced59b5-cd6d-47b6-b0df-382b305187ec,p11_s0_tr,MG_LOW-US_HIGH,0
mg,5ced59b5-cd6d-47b6-b0df-382b305187ec,p8_s0_tl,MG_LOW-US_LOW,1
mg,5ced59b5-cd6d-47b6-b0df-382b305187ec,p10_s1_tl,MG_LOW-US_HIGH,1
mg,5ced59b5-cd6d-47b6-b0df-382b305187ec,p6_s1_tr,MG_LOW-US_LOW,0
mg,5ced59b5-cd6d-47b6-b0df-382b305187ec,p8_s0_tr,MG_LOW-US_LOW,0
mg,5ced59b5-cd6d-47b6-b0df-382b305187ec,p9_s1_tl,MG_LOW-US_HIGH,0
mg,5ced59b5-cd6d-47b6-b0df-382b305187ec,p0_s1_tr,MG_HIGH-US_LOW,1
mg,5ced59b5-cd6d-47b6-b0df-382b305187ec,p11_s1_tl,MG_LOW-US_HIGH,0
mg,5ced59b5-cd6d-47b6-b0df-382b305187ec,p1_s0_tr,MG_HIGH-US_LOW,0
mg,5ced59b5-cd6d-47b6-b0df-382b305187ec,p9_s0_tr,MG_LOW-US_HIGH,0
mg,5ced59b5-cd6d-47b6-b0df-382b305187ec,p11_s0_tl,MG_LOW-US_HIGH,0
mg,5ced59b5-cd6d-47b6-b0df-382b305187ec,p4_s0_tl,MG_HIGH-US_HIGH,0
mg,5ced59b5-cd6d-47b6-b0df-382b305187ec,p1_s1_tl,MG_HIGH-US_LOW,1
mg,5ced59b5-cd6d-47b6-b0df-382b305187ec,p4_s1_tr,MG_HIGH-US_HIGH,0
mg,5ced59b5-cd6d-47b6-b0df-382b305187ec,p7_s1_tr,MG_LOW-US_LOW,1
mg,5ced59b5-cd6d-47b6-b0df-382b305187ec,p9_s1_tr,MG_LOW-US_HIGH,0
mg,5ced59b5-cd6d-47b6-b0df-382b305187ec,p0_s1_tl,MG_HIGH-US_LOW,1
mg,5ced59b5-cd6d-47b6-b0df-382b305187ec,p7_s1_tl,MG_LOW-US_LOW,1
mg,5ced59b5-cd6d-47b6-b0df-382b305187ec,p2_s0_tr,MG_HIGH-US_LOW,0
mg,5ced59b5-cd6d-47b6-b0df-382b305187ec,p6_s0_tr,MG_LOW-US_LOW,1
mg,5ced59b5-cd6d-47b6-b0df-382b305187ec,p6_s0_tl,MG_LOW-US_LOW,0
mg,5ced59b5-cd6d-47b6-b0df-382b305187ec,p0_s0_tl,MG_HIGH-US_LOW,1
mg,5ced59b5-cd6d-47b6-b0df-382b305187ec,p8_s1_tr,MG_LOW-US_LOW,1
mg,5ced59b5-cd6d-47b6-b0df-382b305187ec,p3_s1_tr,MG_HIGH-US_HIGH,1
mg,5ced59b5-cd6d-47b6-b0df-382b305187ec,p10_s0_tr,MG_LOW-US_HIGH,1
mg,5ced59b5-cd6d-47b6-b0df-382b305187ec,p3_s0_tr,MG_HIGH-US_HIGH,1
mg,5ced59b5-cd6d-47b6-b0df-382b305187ec,p5_s1_tl,MG_HIGH-US_HIGH,1
mg,5ced59b5-cd6d-47b6-b0df-382b305187ec,p6_s1_tl,MG_LOW-US_LOW,0
mg,5ced59b5-cd6d-47b6-b0df-382b305187ec,p0_s0_tr,MG_HIGH-US_LOW,1
mg,5ced59b5-cd6d-47b6-b0df-382b305187ec,p7_s0_tl,MG_LOW-US_LOW,1
mg,5ced59b5-cd6d-47b6-b0df-382b305187ec,p5_s0_tr,MG_HIGH-US_HIGH,1
mg,5ced59b5-cd6d-47b6-b0df-382b305187ec,p5_s0_tl,MG_HIGH-US_HIGH,1
mg,5ced59b5-cd6d-47b6-b0df-382b305187ec,p4_s0_tl,MG_HIGH-US_HIGH,0
mg,5ced59b5-cd6d-47b6-b0df-382b305187ec,p11_s1_tl,MG_LOW-US_HIGH,0
mg,5ced59b5-cd6d-47b6-b0df-382b305187ec,p1_s1_tr,MG_HIGH-US_LOW,0
mg,5ced59b5-cd6d-47b6-b0df-382b305187ec,p4_s1_tr,MG_HIGH-US_HIGH,0
mg,5ced59b5-cd6d-47b6-b0df-382b305187ec,p1_s1_tl,MG_HIGH-US_LOW,0
mg,5ced59b5-cd6d-47b6-b0df-382b305187ec,p7_s1_tr,MG_LOW-US_LOW,1
mg,5ced59b5-cd6d-47b6-b0df-382b305187ec,p7_s0_tl,MG_LOW-US_LOW,1
mg,5ced59b5-cd6d-47b6-b0df-382b305187ec,p8_s1_tr,MG_LOW-US_LOW,1
mg,5ced59b5-cd6d-47b6-b0df-382b305187ec,p5_s1_tr,MG_HIGH-US_HIGH,1
mg,5ced59b5-cd6d-47b6-b0df-382b305187ec,p10_s0_tl,MG_LOW-US_HIGH,1
mg,5ced59b5-cd6d-47b6-b0df-382b305187ec,p8_s1_tl,MG_LOW-US_LOW,1
mg,5ced59b5-cd6d-47b6-b0df-382b305187ec,p6_s0_tr,MG_LOW-US_LOW,0
mg,5ced59b5-cd6d-47b6-b0df-382b305187ec,p1_s0_tl,MG_HIGH-US_LOW,1
mg,5ced59b5-cd6d-47b6-b0df-382b305187ec,p10_s0_tr,MG_LOW-US_HIGH,1
mg,5ced59b5-cd6d-47b6-b0df-382b305187ec,p2_s1_tl,MG_HIGH-US_LOW,1
mg,5ced59b5-cd6d-47b6-b0df-382b305187ec,p6_s1_tl,MG_LOW-US_LOW,1
mg,5ced59b5-cd6d-47b6-b0df-382b305187ec,p2_s1_tr,MG_HIGH-US_LOW,0
mg,5ced59b5-cd6d-47b6-b0df-382b305187ec,p8_s0_tr,MG_LOW-US_LOW,1
mg,5ced59b5-cd6d-47b6-b0df-382b305187ec,p7_s1_tl,MG_LOW-US_LOW,1
mg,5ced59b5-cd6d-47b6-b0df-382b305187ec,p11_s1_tr,MG_LOW-US_HIGH,0
mg,5ced59b5-cd6d-47b6-b0df-382b305187ec,p7_s0_tr,MG_LOW-US_LOW,1
mg,5ced59b5-cd6d-47b6-b0df-382b305187ec,p3_s0_tr,MG_HIGH-US_HIGH,1
mg,5ced59b5-cd6d-47b6-b0df-382b305187ec,p0_s1_tl,MG_HIGH-US_LOW,1
mg,5ced59b5-cd6d-47b6-b0df-382b305187ec,p9_s0_tr,MG_LOW-US_HIGH,0
mg,5ced59b5-cd6d-47b6-b0df-382b305187ec,p3_s0_tl,MG_HIGH-US_HIGH,1
mg,5ced59b5-cd6d-47b6-b0df-382b305187ec,p9_s1_tr,MG_LOW-US_HIGH,0
mg,5ced59b5-cd6d-47b6-b0df-382b305187ec,p6_s1_tr,MG_LOW-US_LOW,0
mg,5ced59b5-cd6d-47b6-b0df-382b305187ec,p9_s0_tl,MG_LOW-US_HIGH,0
mg,5ced59b5-cd6d-47b6-b0df-382b305187ec,p4_s1_tl,MG_HIGH-US_HIGH,0
mg,5ced59b5-cd6d-47b6-b0df-382b305187ec,p3_s1_tl,MG_HIGH-US_HIGH,1
mg,5ced59b5-cd6d-47b6-b0df-382b305187ec,p0_s1_tr,MG_HIGH-US_LOW,1
mg,5ced59b5-cd6d-47b6-b0df-382b305187ec,p6_s0_tl,MG_LOW-US_LOW,0
mg,5ced59b5-cd6d-47b6-b0df-382b305187ec,p5_s0_tr,MG_HIGH-US_HIGH,1
mg,5ced59b5-cd6d-47b6-b0df-382b305187ec,p4_s0_tr,MG_HIGH-US_HIGH,0
mg,5ced59b5-cd6d-47b6-b0df-382b305187ec,p5_s0_tl,MG_HIGH-US_HIGH,1
mg,5ced59b5-cd6d-47b6-b0df-382b305187ec,p11_s0_tl,MG_LOW-US_HIGH,0
mg,5ced59b5-cd6d-47b6-b0df-382b305187ec,p1_s0_tr,MG_HIGH-US_LOW,0
mg,5ced59b5-cd6d-47b6-b0df-382b305187ec,p10_s1_tr,MG_LOW-US_HIGH,1
mg,5ced59b5-cd6d-47b6-b0df-382b305187ec,p2_s0_tl,MG_HIGH-US_LOW,1
mg,5ced59b5-cd6d-47b6-b0df-382b305187ec,p10_s1_tl,MG_LOW-US_HIGH,1
mg,5ced59b5-cd6d-47b6-b0df-382b305187ec,p11_s0_tr,MG_LOW-US_HIGH,0
mg,5ced59b5-cd6d-47b6-b0df-382b305187ec,p5_s1_tl,MG_HIGH-US_HIGH,1
mg,5ced59b5-cd6d-47b6-b0df-382b305187ec,p0_s0_tl,MG_HIGH-US_LOW,1
mg,5ced59b5-cd6d-47b6-b0df-382b305187ec,p3_s1_tr,MG_HIGH-US_HIGH,1
mg,5ced59b5-cd6d-47b6-b0df-382b305187ec,p2_s0_tr,MG_HIGH-US_LOW,0
mg,5ced59b5-cd6d-47b6-b0df-382b305187ec,p9_s1_tl,MG_LOW-US_HIGH,0
mg,5ced59b5-cd6d-47b6-b0df-382b305187ec,p0_s0_tr,MG_HIGH-US_LOW,1
mg,5ced59b5-cd6d-47b6-b0df-382b305187ec,p8_s0_tl,MG_LOW-US_LOW,1
mg,c60d5645-d4f4-4f36-addd-8166350d2a58,p5_s0_tl,MG_HIGH-US_HIGH,1
mg,c60d5645-d4f4-4f36-addd-8166350d2a58,p2_s1_tr,MG_HIGH-US_LOW,0
mg,c60d5645-d4f4-4f36-addd-8166350d2a58,p8_s0_tr,MG_LOW-US_LOW,1
mg,c60d5645-d4f4-4f36-addd-8166350d2a58,p1_s1_tl,MG_HIGH-US_LOW,1
mg,c60d5645-d4f4-4f36-addd-8166350d2a58,p8_s1_tl,MG_LOW-US_LOW,1
mg,c60d5645-d4f4-4f36-addd-8166350d2a58,p4_s1_tr,MG_HIGH-US_HIGH,1
mg,c60d5645-d4f4-4f36-addd-8166350d2a58,p3_s1_tl,MG_HIGH-US_HIGH,1
mg,c60d5645-d4f4-4f36-addd-8166350d2a58,p9_s1_tl,MG_LOW-US_HIGH,0
mg,c60d5645-d4f4-4f36-addd-8166350d2a58,p10_s1_tr,MG_LOW-US_HIGH,1
mg,c60d5645-d4f4-4f36-addd-8166350d2a58,p4_s1_tl,MG_HIGH-US_HIGH,0
mg,c60d5645-d4f4-4f36-addd-8166350d2a58,p4_s0_tl,MG_HIGH-US_HIGH,0
mg,c60d5645-d4f4-4f36-addd-8166350d2a58,p0_s0_tl,MG_HIGH-US_LOW,1
mg,c60d5645-d4f4-4f36-addd-8166350d2a58,p10_s1_tl,MG_LOW-US_HIGH,1
mg,c60d5645-d4f4-4f36-addd-8166350d2a58,p8_s0_tl,MG_LOW-US_LOW,1
mg,c60d5645-d4f4-4f36-addd-8166350d2a58,p3_s1_tr,MG_HIGH-US_HIGH,1
mg,c60d5645-d4f4-4f36-addd-8166350d2a58,p9_s1_tr,MG_LOW-US_HIGH,0
mg,c60d5645-d4f4-4f36-addd-8166350d2a58,p10_s0_tl,MG_LOW-US_HIGH,0
mg,c60d5645-d4f4-4f36-addd-8166350d2a58,p1_s0_tr,MG_HIGH-US_LOW,0
mg,c60d5645-d4f4-4f36-addd-8166350d2a58,p2_s1_tl,MG_HIGH-US_LOW,0
mg,c60d5645-d4f4-4f36-addd-8166350d2a58,p7_s1_tl,MG_LOW-US_LOW,1
mg,c60d5645-d4f4-4f36-addd-8166350d2a58,p9_s0_tr,MG_LOW-US_HIGH,0
mg,c60d5645-d4f4-4f36-addd-8166350d2a58,p10_s0_tr,MG_LOW-US_HIGH,0
mg,c60d5645-d4f4-4f36-addd-8166350d2a58,p5_s1_tl,MG_HIGH-US_HIGH,1
mg,c60d5645-d4f4-4f36-addd-8166350d2a58,p1_s0_tl,MG_HIGH-US_LOW,0
mg,c60d5645-d4f4-4f36-addd-8166350d2a58,p7_s1_tr,MG_LOW-US_LOW,1
mg,c60d5645-d4f4-4f36-addd-8166350d2a58,p3_s0_tr,MG_HIGH-US_HIGH,1
mg,c60d5645-d4f4-4f36-addd-8166350d2a58,p2_s0_tr,MG_HIGH-US_LOW,0
mg,c60d5645-d4f4-4f36-addd-8166350d2a58,p7_s0_tr,MG_LOW-US_LOW,1
mg,c60d5645-d4f4-4f36-addd-8166350d2a58,p2_s0_tl,MG_HIGH-US_LOW,0
mg,c60d5645-d4f4-4f36-addd-8166350d2a58,p1_s1_tr,MG_HIGH-US_LOW,0
mg,c60d5645-d4f4-4f36-addd-8166350d2a58,p0_s0_tr,MG_HIGH-US_LOW,1
mg,c60d5645-d4f4-4f36-addd-8166350d2a58,p0_s1_tl,MG_HIGH-US_LOW,1
mg,c60d5645-d4f4-4f36-addd-8166350d2a58,p0_s1_tr,MG_HIGH-US_LOW,1
mg,c60d5645-d4f4-4f36-addd-8166350d2a58,p6_s1_tr,MG_LOW-US_LOW,0
mg,c60d5645-d4f4-4f36-addd-8166350d2a58,p9_s0_tl,MG_LOW-US_HIGH,0
mg,c60d5645-d4f4-4f36-addd-8166350d2a58,p8_s1_tr,MG_LOW-US_LOW,1
mg,c60d5645-d4f4-4f36-addd-8166350d2a58,p5_s0_tr,MG_HIGH-US_HIGH,1
mg,c60d5645-d4f4-4f36-addd-8166350d2a58,p7_s0_tl,MG_LOW-US_LOW,1
mg,c60d5645-d4f4-4f36-addd-8166350d2a58,p6_s0_tr,MG_LOW-US_LOW,1
mg,c60d5645-d4f4-4f36-addd-8166350d2a58,p4_s0_tr,MG_HIGH-US_HIGH,1
mg,c60d5645-d4f4-4f36-addd-8166350d2a58,p5_s1_tr,MG_HIGH-US_HIGH,1
mg,c60d5645-d4f4-4f36-addd-8166350d2a58,p3_s0_tl,MG_HIGH-US_HIGH,1
mg,c60d5645-d4f4-4f36-addd-8166350d2a58,p11_s1_tr,MG_LOW-US_HIGH,0
mg,c60d5645-d4f4-4f36-addd-8166350d2a58,p6_s1_tl,MG_LOW-US_LOW,1
mg,c60d5645-d4f4-4f36-addd-8166350d2a58,p6_s0_tl,MG_LOW-US_LOW,1
mg,c60d5645-d4f4-4f36-addd-8166350d2a58,p11_s1_tl,MG_LOW-US_HIGH,0
mg,c60d5645-d4f4-4f36-addd-8166350d2a58,p11_s0_tl,MG_LOW-US_HIGH,1
mg,c60d5645-d4f4-4f36-addd-8166350d2a58,p11_s0_tr,MG_LOW-US_HIGH,0
mg,c60d5645-d4f4-4f36-addd-8166350d2a58,p1_s1_tl,MG_HIGH-US_LOW,0
mg,c60d5645-d4f4-4f36-addd-8166350d2a58,p5_s0_tl,MG_HIGH-US_HIGH,1
mg,c60d5645-d4f4-4f36-addd-8166350d2a58,p11_s1_tr,MG_LOW-US_HIGH,0
mg,c60d5645-d4f4-4f36-addd-8166350d2a58,p0_s0_tl,MG_HIGH-US_LOW,1
mg,c60d5645-d4f4-4f36-addd-8166350d2a58,p4_s0_tr,MG_HIGH-US_HIGH,0
mg,c60d5645-d4f4-4f36-addd-8166350d2a58,p1_s1_tr,MG_HIGH-US_LOW,0
mg,c60d5645-d4f4-4f36-addd-8166350d2a58,p0_s1_tr,MG_HIGH-US_LOW,1
mg,c60d5645-d4f4-4f36-addd-8166350d2a58,p4_s1_tl,MG_HIGH-US_HIGH,1
mg,c60d5645-d4f4-4f36-addd-8166350d2a58,p6_s1_tl,MG_LOW-US_LOW,1
mg,c60d5645-d4f4-4f36-addd-8166350d2a58,p11_s1_tl,MG_LOW-US_HIGH,0
mg,c60d5645-d4f4-4f36-addd-8166350d2a58,p8_s0_tl,MG_LOW-US_LOW,0
mg,c60d5645-d4f4-4f36-addd-8166350d2a58,p7_s1_tl,MG_LOW-US_LOW,1
mg,c60d5645-d4f4-4f36-addd-8166350d2a58,p2_s1_tr,MG_HIGH-US_LOW,0
mg,c60d5645-d4f4-4f36-addd-8166350d2a58,p0_s0_tr,MG_HIGH-US_LOW,1
mg,c60d5645-d4f4-4f36-addd-8166350d2a58,p3_s1_tr,MG_HIGH-US_HIGH,1
mg,c60d5645-d4f4-4f36-addd-8166350d2a58,p3_s0_tl,MG_HIGH-US_HIGH,1
mg,c60d5645-d4f4-4f36-addd-8166350d2a58,p7_s1_tr,MG_LOW-US_LOW,1
mg,c60d5645-d4f4-4f36-addd-8166350d2a58,p10_s1_tl,MG_LOW-US_HIGH,0
mg,c60d5645-d4f4-4f36-addd-8166350d2a58,p4_s0_tl,MG_HIGH-US_HIGH,0
mg,c60d5645-d4f4-4f36-addd-8166350d2a58,p9_s1_tr,MG_LOW-US_HIGH,0
mg,c60d5645-d4f4-4f36-addd-8166350d2a58,p11_s0_tl,MG_LOW-US_HIGH,0
mg,c60d5645-d4f4-4f36-addd-8166350d2a58,p2_s0_tl,MG_HIGH-US_LOW,0
mg,c60d5645-d4f4-4f36-addd-8166350d2a58,p4_s1_tr,MG_HIGH-US_HIGH,1
mg,c60d5645-d4f4-4f36-addd-8166350d2a58,p2_s0_tr,MG_HIGH-US_LOW,1
mg,c60d5645-d4f4-4f36-addd-8166350d2a58,p6_s0_tl,MG_LOW-US_LOW,1
mg,c60d5645-d4f4-4f36-addd-8166350d2a58,p7_s0_tr,MG_LOW-US_LOW,1
mg,c60d5645-d4f4-4f36-addd-8166350d2a58,p3_s1_tl,MG_HIGH-US_HIGH,1
mg,c60d5645-d4f4-4f36-addd-8166350d2a58,p9_s1_tl,MG_LOW-US_HIGH,1
mg,c60d5645-d4f4-4f36-addd-8166350d2a58,p0_s1_tl,MG_HIGH-US_LOW,1
mg,c60d5645-d4f4-4f36-addd-8166350d2a58,p3_s0_tr,MG_HIGH-US_HIGH,1
mg,c60d5645-d4f4-4f36-addd-8166350d2a58,p9_s0_tl,MG_LOW-US_HIGH,0
mg,c60d5645-d4f4-4f36-addd-8166350d2a58,p2_s1_tl,MG_HIGH-US_LOW,1
mg,c60d5645-d4f4-4f36-addd-8166350d2a58,p5_s1_tl,MG_HIGH-US_HIGH,1
mg,c60d5645-d4f4-4f36-addd-8166350d2a58,p11_s0_tr,MG_LOW-US_HIGH,0
mg,c60d5645-d4f4-4f36-addd-8166350d2a58,p6_s0_tr,MG_LOW-US_LOW,1
mg,c60d5645-d4f4-4f36-addd-8166350d2a58,p7_s0_tl,MG_LOW-US_LOW,0
mg,c60d5645-d4f4-4f36-addd-8166350d2a58,p9_s0_tr,MG_LOW-US_HIGH,0
mg,c60d5645-d4f4-4f36-addd-8166350d2a58,p1_s0_tl,MG_HIGH-US_LOW,1
mg,c60d5645-d4f4-4f36-addd-8166350d2a58,p6_s1_tr,MG_LOW-US_LOW,1
mg,c60d5645-d4f4-4f36-addd-8166350d2a58,p10_s0_tl,MG_LOW-US_HIGH,0
mg,c60d5645-d4f4-4f36-addd-8166350d2a58,p5_s1_tr,MG_HIGH-US_HIGH,1
mg,c60d5645-d4f4-4f36-addd-8166350d2a58,p10_s1_tr,MG_LOW-US_HIGH,0
mg,c60d5645-d4f4-4f36-addd-8166350d2a58,p10_s0_tr,MG_LOW-US_HIGH,1
mg,c60d5645-d4f4-4f36-addd-8166350d2a58,p5_s0_tr,MG_HIGH-US_HIGH,1
mg,c60d5645-d4f4-4f36-addd-8166350d2a58,p1_s0_tr,MG_HIGH-US_LOW,0
mg,c60d5645-d4f4-4f36-addd-8166350d2a58,p8_s0_tr,MG_LOW-US_LOW,1
mg,c60d5645-d4f4-4f36-addd-8166350d2a58,p8_s1_tl,MG_LOW-US_LOW,1
mg,c60d5645-d4f4-4f36-addd-8166350d2a58,p8_s1_tr,MG_LOW-US_LOW,1
mg,c60d5645-d4f4-4f36-addd-8166350d2a58,p4_s1_tl,MG_HIGH-US_HIGH,1
mg,c60d5645-d4f4-4f36-addd-8166350d2a58,p11_s1_tr,MG_LOW-US_HIGH,0
mg,c60d5645-d4f4-4f36-addd-8166350d2a58,p10_s0_tl,MG_LOW-US_HIGH,0
mg,c60d5645-d4f4-4f36-addd-8166350d2a58,p6_s1_tr,MG_LOW-US_LOW,1
mg,c60d5645-d4f4-4f36-addd-8166350d2a58,p8_s0_tr,MG_LOW-US_LOW,1
mg,c60d5645-d4f4-4f36-addd-8166350d2a58,p10_s0_tr,MG_LOW-US_HIGH,0
mg,c60d5645-d4f4-4f36-addd-8166350d2a58,p4_s1_tr,MG_HIGH-US_HIGH,1
mg,c60d5645-d4f4-4f36-addd-8166350d2a58,p7_s0_tl,MG_LOW-US_LOW,1
mg,c60d5645-d4f4-4f36-addd-8166350d2a58,p7_s1_tr,MG_LOW-US_LOW,0
mg,c60d5645-d4f4-4f36-addd-8166350d2a58,p9_s0_tl,MG_LOW-US_HIGH,0
mg,c60d5645-d4f4-4f36-addd-8166350d2a58,p0_s1_tl,MG_HIGH-US_LOW,1
mg,c60d5645-d4f4-4f36-addd-8166350d2a58,p8_s0_tl,MG_LOW-US_LOW,1
mg,c60d5645-d4f4-4f36-addd-8166350d2a58,p3_s0_tr,MG_HIGH-US_HIGH,1
mg,c60d5645-d4f4-4f36-addd-8166350d2a58,p2_s0_tr,MG_HIGH-US_LOW,0
mg,c60d5645-d4f4-4f36-addd-8166350d2a58,p11_s0_tl,MG_LOW-US_HIGH,0
mg,c60d5645-d4f4-4f36-addd-8166350d2a58,p8_s1_tl,MG_LOW-US_LOW,1
mg,c60d5645-d4f4-4f36-addd-8166350d2a58,p0_s0_tl,MG_HIGH-US_LOW,1
mg,c60d5645-d4f4-4f36-addd-8166350d2a58,p6_s0_tr,MG_LOW-US_LOW,1
mg,c60d5645-d4f4-4f36-addd-8166350d2a58,p10_s1_tl,MG_LOW-US_HIGH,0
mg,c60d5645-d4f4-4f36-addd-8166350d2a58,p0_s1_tr,MG_HIGH-US_LOW,1
mg,c60d5645-d4f4-4f36-addd-8166350d2a58,p2_s0_tl,MG_HIGH-US_LOW,1
mg,c60d5645-d4f4-4f36-addd-8166350d2a58,p5_s0_tl,MG_HIGH-US_HIGH,1
mg,c60d5645-d4f4-4f36-addd-8166350d2a58,p9_s1_tr,MG_LOW-US_HIGH,0
mg,c60d5645-d4f4-4f36-addd-8166350d2a58,p4_s0_tl,MG_HIGH-US_HIGH,1
mg,c60d5645-d4f4-4f36-addd-8166350d2a58,p1_s1_tr,MG_HIGH-US_LOW,0
mg,c60d5645-d4f4-4f36-addd-8166350d2a58,p9_s0_tr,MG_LOW-US_HIGH,0
mg,c60d5645-d4f4-4f36-addd-8166350d2a58,p7_s1_tl,MG_LOW-US_LOW,0
mg,c60d5645-d4f4-4f36-addd-8166350d2a58,p10_s1_tr,MG_LOW-US_HIGH,0
mg,c60d5645-d4f4-4f36-addd-8166350d2a58,p3_s1_tr,MG_HIGH-US_HIGH,1
mg,c60d5645-d4f4-4f36-addd-8166350d2a58,p5_s0_tr,MG_HIGH-US_HIGH,1
mg,c60d5645-d4f4-4f36-addd-8166350d2a58,p4_s0_tr,MG_HIGH-US_HIGH,1
mg,c60d5645-d4f4-4f36-addd-8166350d2a58,p1_s0_tr,MG_HIGH-US_LOW,0
mg,c60d5645-d4f4-4f36-addd-8166350d2a58,p2_s1_tr,MG_HIGH-US_LOW,1
mg,c60d5645-d4f4-4f36-addd-8166350d2a58,p0_s0_tr,MG_HIGH-US_LOW,1
mg,c60d5645-d4f4-4f36-addd-8166350d2a58,p5_s1_tl,MG_HIGH-US_HIGH,1
mg,c60d5645-d4f4-4f36-addd-8166350d2a58,p9_s1_tl,MG_LOW-US_HIGH,0
mg,c60d5645-d4f4-4f36-addd-8166350d2a58,p5_s1_tr,MG_HIGH-US_HIGH,1
mg,c60d5645-d4f4-4f36-addd-8166350d2a58,p6_s1_tl,MG_LOW-US_LOW,1
mg,c60d5645-d4f4-4f36-addd-8166350d2a58,p11_s1_tl,MG_LOW-US_HIGH,0
mg,c60d5645-d4f4-4f36-addd-8166350d2a58,p3_s0_tl,MG_HIGH-US_HIGH,1
mg,c60d5645-d4f4-4f36-addd-8166350d2a58,p1_s1_tl,MG_HIGH-US_LOW,0
mg,c60d5645-d4f4-4f36-addd-8166350d2a58,p3_s1_tl,MG_HIGH-US_HIGH,1
mg,c60d5645-d4f4-4f36-addd-8166350d2a58,p6_s0_tl,MG_LOW-US_LOW,1
mg,c60d5645-d4f4-4f36-addd-8166350d2a58,p11_s0_tr,MG_LOW-US_HIGH,0
mg,c60d5645-d4f4-4f36-addd-8166350d2a58,p7_s0_tr,MG_LOW-US_LOW,1
mg,c60d5645-d4f4-4f36-addd-8166350d2a58,p1_s0_tl,MG_HIGH-US_LOW,0
mg,c60d5645-d4f4-4f36-addd-8166350d2a58,p2_s1_tl,MG_HIGH-US_LOW,1
mg,c60d5645-d4f4-4f36-addd-8166350d2a58,p8_s1_tr,MG_LOW-US_LOW,1
mg,e5fb7b7d-1283-45dd-8da8-a0bc4ee0e539,p1_s1_tr,MG_HIGH-US_LOW,1
mg,e5fb7b7d-1283-45dd-8da8-a0bc4ee0e539,p11_s1_tr,MG_LOW-US_HIGH,0
mg,e5fb7b7d-1283-45dd-8da8-a0bc4ee0e539,p0_s0_tl,MG_HIGH-US_LOW,1
mg,e5fb7b7d-1283-45dd-8da8-a0bc4ee0e539,p4_s1_tl,MG_HIGH-US_HIGH,1
mg,e5fb7b7d-1283-45dd-8da8-a0bc4ee0e539,p6_s1_tr,MG_LOW-US_LOW,1
mg,e5fb7b7d-1283-45dd-8da8-a0bc4ee0e539,p7_s0_tr,MG_LOW-US_LOW,1
mg,e5fb7b7d-1283-45dd-8da8-a0bc4ee0e539,p4_s0_tr,MG_HIGH-US_HIGH,1
mg,e5fb7b7d-1283-45dd-8da8-a0bc4ee0e539,p2_s1_tl,MG_HIGH-US_LOW,1
mg,e5fb7b7d-1283-45dd-8da8-a0bc4ee0e539,p7_s1_tr,MG_LOW-US_LOW,1
mg,e5fb7b7d-1283-45dd-8da8-a0bc4ee0e539,p9_s0_tl,MG_LOW-US_HIGH,1
mg,e5fb7b7d-1283-45dd-8da8-a0bc4ee0e539,p5_s0_tl,MG_HIGH-US_HIGH,1
mg,e5fb7b7d-1283-45dd-8da8-a0bc4ee0e539,p11_s0_tl,MG_LOW-US_HIGH,1
mg,e5fb7b7d-1283-45dd-8da8-a0bc4ee0e539,p0_s0_tr,MG_HIGH-US_LOW,0
mg,e5fb7b7d-1283-45dd-8da8-a0bc4ee0e539,p10_s1_tr,MG_LOW-US_HIGH,1
mg,e5fb7b7d-1283-45dd-8da8-a0bc4ee0e539,p5_s1_tl,MG_HIGH-US_HIGH,1
mg,e5fb7b7d-1283-45dd-8da8-a0bc4ee0e539,p5_s0_tr,MG_HIGH-US_HIGH,1
mg,e5fb7b7d-1283-45dd-8da8-a0bc4ee0e539,p10_s0_tl,MG_LOW-US_HIGH,0
mg,e5fb7b7d-1283-45dd-8da8-a0bc4ee0e539,p9_s1_tr,MG_LOW-US_HIGH,1
mg,e5fb7b7d-1283-45dd-8da8-a0bc4ee0e539,p3_s1_tr,MG_HIGH-US_HIGH,1
mg,e5fb7b7d-1283-45dd-8da8-a0bc4ee0e539,p0_s1_tl,MG_HIGH-US_LOW,1
mg,e5fb7b7d-1283-45dd-8da8-a0bc4ee0e539,p8_s1_tr,MG_LOW-US_LOW,1
mg,e5fb7b7d-1283-45dd-8da8-a0bc4ee0e539,p10_s0_tr,MG_LOW-US_HIGH,1
mg,e5fb7b7d-1283-45dd-8da8-a0bc4ee0e539,p11_s1_tl,MG_LOW-US_HIGH,1
mg,e5fb7b7d-1283-45dd-8da8-a0bc4ee0e539,p7_s1_tl,MG_LOW-US_LOW,1
mg,e5fb7b7d-1283-45dd-8da8-a0bc4ee0e539,p1_s0_tr,MG_HIGH-US_LOW,0
mg,e5fb7b7d-1283-45dd-8da8-a0bc4ee0e539,p11_s0_tr,MG_LOW-US_HIGH,1
mg,e5fb7b7d-1283-45dd-8da8-a0bc4ee0e539,p2_s0_tl,MG_HIGH-US_LOW,1
mg,e5fb7b7d-1283-45dd-8da8-a0bc4ee0e539,p3_s0_tl,MG_HIGH-US_HIGH,0
mg,e5fb7b7d-1283-45dd-8da8-a0bc4ee0e539,p3_s0_tr,MG_HIGH-US_HIGH,0
mg,e5fb7b7d-1283-45dd-8da8-a0bc4ee0e539,p4_s0_tl,MG_HIGH-US_HIGH,1
mg,e5fb7b7d-1283-45dd-8da8-a0bc4ee0e539,p6_s0_tr,MG_LOW-US_LOW,1
mg,e5fb7b7d-1283-45dd-8da8-a0bc4ee0e539,p4_s1_tr,MG_HIGH-US_HIGH,1
mg,e5fb7b7d-1283-45dd-8da8-a0bc4ee0e539,p8_s0_tl,MG_LOW-US_LOW,1
mg,e5fb7b7d-1283-45dd-8da8-a0bc4ee0e539,p3_s1_tl,MG_HIGH-US_HIGH,0
mg,e5fb7b7d-1283-45dd-8da8-a0bc4ee0e539,p9_s0_tr,MG_LOW-US_HIGH,1
mg,e5fb7b7d-1283-45dd-8da8-a0bc4ee0e539,p5_s1_tr,MG_HIGH-US_HIGH,1
mg,e5fb7b7d-1283-45dd-8da8-a0bc4ee0e539,p8_s1_tl,MG_LOW-US_LOW,1
mg,e5fb7b7d-1283-45dd-8da8-a0bc4ee0e539,p0_s1_tr,MG_HIGH-US_LOW,1
mg,e5fb7b7d-1283-45dd-8da8-a0bc4ee0e539,p8_s0_tr,MG_LOW-US_LOW,1
mg,e5fb7b7d-1283-45dd-8da8-a0bc4ee0e539,p1_s1_tl,MG_HIGH-US_LOW,0
mg,e5fb7b7d-1283-45dd-8da8-a0bc4ee0e539,p2_s1_tr,MG_HIGH-US_LOW,1
mg,e5fb7b7d-1283-45dd-8da8-a0bc4ee0e539,p10_s1_tl,MG_LOW-US_HIGH,1
mg,e5fb7b7d-1283-45dd-8da8-a0bc4ee0e539,p2_s0_tr,MG_HIGH-US_LOW,1
mg,e5fb7b7d-1283-45dd-8da8-a0bc4ee0e539,p9_s1_tl,MG_LOW-US_HIGH,1
mg,e5fb7b7d-1283-45dd-8da8-a0bc4ee0e539,p1_s0_tl,MG_HIGH-US_LOW,1
mg,e5fb7b7d-1283-45dd-8da8-a0bc4ee0e539,p7_s0_tl,MG_LOW-US_LOW,1
mg,e5fb7b7d-1283-45dd-8da8-a0bc4ee0e539,p6_s1_tl,MG_LOW-US_LOW,0
mg,e5fb7b7d-1283-45dd-8da8-a0bc4ee0e539,p6_s0_tl,MG_LOW-US_LOW,1
mg,e5fb7b7d-1283-45dd-8da8-a0bc4ee0e539,p0_s0_tl,MG_HIGH-US_LOW,1
mg,e5fb7b7d-1283-45dd-8da8-a0bc4ee0e539,p10_s1_tl,MG_LOW-US_HIGH,1
mg,e5fb7b7d-1283-45dd-8da8-a0bc4ee0e539,p0_s1_tl,MG_HIGH-US_LOW,1
mg,e5fb7b7d-1283-45dd-8da8-a0bc4ee0e539,p3_s0_tl,MG_HIGH-US_HIGH,0
mg,e5fb7b7d-1283-45dd-8da8-a0bc4ee0e539,p7_s1_tl,MG_LOW-US_LOW,1
mg,e5fb7b7d-1283-45dd-8da8-a0bc4ee0e539,p3_s0_tr,MG_HIGH-US_HIGH,0
mg,e5fb7b7d-1283-45dd-8da8-a0bc4ee0e539,p6_s0_tr,MG_LOW-US_LOW,1
mg,e5fb7b7d-1283-45dd-8da8-a0bc4ee0e539,p8_s1_tl,MG_LOW-US_LOW,1
mg,e5fb7b7d-1283-45dd-8da8-a0bc4ee0e539,p1_s0_tr,MG_HIGH-US_LOW,0
mg,e5fb7b7d-1283-45dd-8da8-a0bc4ee0e539,p0_s1_tr,MG_HIGH-US_LOW,1
mg,e5fb7b7d-1283-45dd-8da8-a0bc4ee0e539,p2_s0_tr,MG_HIGH-US_LOW,1
mg,e5fb7b7d-1283-45dd-8da8-a0bc4ee0e539,p11_s1_tr,MG_LOW-US_HIGH,1
mg,e5fb7b7d-1283-45dd-8da8-a0bc4ee0e539,p11_s0_tr,MG_LOW-US_HIGH,1
mg,e5fb7b7d-1283-45dd-8da8-a0bc4ee0e539,p6_s1_tr,MG_LOW-US_LOW,1
mg,e5fb7b7d-1283-45dd-8da8-a0bc4ee0e539,p7_s0_tl,MG_LOW-US_LOW,1
mg,e5fb7b7d-1283-45dd-8da8-a0bc4ee0e539,p2_s1_tr,MG_HIGH-US_LOW,1
mg,e5fb7b7d-1283-45dd-8da8-a0bc4ee0e539,p10_s1_tr,MG_LOW-US_HIGH,1
mg,e5fb7b7d-1283-45dd-8da8-a0bc4ee0e539,p1_s0_tl,MG_HIGH-US_LOW,1
mg,e5fb7b7d-1283-45dd-8da8-a0bc4ee0e539,p2_s0_tl,MG_HIGH-US_LOW,1
mg,e5fb7b7d-1283-45dd-8da8-a0bc4ee0e539,p6_s0_tl,MG_LOW-US_LOW,1
mg,e5fb7b7d-1283-45dd-8da8-a0bc4ee0e539,p10_s0_tr,MG_LOW-US_HIGH,1
mg,e5fb7b7d-1283-45dd-8da8-a0bc4ee0e539,p11_s0_tl,MG_LOW-US_HIGH,1
mg,e5fb7b7d-1283-45dd-8da8-a0bc4ee0e539,p10_s0_tl,MG_LOW-US_HIGH,0
mg,e5fb7b7d-1283-45dd-8da8-a0bc4ee0e539,p1_s1_tr,MG_HIGH-US_LOW,1
mg,e5fb7b7d-1283-45dd-8da8-a0bc4ee0e539,p9_s1_tr,MG_LOW-US_HIGH,1
mg,e5fb7b7d-1283-45dd-8da8-a0bc4ee0e539,p11_s1_tl,MG_LOW-US_HIGH,1
mg,e5fb7b7d-1283-45dd-8da8-a0bc4ee0e539,p8_s0_tr,MG_LOW-US_LOW,1
mg,e5fb7b7d-1283-45dd-8da8-a0bc4ee0e539,p0_s0_tr,MG_HIGH-US_LOW,1
mg,e5fb7b7d-1283-45dd-8da8-a0bc4ee0e539,p4_s0_tl,MG_HIGH-US_HIGH,1
mg,e5fb7b7d-1283-45dd-8da8-a0bc4ee0e539,p7_s0_tr,MG_LOW-US_LOW,1
mg,e5fb7b7d-1283-45dd-8da8-a0bc4ee0e539,p4_s1_tr,MG_HIGH-US_HIGH,1
mg,e5fb7b7d-1283-45dd-8da8-a0bc4ee0e539,p3_s1_tr,MG_HIGH-US_HIGH,1
mg,e5fb7b7d-1283-45dd-8da8-a0bc4ee0e539,p5_s1_tr,MG_HIGH-US_HIGH,1
mg,e5fb7b7d-1283-45dd-8da8-a0bc4ee0e539,p5_s1_tl,MG_HIGH-US_HIGH,1
mg,e5fb7b7d-1283-45dd-8da8-a0bc4ee0e539,p8_s1_tr,MG_LOW-US_LOW,1
mg,e5fb7b7d-1283-45dd-8da8-a0bc4ee0e539,p4_s1_tl,MG_HIGH-US_HIGH,1
mg,e5fb7b7d-1283-45dd-8da8-a0bc4ee0e539,p9_s0_tl,MG_LOW-US_HIGH,1
mg,e5fb7b7d-1283-45dd-8da8-a0bc4ee0e539,p3_s1_tl,MG_HIGH-US_HIGH,1
mg,e5fb7b7d-1283-45dd-8da8-a0bc4ee0e539,p8_s0_tl,MG_LOW-US_LOW,1
mg,e5fb7b7d-1283-45dd-8da8-a0bc4ee0e539,p9_s1_tl,MG_LOW-US_HIGH,1
mg,e5fb7b7d-1283-45dd-8da8-a0bc4ee0e539,p4_s0_tr,MG_HIGH-US_HIGH,1
mg,e5fb7b7d-1283-45dd-8da8-a0bc4ee0e539,p5_s0_tl,MG_HIGH-US_HIGH,1
mg,e5fb7b7d-1283-45dd-8da8-a0bc4ee0e539,p9_s0_tr,MG_LOW-US_HIGH,1
mg,e5fb7b7d-1283-45dd-8da8-a0bc4ee0e539,p7_s1_tr,MG_LOW-US_LOW,0
mg,e5fb7b7d-1283-45dd-8da8-a0bc4ee0e539,p2_s1_tl,MG_HIGH-US_LOW,1
mg,e5fb7b7d-1283-45dd-8da8-a0bc4ee0e539,p6_s1_tl,MG_LOW-US_LOW,1
mg,e5fb7b7d-1283-45dd-8da8-a0bc4ee0e539,p5_s0_tr,MG_HIGH-US_HIGH,1
mg,e5fb7b7d-1283-45dd-8da8-a0bc4ee0e539,p1_s1_tl,MG_HIGH-US_LOW,1
mg,e5fb7b7d-1283-45dd-8da8-a0bc4ee0e539,p8_s0_tl,MG_LOW-US_LOW,1
mg,e5fb7b7d-1283-45dd-8da8-a0bc4ee0e539,p11_s0_tr,MG_LOW-US_HIGH,1
mg,e5fb7b7d-1283-45dd-8da8-a0bc4ee0e539,p2_s0_tr,MG_HIGH-US_LOW,1
mg,e5fb7b7d-1283-45dd-8da8-a0bc4ee0e539,p3_s0_tl,MG_HIGH-US_HIGH,0
mg,e5fb7b7d-1283-45dd-8da8-a0bc4ee0e539,p8_s1_tl,MG_LOW-US_LOW,1
mg,e5fb7b7d-1283-45dd-8da8-a0bc4ee0e539,p0_s1_tl,MG_HIGH-US_LOW,1
mg,e5fb7b7d-1283-45dd-8da8-a0bc4ee0e539,p10_s1_tr,MG_LOW-US_HIGH,1
mg,e5fb7b7d-1283-45dd-8da8-a0bc4ee0e539,p0_s1_tr,MG_HIGH-US_LOW,1
mg,e5fb7b7d-1283-45dd-8da8-a0bc4ee0e539,p4_s1_tl,MG_HIGH-US_HIGH,1
mg,e5fb7b7d-1283-45dd-8da8-a0bc4ee0e539,p0_s0_tl,MG_HIGH-US_LOW,1
mg,e5fb7b7d-1283-45dd-8da8-a0bc4ee0e539,p0_s0_tr,MG_HIGH-US_LOW,1
mg,e5fb7b7d-1283-45dd-8da8-a0bc4ee0e539,p11_s0_tl,MG_LOW-US_HIGH,1
mg,e5fb7b7d-1283-45dd-8da8-a0bc4ee0e539,p7_s0_tr,MG_LOW-US_LOW,1
mg,e5fb7b7d-1283-45dd-8da8-a0bc4ee0e539,p3_s1_tl,MG_HIGH-US_HIGH,0
mg,e5fb7b7d-1283-45dd-8da8-a0bc4ee0e539,p10_s1_tl,MG_LOW-US_HIGH,1
mg,e5fb7b7d-1283-45dd-8da8-a0bc4ee0e539,p5_s1_tr,MG_HIGH-US_HIGH,1
mg,e5fb7b7d-1283-45dd-8da8-a0bc4ee0e539,p10_s0_tr,MG_LOW-US_HIGH,1
mg,e5fb7b7d-1283-45dd-8da8-a0bc4ee0e539,p6_s0_tl,MG_LOW-US_LOW,1
mg,e5fb7b7d-1283-45dd-8da8-a0bc4ee0e539,p6_s0_tr,MG_LOW-US_LOW,1
mg,e5fb7b7d-1283-45dd-8da8-a0bc4ee0e539,p8_s1_tr,MG_LOW-US_LOW,1
mg,e5fb7b7d-1283-45dd-8da8-a0bc4ee0e539,p6_s1_tl,MG_LOW-US_LOW,1
mg,e5fb7b7d-1283-45dd-8da8-a0bc4ee0e539,p2_s1_tl,MG_HIGH-US_LOW,1
mg,e5fb7b7d-1283-45dd-8da8-a0bc4ee0e539,p9_s0_tr,MG_LOW-US_HIGH,1
mg,e5fb7b7d-1283-45dd-8da8-a0bc4ee0e539,p4_s0_tl,MG_HIGH-US_HIGH,1
mg,e5fb7b7d-1283-45dd-8da8-a0bc4ee0e539,p3_s1_tr,MG_HIGH-US_HIGH,0
mg,e5fb7b7d-1283-45dd-8da8-a0bc4ee0e539,p1_s0_tr,MG_HIGH-US_LOW,1
mg,e5fb7b7d-1283-45dd-8da8-a0bc4ee0e539,p2_s1_tr,MG_HIGH-US_LOW,1
mg,e5fb7b7d-1283-45dd-8da8-a0bc4ee0e539,p9_s1_tl,MG_LOW-US_HIGH,1
mg,e5fb7b7d-1283-45dd-8da8-a0bc4ee0e539,p5_s1_tl,MG_HIGH-US_HIGH,1
mg,e5fb7b7d-1283-45dd-8da8-a0bc4ee0e539,p3_s0_tr,MG_HIGH-US_HIGH,0
mg,e5fb7b7d-1283-45dd-8da8-a0bc4ee0e539,p7_s1_tr,MG_LOW-US_LOW,1
mg,e5fb7b7d-1283-45dd-8da8-a0bc4ee0e539,p4_s0_tr,MG_HIGH-US_HIGH,1
mg,e5fb7b7d-1283-45dd-8da8-a0bc4ee0e539,p6_s1_tr,MG_LOW-US_LOW,1
mg,e5fb7b7d-1283-45dd-8da8-a0bc4ee0e539,p2_s0_tl,MG_HIGH-US_LOW,1
mg,e5fb7b7d-1283-45dd-8da8-a0bc4ee0e539,p5_s0_tr,MG_HIGH-US_HIGH,1
mg,e5fb7b7d-1283-45dd-8da8-a0bc4ee0e539,p11_s1_tl,MG_LOW-US_HIGH,1
mg,e5fb7b7d-1283-45dd-8da8-a0bc4ee0e539,p1_s1_tr,MG_HIGH-US_LOW,1
mg,e5fb7b7d-1283-45dd-8da8-a0bc4ee0e539,p9_s1_tr,MG_LOW-US_HIGH,1
mg,e5fb7b7d-1283-45dd-8da8-a0bc4ee0e539,p1_s0_tl,MG_HIGH-US_LOW,1
mg,e5fb7b7d-1283-45dd-8da8-a0bc4ee0e539,p4_s1_tr,MG_HIGH-US_HIGH,1
mg,e5fb7b7d-1283-45dd-8da8-a0bc4ee0e539,p1_s1_tl,MG_HIGH-US_LOW,1
mg,e5fb7b7d-1283-45dd-8da8-a0bc4ee0e539,p5_s0_tl,MG_HIGH-US_HIGH,1
mg,e5fb7b7d-1283-45dd-8da8-a0bc4ee0e539,p7_s0_tl,MG_LOW-US_LOW,1
mg,e5fb7b7d-1283-45dd-8da8-a0bc4ee0e539,p9_s0_tl,MG_LOW-US_HIGH,1
mg,e5fb7b7d-1283-45dd-8da8-a0bc4ee0e539,p10_s0_tl,MG_LOW-US_HIGH,1
mg,e5fb7b7d-1283-45dd-8da8-a0bc4ee0e539,p11_s1_tr,MG_LOW-US_HIGH,1
mg,e5fb7b7d-1283-45dd-8da8-a0bc4ee0e539,p8_s0_tr,MG_LOW-US_LOW,1
mg,e5fb7b7d-1283-45dd-8da8-a0bc4ee0e539,p7_s1_tl,MG_LOW-US_LOW,1
mg,f5aa70fd-7604-4210-b692-e0ad61175b92,p1_s0_tl,MG_HIGH-US_LOW,1
mg,f5aa70fd-7604-4210-b692-e0ad61175b92,p8_s0_tr,MG_LOW-US_LOW,1
mg,f5aa70fd-7604-4210-b692-e0ad61175b92,p8_s1_tr,MG_LOW-US_LOW,1
mg,f5aa70fd-7604-4210-b692-e0ad61175b92,p3_s0_tr,MG_HIGH-US_HIGH,1
mg,f5aa70fd-7604-4210-b692-e0ad61175b92,p7_s0_tl,MG_LOW-US_LOW,1
mg,f5aa70fd-7604-4210-b692-e0ad61175b92,p8_s0_tl,MG_LOW-US_LOW,1
mg,f5aa70fd-7604-4210-b692-e0ad61175b92,p10_s1_tr,MG_LOW-US_HIGH,1
mg,f5aa70fd-7604-4210-b692-e0ad61175b92,p0_s0_tl,MG_HIGH-US_LOW,1
mg,f5aa70fd-7604-4210-b692-e0ad61175b92,p9_s1_tl,MG_LOW-US_HIGH,1
mg,f5aa70fd-7604-4210-b692-e0ad61175b92,p7_s1_tl,MG_LOW-US_LOW,1
mg,f5aa70fd-7604-4210-b692-e0ad61175b92,p7_s1_tr,MG_LOW-US_LOW,1
mg,f5aa70fd-7604-4210-b692-e0ad61175b92,p5_s1_tl,MG_HIGH-US_HIGH,1
mg,f5aa70fd-7604-4210-b692-e0ad61175b92,p11_s1_tr,MG_LOW-US_HIGH,1
mg,f5aa70fd-7604-4210-b692-e0ad61175b92,p6_s0_tr,MG_LOW-US_LOW,1
mg,f5aa70fd-7604-4210-b692-e0ad61175b92,p10_s1_tl,MG_LOW-US_HIGH,0
mg,f5aa70fd-7604-4210-b692-e0ad61175b92,p1_s1_tr,MG_HIGH-US_LOW,1
mg,f5aa70fd-7604-4210-b692-e0ad61175b92,p2_s1_tl,MG_HIGH-US_LOW,1
mg,f5aa70fd-7604-4210-b692-e0ad61175b92,p6_s1_tr,MG_LOW-US_LOW,1
mg,f5aa70fd-7604-4210-b692-e0ad61175b92,p1_s1_tl,MG_HIGH-US_LOW,1
mg,f5aa70fd-7604-4210-b692-e0ad61175b92,p5_s1_tr,MG_HIGH-US_HIGH,1
mg,f5aa70fd-7604-4210-b692-e0ad61175b92,p7_s0_tr,MG_LOW-US_LOW,1
mg,f5aa70fd-7604-4210-b692-e0ad61175b92,p0_s1_tl,MG_HIGH-US_LOW,1
mg,f5aa70fd-7604-4210-b692-e0ad61175b92,p10_s0_tr,MG_LOW-US_HIGH,1
mg,f5aa70fd-7604-4210-b692-e0ad61175b92,p5_s0_tr,MG_HIGH-US_HIGH,1
mg,f5aa70fd-7604-4210-b692-e0ad61175b92,p0_s1_tr,MG_HIGH-US_LOW,1
mg,f5aa70fd-7604-4210-b692-e0ad61175b92,p0_s0_tr,MG_HIGH-US_LOW,1
mg,f5aa70fd-7604-4210-b692-e0ad61175b92,p1_s0_tr,MG_HIGH-US_LOW,1
mg,f5aa70fd-7604-4210-b692-e0ad61175b92,p2_s0_tr,MG_HIGH-US_LOW,1
mg,f5aa70fd-7604-4210-b692-e0ad61175b92,p3_s1_tr,MG_HIGH-US_HIGH,1
mg,f5aa70fd-7604-4210-b692-e0ad61175b92,p3_s0_tl,MG_HIGH-US_HIGH,1
mg,f5aa70fd-7604-4210-b692-e0ad61175b92,p9_s0_tr,MG_LOW-US_HIGH,1
mg,f5aa70fd-7604-4210-b692-e0ad61175b92,p9_s0_tl,MG_LOW-US_HIGH,1
mg,f5aa70fd-7604-4210-b692-e0ad61175b92,p6_s1_tl,MG_LOW-US_LOW,1
mg,f5aa70fd-7604-4210-b692-e0ad61175b92,p4_s0_tl,MG_HIGH-US_HIGH,1
mg,f5aa70fd-7604-4210-b692-e0ad61175b92,p5_s0_tl,MG_HIGH-US_HIGH,1
mg,f5aa70fd-7604-4210-b692-e0ad61175b92,p2_s1_tr,MG_HIGH-US_LOW,1
mg,f5aa70fd-7604-4210-b692-e0ad61175b92,p4_s1_tl,MG_HIGH-US_HIGH,1
mg,f5aa70fd-7604-4210-b692-e0ad61175b92,p11_s0_tl,MG_LOW-US_HIGH,1
mg,f5aa70fd-7604-4210-b692-e0ad61175b92,p4_s0_tr,MG_HIGH-US_HIGH,1
mg,f5aa70fd-7604-4210-b692-e0ad61175b92,p6_s0_tl,MG_LOW-US_LOW,1
mg,f5aa70fd-7604-4210-b692-e0ad61175b92,p11_s1_tl,MG_LOW-US_HIGH,1
mg,f5aa70fd-7604-4210-b692-e0ad61175b92,p10_s0_tl,MG_LOW-US_HIGH,1
mg,f5aa70fd-7604-4210-b692-e0ad61175b92,p2_s0_tl,MG_HIGH-US_LOW,1
mg,f5aa70fd-7604-4210-b692-e0ad61175b92,p11_s0_tr,MG_LOW-US_HIGH,1
mg,f5aa70fd-7604-4210-b692-e0ad61175b92,p4_s1_tr,MG_HIGH-US_HIGH,1
mg,f5aa70fd-7604-4210-b692-e0ad61175b92,p3_s1_tl,MG_HIGH-US_HIGH,1
mg,f5aa70fd-7604-4210-b692-e0ad61175b92,p9_s1_tr,MG_LOW-US_HIGH,1
mg,f5aa70fd-7604-4210-b692-e0ad61175b92,p8_s1_tl,MG_LOW-US_LOW,1
mg,f5aa70fd-7604-4210-b692-e0ad61175b92,p2_s1_tr,MG_HIGH-US_LOW,1
mg,f5aa70fd-7604-4210-b692-e0ad61175b92,p3_s1_tl,MG_HIGH-US_HIGH,1
mg,f5aa70fd-7604-4210-b692-e0ad61175b92,p11_s1_tr,MG_LOW-US_HIGH,1
mg,f5aa70fd-7604-4210-b692-e0ad61175b92,p1_s1_tr,MG_HIGH-US_LOW,1
mg,f5aa70fd-7604-4210-b692-e0ad61175b92,p10_s0_tl,MG_LOW-US_HIGH,0
mg,f5aa70fd-7604-4210-b692-e0ad61175b92,p2_s1_tl,MG_HIGH-US_LOW,1
mg,f5aa70fd-7604-4210-b692-e0ad61175b92,p6_s0_tl,MG_LOW-US_LOW,1
mg,f5aa70fd-7604-4210-b692-e0ad61175b92,p0_s1_tr,MG_HIGH-US_LOW,1
mg,f5aa70fd-7604-4210-b692-e0ad61175b92,p1_s0_tl,MG_HIGH-US_LOW,1
mg,f5aa70fd-7604-4210-b692-e0ad61175b92,p5_s0_tl,MG_HIGH-US_HIGH,1
mg,f5aa70fd-7604-4210-b692-e0ad61175b92,p3_s1_tr,MG_HIGH-US_HIGH,1
mg,f5aa70fd-7604-4210-b692-e0ad61175b92,p4_s0_tl,MG_HIGH-US_HIGH,1
mg,f5aa70fd-7604-4210-b692-e0ad61175b92,p1_s1_tl,MG_HIGH-US_LOW,1
mg,f5aa70fd-7604-4210-b692-e0ad61175b92,p6_s1_tr,MG_LOW-US_LOW,1
mg,f5aa70fd-7604-4210-b692-e0ad61175b92,p8_s0_tr,MG_LOW-US_LOW,1
mg,f5aa70fd-7604-4210-b692-e0ad61175b92,p0_s0_tl,MG_HIGH-US_LOW,1
mg,f5aa70fd-7604-4210-b692-e0ad61175b92,p7_s0_tl,MG_LOW-US_LOW,0
mg,f5aa70fd-7604-4210-b692-e0ad61175b92,p4_s0_tr,MG_HIGH-US_HIGH,1
mg,f5aa70fd-7604-4210-b692-e0ad61175b92,p11_s1_tl,MG_LOW-US_HIGH,1
mg,f5aa70fd-7604-4210-b692-e0ad61175b92,p9_s0_tr,MG_LOW-US_HIGH,1
mg,f5aa70fd-7604-4210-b692-e0ad61175b92,p6_s0_tr,MG_LOW-US_LOW,1
mg,f5aa70fd-7604-4210-b692-e0ad61175b92,p8_s1_tl,MG_LOW-US_LOW,1
mg,f5aa70fd-7604-4210-b692-e0ad61175b92,p7_s0_tr,MG_LOW-US_LOW,1
mg,f5aa70fd-7604-4210-b692-e0ad61175b92,p9_s0_tl,MG_LOW-US_HIGH,1
mg,f5aa70fd-7604-4210-b692-e0ad61175b92,p8_s1_tr,MG_LOW-US_LOW,1
mg,f5aa70fd-7604-4210-b692-e0ad61175b92,p10_s1_tr,MG_LOW-US_HIGH,1
mg,f5aa70fd-7604-4210-b692-e0ad61175b92,p3_s0_tl,MG_HIGH-US_HIGH,1
mg,f5aa70fd-7604-4210-b692-e0ad61175b92,p10_s1_tl,MG_LOW-US_HIGH,0
mg,f5aa70fd-7604-4210-b692-e0ad61175b92,p2_s0_tr,MG_HIGH-US_LOW,1
mg,f5aa70fd-7604-4210-b692-e0ad61175b92,p10_s0_tr,MG_LOW-US_HIGH,1
mg,f5aa70fd-7604-4210-b692-e0ad61175b92,p6_s1_tl,MG_LOW-US_LOW,1
mg,f5aa70fd-7604-4210-b692-e0ad61175b92,p9_s1_tl,MG_LOW-US_HIGH,1
mg,f5aa70fd-7604-4210-b692-e0ad61175b92,p5_s1_tr,MG_HIGH-US_HIGH,1
mg,f5aa70fd-7604-4210-b692-e0ad61175b92,p5_s1_tl,MG_HIGH-US_HIGH,1
mg,f5aa70fd-7604-4210-b692-e0ad61175b92,p8_s0_tl,MG_LOW-US_LOW,1
mg,f5aa70fd-7604-4210-b692-e0ad61175b92,p4_s1_tr,MG_HIGH-US_HIGH,1
mg,f5aa70fd-7604-4210-b692-e0ad61175b92,p3_s0_tr,MG_HIGH-US_HIGH,1
mg,f5aa70fd-7604-4210-b692-e0ad61175b92,p2_s0_tl,MG_HIGH-US_LOW,1
mg,f5aa70fd-7604-4210-b692-e0ad61175b92,p4_s1_tl,MG_HIGH-US_HIGH,1
mg,f5aa70fd-7604-4210-b692-e0ad61175b92,p5_s0_tr,MG_HIGH-US_HIGH,1
mg,f5aa70fd-7604-4210-b692-e0ad61175b92,p0_s0_tr,MG_HIGH-US_LOW,1
mg,f5aa70fd-7604-4210-b692-e0ad61175b92,p11_s0_tr,MG_LOW-US_HIGH,1
mg,f5aa70fd-7604-4210-b692-e0ad61175b92,p7_s1_tl,MG_LOW-US_LOW,1
mg,f5aa70fd-7604-4210-b692-e0ad61175b92,p11_s0_tl,MG_LOW-US_HIGH,1
mg,f5aa70fd-7604-4210-b692-e0ad61175b92,p7_s1_tr,MG_LOW-US_LOW,1
mg,f5aa70fd-7604-4210-b692-e0ad61175b92,p0_s1_tl,MG_HIGH-US_LOW,1
mg,f5aa70fd-7604-4210-b692-e0ad61175b92,p9_s1_tr,MG_LOW-US_HIGH,1
mg,f5aa70fd-7604-4210-b692-e0ad61175b92,p1_s0_tr,MG_HIGH-US_LOW,1
mg,f5aa70fd-7604-4210-b692-e0ad61175b92,p3_s0_tr,MG_HIGH-US_HIGH,1
mg,f5aa70fd-7604-4210-b692-e0ad61175b92,p0_s0_tl,MG_HIGH-US_LOW,1
mg,f5aa70fd-7604-4210-b692-e0ad61175b92,p2_s1_tl,MG_HIGH-US_LOW,1
mg,f5aa70fd-7604-4210-b692-e0ad61175b92,p9_s0_tl,MG_LOW-US_HIGH,1
mg,f5aa70fd-7604-4210-b692-e0ad61175b92,p10_s0_tr,MG_LOW-US_HIGH,1
mg,f5aa70fd-7604-4210-b692-e0ad61175b92,p8_s0_tl,MG_LOW-US_LOW,1
mg,f5aa70fd-7604-4210-b692-e0ad61175b92,p0_s1_tr,MG_HIGH-US_LOW,1
mg,f5aa70fd-7604-4210-b692-e0ad61175b92,p10_s0_tl,MG_LOW-US_HIGH,1
mg,f5aa70fd-7604-4210-b692-e0ad61175b92,p8_s0_tr,MG_LOW-US_LOW,1
mg,f5aa70fd-7604-4210-b692-e0ad61175b92,p11_s1_tl,MG_LOW-US_HIGH,1
mg,f5aa70fd-7604-4210-b692-e0ad61175b92,p2_s1_tr,MG_HIGH-US_LOW,1
mg,f5aa70fd-7604-4210-b692-e0ad61175b92,p5_s0_tl,MG_HIGH-US_HIGH,1
mg,f5aa70fd-7604-4210-b692-e0ad61175b92,p7_s1_tr,MG_LOW-US_LOW,1
mg,f5aa70fd-7604-4210-b692-e0ad61175b92,p4_s1_tr,MG_HIGH-US_HIGH,1
mg,f5aa70fd-7604-4210-b692-e0ad61175b92,p3_s1_tl,MG_HIGH-US_HIGH,1
mg,f5aa70fd-7604-4210-b692-e0ad61175b92,p7_s1_tl,MG_LOW-US_LOW,1
mg,f5aa70fd-7604-4210-b692-e0ad61175b92,p3_s0_tl,MG_HIGH-US_HIGH,1
mg,f5aa70fd-7604-4210-b692-e0ad61175b92,p4_s0_tl,MG_HIGH-US_HIGH,1
mg,f5aa70fd-7604-4210-b692-e0ad61175b92,p9_s1_tl,MG_LOW-US_HIGH,1
mg,f5aa70fd-7604-4210-b692-e0ad61175b92,p0_s0_tr,MG_HIGH-US_LOW,1
mg,f5aa70fd-7604-4210-b692-e0ad61175b92,p0_s1_tl,MG_HIGH-US_LOW,1
mg,f5aa70fd-7604-4210-b692-e0ad61175b92,p9_s1_tr,MG_LOW-US_HIGH,1
mg,f5aa70fd-7604-4210-b692-e0ad61175b92,p1_s1_tl,MG_HIGH-US_LOW,1
mg,f5aa70fd-7604-4210-b692-e0ad61175b92,p11_s1_tr,MG_LOW-US_HIGH,1
mg,f5aa70fd-7604-4210-b692-e0ad61175b92,p1_s1_tr,MG_HIGH-US_LOW,1
mg,f5aa70fd-7604-4210-b692-e0ad61175b92,p10_s1_tr,MG_LOW-US_HIGH,1
mg,f5aa70fd-7604-4210-b692-e0ad61175b92,p2_s0_tr,MG_HIGH-US_LOW,1
mg,f5aa70fd-7604-4210-b692-e0ad61175b92,p6_s1_tl,MG_LOW-US_LOW,1
mg,f5aa70fd-7604-4210-b692-e0ad61175b92,p5_s1_tl,MG_HIGH-US_HIGH,1
mg,f5aa70fd-7604-4210-b692-e0ad61175b92,p4_s0_tr,MG_HIGH-US_HIGH,1
mg,f5aa70fd-7604-4210-b692-e0ad61175b92,p6_s1_tr,MG_LOW-US_LOW,1
mg,f5aa70fd-7604-4210-b692-e0ad61175b92,p5_s0_tr,MG_HIGH-US_HIGH,1
mg,f5aa70fd-7604-4210-b692-e0ad61175b92,p8_s1_tl,MG_LOW-US_LOW,1
mg,f5aa70fd-7604-4210-b692-e0ad61175b92,p1_s0_tl,MG_HIGH-US_LOW,1
mg,f5aa70fd-7604-4210-b692-e0ad61175b92,p7_s0_tr,MG_LOW-US_LOW,1
mg,f5aa70fd-7604-4210-b692-e0ad61175b92,p7_s0_tl,MG_LOW-US_LOW,1
mg,f5aa70fd-7604-4210-b692-e0ad61175b92,p4_s1_tl,MG_HIGH-US_HIGH,1
mg,f5aa70fd-7604-4210-b692-e0ad61175b92,p1_s0_tr,MG_HIGH-US_LOW,1
mg,f5aa70fd-7604-4210-b692-e0ad61175b92,p10_s1_tl,MG_LOW-US_HIGH,1
mg,f5aa70fd-7604-4210-b692-e0ad61175b92,p2_s0_tl,MG_HIGH-US_LOW,1
mg,f5aa70fd-7604-4210-b692-e0ad61175b92,p6_s0_tl,MG_LOW-US_LOW,1
mg,f5aa70fd-7604-4210-b692-e0ad61175b92,p9_s0_tr,MG_LOW-US_HIGH,1
mg,f5aa70fd-7604-4210-b692-e0ad61175b92,p3_s1_tr,MG_HIGH-US_HIGH,1
mg,f5aa70fd-7604-4210-b692-e0ad61175b92,p11_s0_tl,MG_LOW-US_HIGH,1
mg,f5aa70fd-7604-4210-b692-e0ad61175b92,p11_s0_tr,MG_LOW-US_HIGH,1
mg,f5aa70fd-7604-4210-b692-e0ad61175b92,p6_s0_tr,MG_LOW-US_LOW,1
mg,f5aa70fd-7604-4210-b692-e0ad61175b92,p8_s1_tr,MG_LOW-US_LOW,1
mg,f5aa70fd-7604-4210-b692-e0ad61175b92,p5_s1_tr,MG_HIGH-US_HIGH,1
us,5dcc27974b54778b69e62ec5,p6_s1_tr,MG_LOW-US_LOW,0
us,5dcc27974b54778b69e62ec5,p1_s1_tl,MG_HIGH-US_LOW,1
us,5dcc27974b54778b69e62ec5,p10_s1_tr,MG_LOW-US_HIGH,1
us,5dcc27974b54778b69e62ec5,p11_s0_tr,MG_LOW-US_HIGH,1
us,5dcc27974b54778b69e62ec5,p3_s1_tr,MG_HIGH-US_HIGH,1
us,5dcc27974b54778b69e62ec5,p9_s0_tl,MG_LOW-US_HIGH,1
us,5dcc27974b54778b69e62ec5,p2_s1_tr,MG_HIGH-US_LOW,0
us,5dcc27974b54778b69e62ec5,p8_s0_tr,MG_LOW-US_LOW,1
us,5dcc27974b54778b69e62ec5,p0_s1_tl,MG_HIGH-US_LOW,0
us,5dcc27974b54778b69e62ec5,p7_s0_tr,MG_LOW-US_LOW,0
us,5dcc27974b54778b69e62ec5,p10_s0_tl,MG_LOW-US_HIGH,1
us,5dcc27974b54778b69e62ec5,p2_s0_tr,MG_HIGH-US_LOW,0
us,5dcc27974b54778b69e62ec5,p7_s1_tr,MG_LOW-US_LOW,0
us,5dcc27974b54778b69e62ec5,p4_s0_tr,MG_HIGH-US_HIGH,1
us,5dcc27974b54778b69e62ec5,p0_s1_tr,MG_HIGH-US_LOW,0
us,5dcc27974b54778b69e62ec5,p6_s1_tl,MG_LOW-US_LOW,0
us,5dcc27974b54778b69e62ec5,p11_s0_tl,MG_LOW-US_HIGH,1
us,5dcc27974b54778b69e62ec5,p6_s0_tr,MG_LOW-US_LOW,0
us,5dcc27974b54778b69e62ec5,p9_s1_tr,MG_LOW-US_HIGH,1
us,5dcc27974b54778b69e62ec5,p3_s1_tl,MG_HIGH-US_HIGH,1
us,5dcc27974b54778b69e62ec5,p1_s1_tr,MG_HIGH-US_LOW,1
us,5dcc27974b54778b69e62ec5,p9_s1_tl,MG_LOW-US_HIGH,1
us,5dcc27974b54778b69e62ec5,p8_s1_tr,MG_LOW-US_LOW,1
us,5dcc27974b54778b69e62ec5,p10_s0_tr,MG_LOW-US_HIGH,1
us,5dcc27974b54778b69e62ec5,p7_s0_tl,MG_LOW-US_LOW,0
us,5dcc27974b54778b69e62ec5,p5_s0_tl,MG_HIGH-US_HIGH,1
us,5dcc27974b54778b69e62ec5,p2_s0_tl,MG_HIGH-US_LOW,0
us,5dcc27974b54778b69e62ec5,p1_s0_tl,MG_HIGH-US_LOW,1
us,5dcc27974b54778b69e62ec5,p5_s0_tr,MG_HIGH-US_HIGH,1
us,5dcc27974b54778b69e62ec5,p1_s0_tr,MG_HIGH-US_LOW,1
us,5dcc27974b54778b69e62ec5,p8_s1_tl,MG_LOW-US_LOW,1
us,5dcc27974b54778b69e62ec5,p8_s0_tl,MG_LOW-US_LOW,1
us,5dcc27974b54778b69e62ec5,p0_s0_tr,MG_HIGH-US_LOW,0
us,5dcc27974b54778b69e62ec5,p11_s1_tl,MG_LOW-US_HIGH,1
us,5dcc27974b54778b69e62ec5,p10_s1_tl,MG_LOW-US_HIGH,1
us,5dcc27974b54778b69e62ec5,p5_s1_tl,MG_HIGH-US_HIGH,1
us,5dcc27974b54778b69e62ec5,p9_s0_tr,MG_LOW-US_HIGH,1
us,5dcc27974b54778b69e62ec5,p4_s0_tl,MG_HIGH-US_HIGH,1
us,5dcc27974b54778b69e62ec5,p5_s1_tr,MG_HIGH-US_HIGH,1
us,5dcc27974b54778b69e62ec5,p3_s0_tr,MG_HIGH-US_HIGH,1
us,5dcc27974b54778b69e62ec5,p11_s1_tr,MG_LOW-US_HIGH,1
us,5dcc27974b54778b69e62ec5,p4_s1_tr,MG_HIGH-US_HIGH,1
us,5dcc27974b54778b69e62ec5,p4_s1_tl,MG_HIGH-US_HIGH,1
us,5dcc27974b54778b69e62ec5,p6_s0_tl,MG_LOW-US_LOW,0
us,5dcc27974b54778b69e62ec5,p3_s0_tl,MG_HIGH-US_HIGH,1
us,5dcc27974b54778b69e62ec5,p0_s0_tl,MG_HIGH-US_LOW,0
us,5dcc27974b54778b69e62ec5,p7_s1_tl,MG_LOW-US_LOW,0
us,5dcc27974b54778b69e62ec5,p2_s1_tl,MG_HIGH-US_LOW,0
us,5dcc27974b54778b69e62ec5,p5_s1_tr,MG_HIGH-US_HIGH,1
us,5dcc27974b54778b69e62ec5,p0_s0_tl,MG_HIGH-US_LOW,0
us,5dcc27974b54778b69e62ec5,p8_s0_tl,MG_LOW-US_LOW,1
us,5dcc27974b54778b69e62ec5,p6_s1_tr,MG_LOW-US_LOW,0
us,5dcc27974b54778b69e62ec5,p10_s0_tr,MG_LOW-US_HIGH,1
us,5dcc27974b54778b69e62ec5,p0_s0_tr,MG_HIGH-US_LOW,0
us,5dcc27974b54778b69e62ec5,p3_s0_tl,MG_HIGH-US_HIGH,1
us,5dcc27974b54778b69e62ec5,p8_s1_tr,MG_LOW-US_LOW,1
us,5dcc27974b54778b69e62ec5,p6_s0_tl,MG_LOW-US_LOW,0
us,5dcc27974b54778b69e62ec5,p10_s1_tr,MG_LOW-US_HIGH,1
us,5dcc27974b54778b69e62ec5,p9_s0_tr,MG_LOW-US_HIGH,1
us,5dcc27974b54778b69e62ec5,p3_s1_tl,MG_HIGH-US_HIGH,1
us,5dcc27974b54778b69e62ec5,p0_s1_tl,MG_HIGH-US_LOW,0
us,5dcc27974b54778b69e62ec5,p2_s1_tl,MG_HIGH-US_LOW,0
us,5dcc27974b54778b69e62ec5,p4_s0_tl,MG_HIGH-US_HIGH,1
us,5dcc27974b54778b69e62ec5,p1_s0_tr,MG_HIGH-US_LOW,1
us,5dcc27974b54778b69e62ec5,p6_s1_tl,MG_LOW-US_LOW,0
us,5dcc27974b54778b69e62ec5,p4_s1_tr,MG_HIGH-US_HIGH,1
us,5dcc27974b54778b69e62ec5,p11_s0_tr,MG_LOW-US_HIGH,1
us,5dcc27974b54778b69e62ec5,p6_s0_tr,MG_LOW-US_LOW,0
us,5dcc27974b54778b69e62ec5,p4_s1_tl,MG_HIGH-US_HIGH,1
us,5dcc27974b54778b69e62ec5,p0_s1_tr,MG_HIGH-US_LOW,0
us,5dcc27974b54778b69e62ec5,p2_s1_tr,MG_HIGH-US_LOW,0
us,5dcc27974b54778b69e62ec5,p9_s0_tl,MG_LOW-US_HIGH,1
us,5dcc27974b54778b69e62ec5,p3_s1_tr,MG_HIGH-US_HIGH,1
us,5dcc27974b54778b69e62ec5,p8_s0_tr,MG_LOW-US_LOW,1
us,5dcc27974b54778b69e62ec5,p11_s1_tl,MG_LOW-US_HIGH,1
us,5dcc27974b54778b69e62ec5,p7_s1_tr,MG_LOW-US_LOW,0
us,5dcc27974b54778b69e62ec5,p2_s0_tr,MG_HIGH-US_LOW,0
us,5dcc27974b54778b69e62ec5,p10_s0_tl,MG_LOW-US_HIGH,1
us,5dcc27974b54778b69e62ec5,p4_s0_tr,MG_HIGH-US_HIGH,1
us,5dcc27974b54778b69e62ec5,p11_s1_tr,MG_LOW-US_HIGH,1
us,5dcc27974b54778b69e62ec5,p11_s0_tl,MG_LOW-US_HIGH,1
us,5dcc27974b54778b69e62ec5,p7_s1_tl,MG_LOW-US_LOW,0
us,5dcc27974b54778b69e62ec5,p1_s0_tl,MG_HIGH-US_LOW,1
us,5dcc27974b54778b69e62ec5,p9_s1_tl,MG_LOW-US_HIGH,1
us,5dcc27974b54778b69e62ec5,p1_s1_tr,MG_HIGH-US_LOW,1
us,5dcc27974b54778b69e62ec5,p7_s0_tr,MG_LOW-US_LOW,0
us,5dcc27974b54778b69e62ec5,p3_s0_tr,MG_HIGH-US_HIGH,1
us,5dcc27974b54778b69e62ec5,p9_s1_tr,MG_LOW-US_HIGH,1
us,5dcc27974b54778b69e62ec5,p5_s1_tl,MG_HIGH-US_HIGH,1
us,5dcc27974b54778b69e62ec5,p7_s0_tl,MG_LOW-US_LOW,0
us,5dcc27974b54778b69e62ec5,p1_s1_tl,MG_HIGH-US_LOW,1
us,5dcc27974b54778b69e62ec5,p2_s0_tl,MG_HIGH-US_LOW,0
us,5dcc27974b54778b69e62ec5,p10_s1_tl,MG_LOW-US_HIGH,1
us,5dcc27974b54778b69e62ec5,p5_s0_tl,MG_HIGH-US_HIGH,1
us,5dcc27974b54778b69e62ec5,p8_s1_tl,MG_LOW-US_LOW,1
us,5dcc27974b54778b69e62ec5,p5_s0_tr,MG_HIGH-US_HIGH,1
us,5dcc27974b54778b69e62ec5,p2_s1_tr,MG_HIGH-US_LOW,0
us,5dcc27974b54778b69e62ec5,p11_s0_tl,MG_LOW-US_HIGH,1
us,5dcc27974b54778b69e62ec5,p8_s1_tl,MG_LOW-US_LOW,1
us,5dcc27974b54778b69e62ec5,p5_s1_tl,MG_HIGH-US_HIGH,1
us,5dcc27974b54778b69e62ec5,p4_s0_tr,MG_HIGH-US_HIGH,1
us,5dcc27974b54778b69e62ec5,p1_s0_tl,MG_HIGH-US_LOW,1
us,5dcc27974b54778b69e62ec5,p2_s1_tl,MG_HIGH-US_LOW,0
us,5dcc27974b54778b69e62ec5,p9_s0_tr,MG_LOW-US_HIGH,1
us,5dcc27974b54778b69e62ec5,p3_s0_tl,MG_HIGH-US_HIGH,1
us,5dcc27974b54778b69e62ec5,p0_s0_tl,MG_HIGH-US_LOW,0
us,5dcc27974b54778b69e62ec5,p1_s0_tr,MG_HIGH-US_LOW,1
us,5dcc27974b54778b69e62ec5,p6_s1_tr,MG_LOW-US_LOW,0
us,5dcc27974b54778b69e62ec5,p9_s1_tl,MG_LOW-US_HIGH,1
us,5dcc27974b54778b69e62ec5,p9_s1_tr,MG_LOW-US_HIGH,1
us,5dcc27974b54778b69e62ec5,p3_s1_tl,MG_HIGH-US_HIGH,1
us,5dcc27974b54778b69e62ec5,p5_s0_tr,MG_HIGH-US_HIGH,1
us,5dcc27974b54778b69e62ec5,p11_s0_tr,MG_LOW-US_HIGH,1
us,5dcc27974b54778b69e62ec5,p7_s1_tr,MG_LOW-US_LOW,0
us,5dcc27974b54778b69e62ec5,p10_s0_tr,MG_LOW-US_HIGH,1
us,5dcc27974b54778b69e62ec5,p0_s1_tr,MG_HIGH-US_LOW,0
us,5dcc27974b54778b69e62ec5,p7_s0_tl,MG_LOW-US_LOW,0
us,5dcc27974b54778b69e62ec5,p8_s0_tl,MG_LOW-US_LOW,1
us,5dcc27974b54778b69e62ec5,p10_s1_tl,MG_LOW-US_HIGH,1
us,5dcc27974b54778b69e62ec5,p2_s0_tl,MG_HIGH-US_LOW,0
us,5dcc27974b54778b69e62ec5,p8_s0_tr,MG_LOW-US_LOW,1
us,5dcc27974b54778b69e62ec5,p0_s1_tl,MG_HIGH-US_LOW,0
us,5dcc27974b54778b69e62ec5,p6_s0_tl,MG_LOW-US_LOW,0
us,5dcc27974b54778b69e62ec5,p2_s0_tr,MG_HIGH-US_LOW,0
us,5dcc27974b54778b69e62ec5,p6_s1_tl,MG_LOW-US_LOW,0
us,5dcc27974b54778b69e62ec5,p4_s1_tl,MG_HIGH-US_HIGH,1
us,5dcc27974b54778b69e62ec5,p3_s1_tr,MG_HIGH-US_HIGH,1
us,5dcc27974b54778b69e62ec5,p1_s1_tl,MG_HIGH-US_LOW,1
us,5dcc27974b54778b69e62ec5,p6_s0_tr,MG_LOW-US_LOW,0
us,5dcc27974b54778b69e62ec5,p11_s1_tl,MG_LOW-US_HIGH,1
us,5dcc27974b54778b69e62ec5,p9_s0_tl,MG_LOW-US_HIGH,1
us,5dcc27974b54778b69e62ec5,p7_s1_tl,MG_LOW-US_LOW,0
us,5dcc27974b54778b69e62ec5,p1_s1_tr,MG_HIGH-US_LOW,1
us,5dcc27974b54778b69e62ec5,p5_s0_tl,MG_HIGH-US_HIGH,1
us,5dcc27974b54778b69e62ec5,p10_s0_tl,MG_LOW-US_HIGH,1
us,5dcc27974b54778b69e62ec5,p0_s0_tr,MG_HIGH-US_LOW,0
us,5dcc27974b54778b69e62ec5,p10_s1_tr,MG_LOW-US_HIGH,1
us,5dcc27974b54778b69e62ec5,p5_s1_tr,MG_HIGH-US_HIGH,1
us,5dcc27974b54778b69e62ec5,p4_s1_tr,MG_HIGH-US_HIGH,1
us,5dcc27974b54778b69e62ec5,p8_s1_tr,MG_LOW-US_LOW,1
us,5dcc27974b54778b69e62ec5,p11_s1_tr,MG_LOW-US_HIGH,1
us,5dcc27974b54778b69e62ec5,p4_s0_tl,MG_HIGH-US_HIGH,1
us,5dcc27974b54778b69e62ec5,p7_s0_tr,MG_LOW-US_LOW,1
us,5dcc27974b54778b69e62ec5,p3_s0_tr,MG_HIGH-US_HIGH,1
us,5de30dd39a9da5342d09f2e8,p0_s1_tr,MG_HIGH-US_LOW,1
us,5de30dd39a9da5342d09f2e8,p4_s1_tr,MG_HIGH-US_HIGH,0
us,5de30dd39a9da5342d09f2e8,p11_s1_tr,MG_LOW-US_HIGH,1
us,5de30dd39a9da5342d09f2e8,p1_s0_tr,MG_HIGH-US_LOW,0
us,5de30dd39a9da5342d09f2e8,p0_s0_tr,MG_HIGH-US_LOW,1
us,5de30dd39a9da5342d09f2e8,p3_s1_tl,MG_HIGH-US_HIGH,1
us,5de30dd39a9da5342d09f2e8,p6_s1_tl,MG_LOW-US_LOW,1
us,5de30dd39a9da5342d09f2e8,p6_s1_tr,MG_LOW-US_LOW,1
us,5de30dd39a9da5342d09f2e8,p5_s1_tr,MG_HIGH-US_HIGH,1
us,5de30dd39a9da5342d09f2e8,p1_s1_tl,MG_HIGH-US_LOW,0
us,5de30dd39a9da5342d09f2e8,p8_s0_tl,MG_LOW-US_LOW,1
us,5de30dd39a9da5342d09f2e8,p8_s1_tl,MG_LOW-US_LOW,1
us,5de30dd39a9da5342d09f2e8,p7_s0_tl,MG_LOW-US_LOW,0
us,5de30dd39a9da5342d09f2e8,p11_s0_tr,MG_LOW-US_HIGH,0
us,5de30dd39a9da5342d09f2e8,p4_s0_tr,MG_HIGH-US_HIGH,0
us,5de30dd39a9da5342d09f2e8,p10_s1_tr,MG_LOW-US_HIGH,1
us,5de30dd39a9da5342d09f2e8,p0_s1_tl,MG_HIGH-US_LOW,1
us,5de30dd39a9da5342d09f2e8,p10_s0_tl,MG_LOW-US_HIGH,0
us,5de30dd39a9da5342d09f2e8,p4_s1_tl,MG_HIGH-US_HIGH,0
us,5de30dd39a9da5342d09f2e8,p7_s0_tr,MG_LOW-US_LOW,0
us,5de30dd39a9da5342d09f2e8,p3_s1_tr,MG_HIGH-US_HIGH,1
us,5de30dd39a9da5342d09f2e8,p6_s0_tr,MG_LOW-US_LOW,1
us,5de30dd39a9da5342d09f2e8,p3_s0_tl,MG_HIGH-US_HIGH,1
us,5de30dd39a9da5342d09f2e8,p8_s1_tr,MG_LOW-US_LOW,1
us,5de30dd39a9da5342d09f2e8,p10_s1_tl,MG_LOW-US_HIGH,0
us,5de30dd39a9da5342d09f2e8,p9_s0_tl,MG_LOW-US_HIGH,1
us,5de30dd39a9da5342d09f2e8,p5_s0_tr,MG_HIGH-US_HIGH,1
us,5de30dd39a9da5342d09f2e8,p2_s1_tr,MG_HIGH-US_LOW,0
us,5de30dd39a9da5342d09f2e8,p9_s0_tr,MG_LOW-US_HIGH,1
us,5de30dd39a9da5342d09f2e8,p2_s1_tl,MG_HIGH-US_LOW,0
us,5de30dd39a9da5342d09f2e8,p9_s1_tr,MG_LOW-US_HIGH,1
us,5de30dd39a9da5342d09f2e8,p2_s0_tl,MG_HIGH-US_LOW,0
us,5de30dd39a9da5342d09f2e8,p5_s0_tl,MG_HIGH-US_HIGH,1
us,5de30dd39a9da5342d09f2e8,p1_s0_tl,MG_HIGH-US_LOW,0
us,5de30dd39a9da5342d09f2e8,p0_s0_tl,MG_HIGH-US_LOW,1
us,5de30dd39a9da5342d09f2e8,p11_s1_tl,MG_LOW-US_HIGH,0
us,5de30dd39a9da5342d09f2e8,p3_s0_tr,MG_HIGH-US_HIGH,1
us,5de30dd39a9da5342d09f2e8,p5_s1_tl,MG_HIGH-US_HIGH,1
us,5de30dd39a9da5342d09f2e8,p4_s0_tl,MG_HIGH-US_HIGH,0
us,5de30dd39a9da5342d09f2e8,p8_s0_tr,MG_LOW-US_LOW,1
us,5de30dd39a9da5342d09f2e8,p11_s0_tl,MG_LOW-US_HIGH,0
us,5de30dd39a9da5342d09f2e8,p1_s1_tr,MG_HIGH-US_LOW,0
us,5de30dd39a9da5342d09f2e8,p2_s0_tr,MG_HIGH-US_LOW,0
us,5de30dd39a9da5342d09f2e8,p7_s1_tl,MG_LOW-US_LOW,0
us,5de30dd39a9da5342d09f2e8,p9_s1_tl,MG_LOW-US_HIGH,1
us,5de30dd39a9da5342d09f2e8,p6_s0_tl,MG_LOW-US_LOW,1
us,5de30dd39a9da5342d09f2e8,p10_s0_tr,MG_LOW-US_HIGH,0
us,5de30dd39a9da5342d09f2e8,p7_s1_tr,MG_LOW-US_LOW,0
us,5de30dd39a9da5342d09f2e8,p1_s0_tl,MG_HIGH-US_LOW,0
us,5de30dd39a9da5342d09f2e8,p1_s1_tl,MG_HIGH-US_LOW,0
us,5de30dd39a9da5342d09f2e8,p11_s1_tr,MG_LOW-US_HIGH,0
us,5de30dd39a9da5342d09f2e8,p10_s0_tr,MG_LOW-US_HIGH,0
us,5de30dd39a9da5342d09f2e8,p5_s1_tr,MG_HIGH-US_HIGH,1
us,5de30dd39a9da5342d09f2e8,p4_s1_tr,MG_HIGH-US_HIGH,0
us,5de30dd39a9da5342d09f2e8,p8_s0_tl,MG_LOW-US_LOW,1
us,5de30dd39a9da5342d09f2e8,p2_s0_tl,MG_HIGH-US_LOW,0
us,5de30dd39a9da5342d09f2e8,p5_s1_tl,MG_HIGH-US_HIGH,1
us,5de30dd39a9da5342d09f2e8,p11_s0_tr,MG_LOW-US_HIGH,0
us,5de30dd39a9da5342d09f2e8,p7_s1_tr,MG_LOW-US_LOW,0
us,5de30dd39a9da5342d09f2e8,p8_s1_tr,MG_LOW-US_LOW,0
us,5de30dd39a9da5342d09f2e8,p5_s0_tr,MG_HIGH-US_HIGH,1
us,5de30dd39a9da5342d09f2e8,p2_s1_tr,MG_HIGH-US_LOW,0
us,5de30dd39a9da5342d09f2e8,p0_s0_tr,MG_HIGH-US_LOW,1
us,5de30dd39a9da5342d09f2e8,p8_s0_tr,MG_LOW-US_LOW,1
us,5de30dd39a9da5342d09f2e8,p6_s1_tr,MG_LOW-US_LOW,1
us,5de30dd39a9da5342d09f2e8,p7_s0_tl,MG_LOW-US_LOW,0
us,5de30dd39a9da5342d09f2e8,p9_s1_tl,MG_LOW-US_HIGH,1
us,5de30dd39a9da5342d09f2e8,p5_s0_tl,MG_HIGH-US_HIGH,1
us,5de30dd39a9da5342d09f2e8,p11_s0_tl,MG_LOW-US_HIGH,0
us,5de30dd39a9da5342d09f2e8,p0_s1_tl,MG_HIGH-US_LOW,1
us,5de30dd39a9da5342d09f2e8,p1_s1_tr,MG_HIGH-US_LOW,0
us,5de30dd39a9da5342d09f2e8,p6_s0_tr,MG_LOW-US_LOW,1
us,5de30dd39a9da5342d09f2e8,p7_s1_tl,MG_LOW-US_LOW,0
us,5de30dd39a9da5342d09f2e8,p9_s0_tl,MG_LOW-US_HIGH,1
us,5de30dd39a9da5342d09f2e8,p0_s0_tl,MG_HIGH-US_LOW,1
us,5de30dd39a9da5342d09f2e8,p2_s0_tr,MG_HIGH-US_LOW,0
us,5de30dd39a9da5342d09f2e8,p10_s0_tl,MG_LOW-US_HIGH,0
us,5de30dd39a9da5342d09f2e8,p10_s1_tr,MG_LOW-US_HIGH,0
us,5de30dd39a9da5342d09f2e8,p3_s1_tl,MG_HIGH-US_HIGH,1
us,5de30dd39a9da5342d09f2e8,p0_s1_tr,MG_HIGH-US_LOW,1
us,5de30dd39a9da5342d09f2e8,p9_s0_tr,MG_LOW-US_HIGH,1
us,5de30dd39a9da5342d09f2e8,p3_s1_tr,MG_HIGH-US_HIGH,1
us,5de30dd39a9da5342d09f2e8,p10_s1_tl,MG_LOW-US_HIGH,0
us,5de30dd39a9da5342d09f2e8,p8_s1_tl,MG_LOW-US_LOW,1
us,5de30dd39a9da5342d09f2e8,p1_s0_tr,MG_HIGH-US_LOW,0
us,5de30dd39a9da5342d09f2e8,p4_s1_tl,MG_HIGH-US_HIGH,0
us,5de30dd39a9da5342d09f2e8,p9_s1_tr,MG_LOW-US_HIGH,1
us,5de30dd39a9da5342d09f2e8,p4_s0_tr,MG_HIGH-US_HIGH,0
us,5de30dd39a9da5342d09f2e8,p4_s0_tl,MG_HIGH-US_HIGH,0
us,5de30dd39a9da5342d09f2e8,p11_s1_tl,MG_LOW-US_HIGH,0
us,5de30dd39a9da5342d09f2e8,p6_s1_tl,MG_LOW-US_LOW,1
us,5de30dd39a9da5342d09f2e8,p7_s0_tr,MG_LOW-US_LOW,0
us,5de30dd39a9da5342d09f2e8,p2_s1_tl,MG_HIGH-US_LOW,0
us,5de30dd39a9da5342d09f2e8,p3_s0_tr,MG_HIGH-US_HIGH,1
us,5de30dd39a9da5342d09f2e8,p6_s0_tl,MG_LOW-US_LOW,1
us,5de30dd39a9da5342d09f2e8,p3_s0_tl,MG_HIGH-US_HIGH,1
us,5de30dd39a9da5342d09f2e8,p5_s1_tl,MG_HIGH-US_HIGH,1
us,5de30dd39a9da5342d09f2e8,p11_s0_tl,MG_LOW-US_HIGH,0
us,5de30dd39a9da5342d09f2e8,p7_s0_tr,MG_LOW-US_LOW,0
us,5de30dd39a9da5342d09f2e8,p0_s0_tl,MG_HIGH-US_LOW,1
us,5de30dd39a9da5342d09f2e8,p8_s1_tl,MG_LOW-US_LOW,1
us,5de30dd39a9da5342d09f2e8,p9_s0_tl,MG_LOW-US_HIGH,1
us,5de30dd39a9da5342d09f2e8,p4_s1_tl,MG_HIGH-US_HIGH,0
us,5de30dd39a9da5342d09f2e8,p7_s1_tl,MG_LOW-US_LOW,0
us,5de30dd39a9da5342d09f2e8,p0_s0_tr,MG_HIGH-US_LOW,1
us,5de30dd39a9da5342d09f2e8,p3_s0_tl,MG_HIGH-US_HIGH,1
us,5de30dd39a9da5342d09f2e8,p3_s1_tl,MG_HIGH-US_HIGH,1
us,5de30dd39a9da5342d09f2e8,p10_s1_tl,MG_LOW-US_HIGH,0
us,5de30dd39a9da5342d09f2e8,p11_s1_tl,MG_LOW-US_HIGH,0
us,5de30dd39a9da5342d09f2e8,p5_s0_tl,MG_HIGH-US_HIGH,1
us,5de30dd39a9da5342d09f2e8,p7_s0_tl,MG_LOW-US_LOW,0
us,5de30dd39a9da5342d09f2e8,p1_s1_tr,MG_HIGH-US_LOW,0
us,5de30dd39a9da5342d09f2e8,p1_s0_tl,MG_HIGH-US_LOW,0
us,5de30dd39a9da5342d09f2e8,p6_s1_tl,MG_LOW-US_LOW,1
us,5de30dd39a9da5342d09f2e8,p4_s0_tl,MG_HIGH-US_HIGH,0
us,5de30dd39a9da5342d09f2e8,p8_s1_tr,MG_LOW-US_LOW,1
us,5de30dd39a9da5342d09f2e8,p9_s0_tr,MG_LOW-US_HIGH,1
us,5de30dd39a9da5342d09f2e8,p2_s1_tr,MG_HIGH-US_LOW,0
us,5de30dd39a9da5342d09f2e8,p3_s0_tr,MG_HIGH-US_HIGH,1
us,5de30dd39a9da5342d09f2e8,p10_s0_tl,MG_LOW-US_HIGH,0
us,5de30dd39a9da5342d09f2e8,p7_s1_tr,MG_LOW-US_LOW,0
us,5de30dd39a9da5342d09f2e8,p2_s0_tr,MG_HIGH-US_LOW,0
us,5de30dd39a9da5342d09f2e8,p4_s1_tr,MG_HIGH-US_HIGH,0
us,5de30dd39a9da5342d09f2e8,p10_s1_tr,MG_LOW-US_HIGH,0
us,5de30dd39a9da5342d09f2e8,p8_s0_tr,MG_LOW-US_LOW,1
us,5de30dd39a9da5342d09f2e8,p5_s1_tr,MG_HIGH-US_HIGH,1
us,5de30dd39a9da5342d09f2e8,p11_s1_tr,MG_LOW-US_HIGH,0
us,5de30dd39a9da5342d09f2e8,p3_s1_tr,MG_HIGH-US_HIGH,1
us,5de30dd39a9da5342d09f2e8,p1_s1_tl,MG_HIGH-US_LOW,0
us,5de30dd39a9da5342d09f2e8,p9_s1_tr,MG_LOW-US_HIGH,1
us,5de30dd39a9da5342d09f2e8,p4_s0_tr,MG_HIGH-US_HIGH,0
us,5de30dd39a9da5342d09f2e8,p9_s1_tl,MG_LOW-US_HIGH,1
us,5de30dd39a9da5342d09f2e8,p8_s0_tl,MG_LOW-US_LOW,1
us,5de30dd39a9da5342d09f2e8,p0_s1_tl,MG_HIGH-US_LOW,1
us,5de30dd39a9da5342d09f2e8,p6_s0_tl,MG_LOW-US_LOW,1
us,5de30dd39a9da5342d09f2e8,p0_s1_tr,MG_HIGH-US_LOW,1
us,5de30dd39a9da5342d09f2e8,p2_s0_tl,MG_HIGH-US_LOW,0
us,5de30dd39a9da5342d09f2e8,p5_s0_tr,MG_HIGH-US_HIGH,1
us,5de30dd39a9da5342d09f2e8,p10_s0_tr,MG_LOW-US_HIGH,0
us,5de30dd39a9da5342d09f2e8,p6_s1_tr,MG_LOW-US_LOW,1
us,5de30dd39a9da5342d09f2e8,p2_s1_tl,MG_HIGH-US_LOW,0
us,5de30dd39a9da5342d09f2e8,p11_s0_tr,MG_LOW-US_HIGH,0
us,5de30dd39a9da5342d09f2e8,p6_s0_tr,MG_LOW-US_LOW,1
us,5de30dd39a9da5342d09f2e8,p1_s0_tr,MG_HIGH-US_LOW,0
us,62cd9b920ed1b7c1648818d3,p9_s1_tl,MG_LOW-US_HIGH,1
us,62cd9b920ed1b7c1648818d3,p6_s0_tl,MG_LOW-US_LOW,1
us,62cd9b920ed1b7c1648818d3,p2_s0_tr,MG_HIGH-US_LOW,1
us,62cd9b920ed1b7c1648818d3,p4_s0_tl,MG_HIGH-US_HIGH,1
us,62cd9b920ed1b7c1648818d3,p1_s1_tr,MG_HIGH-US_LOW,1
us,62cd9b920ed1b7c1648818d3,p10_s1_tr,MG_LOW-US_HIGH,0
us,62cd9b920ed1b7c1648818d3,p0_s0_tr,MG_HIGH-US_LOW,1
us,62cd9b920ed1b7c1648818d3,p3_s1_tr,MG_HIGH-US_HIGH,1
us,62cd9b920ed1b7c1648818d3,p7_s0_tl,MG_LOW-US_LOW,0
us,62cd9b920ed1b7c1648818d3,p9_s0_tr,MG_LOW-US_HIGH,1
us,62cd9b920ed1b7c1648818d3,p3_s0_tr,MG_HIGH-US_HIGH,1
us,62cd9b920ed1b7c1648818d3,p7_s0_tr,MG_LOW-US_LOW,0
us,62cd9b920ed1b7c1648818d3,p11_s0_tr,MG_LOW-US_HIGH,1
us,62cd9b920ed1b7c1648818d3,p4_s0_tr,MG_HIGH-US_HIGH,1
us,62cd9b920ed1b7c1648818d3,p2_s1_tl,MG_HIGH-US_LOW,1
us,62cd9b920ed1b7c1648818d3,p0_s0_tl,MG_HIGH-US_LOW,1
us,62cd9b920ed1b7c1648818d3,p8_s0_tl,MG_LOW-US_LOW,1
us,62cd9b920ed1b7c1648818d3,p8_s0_tr,MG_LOW-US_LOW,1
us,62cd9b920ed1b7c1648818d3,p2_s1_tr,MG_HIGH-US_LOW,1
us,62cd9b920ed1b7c1648818d3,p5_s0_tl,MG_HIGH-US_HIGH,1
us,62cd9b920ed1b7c1648818d3,p5_s0_tr,MG_HIGH-US_HIGH,1
us,62cd9b920ed1b7c1648818d3,p0_s1_tl,MG_HIGH-US_LOW,1
us,62cd9b920ed1b7c1648818d3,p11_s0_tl,MG_LOW-US_HIGH,1
us,62cd9b920ed1b7c1648818d3,p4_s1_tl,MG_HIGH-US_HIGH,1
us,62cd9b920ed1b7c1648818d3,p0_s1_tr,MG_HIGH-US_LOW,1
us,62cd9b920ed1b7c1648818d3,p1_s0_tr,MG_HIGH-US_LOW,1
us,62cd9b920ed1b7c1648818d3,p3_s0_tl,MG_HIGH-US_HIGH,1
us,62cd9b920ed1b7c1648818d3,p1_s0_tl,MG_HIGH-US_LOW,1
us,62cd9b920ed1b7c1648818d3,p7_s1_tr,MG_LOW-US_LOW,1
us,62cd9b920ed1b7c1648818d3,p9_s0_tl,MG_LOW-US_HIGH,1
us,62cd9b920ed1b7c1648818d3,p8_s1_tl,MG_LOW-US_LOW,1
us,62cd9b920ed1b7c1648818d3,p5_s1_tl,MG_HIGH-US_HIGH,1
us,62cd9b920ed1b7c1648818d3,p2_s0_tl,MG_HIGH-US_LOW,1
us,62cd9b920ed1b7c1648818d3,p11_s1_tl,MG_LOW-US_HIGH,1
us,62cd9b920ed1b7c1648818d3,p6_s0_tr,MG_LOW-US_LOW,1
us,62cd9b920ed1b7c1648818d3,p8_s1_tr,MG_LOW-US_LOW,1
us,62cd9b920ed1b7c1648818d3,p10_s1_tl,MG_LOW-US_HIGH,1
us,62cd9b920ed1b7c1648818d3,p10_s0_tr,MG_LOW-US_HIGH,1
us,62cd9b920ed1b7c1648818d3,p6_s1_tl,MG_LOW-US_LOW,1
us,62cd9b920ed1b7c1648818d3,p5_s1_tr,MG_HIGH-US_HIGH,1
us,62cd9b920ed1b7c1648818d3,p3_s1_tl,MG_HIGH-US_HIGH,1
us,62cd9b920ed1b7c1648818d3,p9_s1_tr,MG_LOW-US_HIGH,1
us,62cd9b920ed1b7c1648818d3,p6_s1_tr,MG_LOW-US_LOW,1
us,62cd9b920ed1b7c1648818d3,p7_s1_tl,MG_LOW-US_LOW,0
us,62cd9b920ed1b7c1648818d3,p1_s1_tl,MG_HIGH-US_LOW,1
us,62cd9b920ed1b7c1648818d3,p11_s1_tr,MG_LOW-US_HIGH,1
us,62cd9b920ed1b7c1648818d3,p10_s0_tl,MG_LOW-US_HIGH,1
us,62cd9b920ed1b7c1648818d3,p4_s1_tr,MG_HIGH-US_HIGH,1
us,62cd9b920ed1b7c1648818d3,p6_s1_tr,MG_LOW-US_LOW,1
us,62cd9b920ed1b7c1648818d3,p11_s0_tr,MG_LOW-US_HIGH,1
us,62cd9b920ed1b7c1648818d3,p10_s0_tl,MG_LOW-US_HIGH,1
us,62cd9b920ed1b7c1648818d3,p9_s0_tl,MG_LOW-US_HIGH,1
us,62cd9b920ed1b7c1648818d3,p2_s1_tr,MG_HIGH-US_LOW,1
us,62cd9b920ed1b7c1648818d3,p3_s1_tr,MG_HIGH-US_HIGH,1
us,62cd9b920ed1b7c1648818d3,p1_s1_tl,MG_HIGH-US_LOW,1
us,62cd9b920ed1b7c1648818d3,p5_s0_tl,MG_HIGH-US_HIGH,1
us,62cd9b920ed1b7c1648818d3,p4_s1_tr,MG_HIGH-US_HIGH,1
us,62cd9b920ed1b7c1648818d3,p4_s1_tl,MG_HIGH-US_HIGH,1
us,62cd9b920ed1b7c1648818d3,p4_s0_tr,MG_HIGH-US_HIGH,1
us,62cd9b920ed1b7c1648818d3,p2_s0_tr,MG_HIGH-US_LOW,1
us,62cd9b920ed1b7c1648818d3,p1_s1_tr,MG_HIGH-US_LOW,1
us,62cd9b920ed1b7c1648818d3,p5_s0_tr,MG_HIGH-US_HIGH,1
us,62cd9b920ed1b7c1648818d3,p6_s0_tl,MG_LOW-US_LOW,1
us,62cd9b920ed1b7c1648818d3,p8_s0_tr,MG_LOW-US_LOW,0
us,62cd9b920ed1b7c1648818d3,p5_s1_tl,MG_HIGH-US_HIGH,1
us,62cd9b920ed1b7c1648818d3,p11_s0_tl,MG_LOW-US_HIGH,1
us,62cd9b920ed1b7c1648818d3,p2_s1_tl,MG_HIGH-US_LOW,1
us,62cd9b920ed1b7c1648818d3,p2_s0_tl,MG_HIGH-US_LOW,1
us,62cd9b920ed1b7c1648818d3,p6_s1_tl,MG_LOW-US_LOW,1
us,62cd9b920ed1b7c1648818d3,p9_s0_tr,MG_LOW-US_HIGH,1
us,62cd9b920ed1b7c1648818d3,p10_s1_tl,MG_LOW-US_HIGH,1
us,62cd9b920ed1b7c1648818d3,p1_s0_tl,MG_HIGH-US_LOW,1
us,62cd9b920ed1b7c1648818d3,p7_s0_tr,MG_LOW-US_LOW,1
us,62cd9b920ed1b7c1648818d3,p10_s1_tr,MG_LOW-US_HIGH,1
us,62cd9b920ed1b7c1648818d3,p0_s1_tr,MG_HIGH-US_LOW,1
us,62cd9b920ed1b7c1648818d3,p7_s1_tr,MG_LOW-US_LOW,0
us,62cd9b920ed1b7c1648818d3,p0_s0_tr,MG_HIGH-US_LOW,1
us,62cd9b920ed1b7c1648818d3,p3_s0_tr,MG_HIGH-US_HIGH,1
us,62cd9b920ed1b7c1648818d3,p11_s1_tr,MG_LOW-US_HIGH,1
us,62cd9b920ed1b7c1648818d3,p8_s1_tl,MG_LOW-US_LOW,1
us,62cd9b920ed1b7c1648818d3,p6_s0_tr,MG_LOW-US_LOW,1
us,62cd9b920ed1b7c1648818d3,p5_s1_tr,MG_HIGH-US_HIGH,1
us,62cd9b920ed1b7c1648818d3,p0_s1_tl,MG_HIGH-US_LOW,1
us,62cd9b920ed1b7c1648818d3,p8_s0_tl,MG_LOW-US_LOW,1
us,62cd9b920ed1b7c1648818d3,p7_s1_tl,MG_LOW-US_LOW,1
us,62cd9b920ed1b7c1648818d3,p3_s1_tl,MG_HIGH-US_HIGH,1
us,62cd9b920ed1b7c1648818d3,p3_s0_tl,MG_HIGH-US_HIGH,1
us,62cd9b920ed1b7c1648818d3,p0_s0_tl,MG_HIGH-US_LOW,1
us,62cd9b920ed1b7c1648818d3,p11_s1_tl,MG_LOW-US_HIGH,1
us,62cd9b920ed1b7c1648818d3,p9_s1_tr,MG_LOW-US_HIGH,1
us,62cd9b920ed1b7c1648818d3,p10_s0_tr,MG_LOW-US_HIGH,1
us,62cd9b920ed1b7c1648818d3,p8_s1_tr,MG_LOW-US_LOW,1
us,62cd9b920ed1b7c1648818d3,p1_s0_tr,MG_HIGH-US_LOW,1
us,62cd9b920ed1b7c1648818d3,p7_s0_tl,MG_LOW-US_LOW,1
us,62cd9b920ed1b7c1648818d3,p4_s0_tl,MG_HIGH-US_HIGH,1
us,62cd9b920ed1b7c1648818d3,p9_s1_tl,MG_LOW-US_HIGH,1
us,62cd9b920ed1b7c1648818d3,p8_s0_tr,MG_LOW-US_LOW,1
us,62cd9b920ed1b7c1648818d3,p6_s0_tr,MG_LOW-US_LOW,1
us,62cd9b920ed1b7c1648818d3,p0_s0_tl,MG_HIGH-US_LOW,1
us,62cd9b920ed1b7c1648818d3,p10_s1_tr,MG_LOW-US_HIGH,0
us,62cd9b920ed1b7c1648818d3,p10_s0_tr,MG_LOW-US_HIGH,1
us,62cd9b920ed1b7c1648818d3,p11_s0_tr,MG_LOW-US_HIGH,1
us,62cd9b920ed1b7c1648818d3,p3_s0_tr,MG_HIGH-US_HIGH,1
us,62cd9b920ed1b7c1648818d3,p6_s1_tl,MG_LOW-US_LOW,1
us,62cd9b920ed1b7c1648818d3,p5_s0_tl,MG_HIGH-US_HIGH,1
us,62cd9b920ed1b7c1648818d3,p1_s0_tr,MG_HIGH-US_LOW,1
us,62cd9b920ed1b7c1648818d3,p11_s1_tl,MG_LOW-US_HIGH,1
us,62cd9b920ed1b7c1648818d3,p2_s0_tl,MG_HIGH-US_LOW,1
us,62cd9b920ed1b7c1648818d3,p4_s1_tr,MG_HIGH-US_HIGH,1
us,62cd9b920ed1b7c1648818d3,p8_s1_tr,MG_LOW-US_LOW,1
us,62cd9b920ed1b7c1648818d3,p7_s1_tl,MG_LOW-US_LOW,1
us,62cd9b920ed1b7c1648818d3,p6_s0_tl,MG_LOW-US_LOW,1
us,62cd9b920ed1b7c1648818d3,p8_s1_tl,MG_LOW-US_LOW,1
us,62cd9b920ed1b7c1648818d3,p2_s1_tr,MG_HIGH-US_LOW,1
us,62cd9b920ed1b7c1648818d3,p11_s0_tl,MG_LOW-US_HIGH,1
us,62cd9b920ed1b7c1648818d3,p0_s0_tr,MG_HIGH-US_LOW,1
us,62cd9b920ed1b7c1648818d3,p0_s1_tr,MG_HIGH-US_LOW,1
us,62cd9b920ed1b7c1648818d3,p10_s1_tl,MG_LOW-US_HIGH,1
us,62cd9b920ed1b7c1648818d3,p3_s1_tl,MG_HIGH-US_HIGH,1
us,62cd9b920ed1b7c1648818d3,p4_s0_tr,MG_HIGH-US_HIGH,1
us,62cd9b920ed1b7c1648818d3,p2_s0_tr,MG_HIGH-US_LOW,1
us,62cd9b920ed1b7c1648818d3,p10_s0_tl,MG_LOW-US_HIGH,1
us,62cd9b920ed1b7c1648818d3,p4_s0_tl,MG_HIGH-US_HIGH,1
us,62cd9b920ed1b7c1648818d3,p9_s0_tl,MG_LOW-US_HIGH,1
us,62cd9b920ed1b7c1648818d3,p5_s1_tr,MG_HIGH-US_HIGH,1
us,62cd9b920ed1b7c1648818d3,p7_s0_tr,MG_LOW-US_LOW,0
us,62cd9b920ed1b7c1648818d3,p7_s1_tr,MG_LOW-US_LOW,0
us,62cd9b920ed1b7c1648818d3,p11_s1_tr,MG_LOW-US_HIGH,1
us,62cd9b920ed1b7c1648818d3,p5_s0_tr,MG_HIGH-US_HIGH,1
us,62cd9b920ed1b7c1648818d3,p2_s1_tl,MG_HIGH-US_LOW,1
us,62cd9b920ed1b7c1648818d3,p0_s1_tl,MG_HIGH-US_LOW,1
us,62cd9b920ed1b7c1648818d3,p1_s1_tr,MG_HIGH-US_LOW,1
us,62cd9b920ed1b7c1648818d3,p1_s1_tl,MG_HIGH-US_LOW,1
us,62cd9b920ed1b7c1648818d3,p9_s0_tr,MG_LOW-US_HIGH,1
us,62cd9b920ed1b7c1648818d3,p9_s1_tl,MG_LOW-US_HIGH,1
us,62cd9b920ed1b7c1648818d3,p3_s0_tl,MG_HIGH-US_HIGH,1
us,62cd9b920ed1b7c1648818d3,p4_s1_tl,MG_HIGH-US_HIGH,1
us,62cd9b920ed1b7c1648818d3,p9_s1_tr,MG_LOW-US_HIGH,1
us,62cd9b920ed1b7c1648818d3,p6_s1_tr,MG_LOW-US_LOW,1
us,62cd9b920ed1b7c1648818d3,p5_s1_tl,MG_HIGH-US_HIGH,1
us,62cd9b920ed1b7c1648818d3,p7_s0_tl,MG_LOW-US_LOW,1
us,62cd9b920ed1b7c1648818d3,p1_s0_tl,MG_HIGH-US_LOW,1
us,62cd9b920ed1b7c1648818d3,p3_s1_tr,MG_HIGH-US_HIGH,1
us,62cd9b920ed1b7c1648818d3,p8_s0_tl,MG_LOW-US_LOW,1
us,636ebb19aa1d1be8c41cc46e,p6_s0_tr,MG_LOW-US_LOW,1
us,636ebb19aa1d1be8c41cc46e,p4_s1_tl,MG_HIGH-US_HIGH,1
us,636ebb19aa1d1be8c41cc46e,p9_s0_tr,MG_LOW-US_HIGH,1
us,636ebb19aa1d1be8c41cc46e,p2_s1_tr,MG_HIGH-US_LOW,1
us,636ebb19aa1d1be8c41cc46e,p9_s1_tl,MG_LOW-US_HIGH,1
us,636ebb19aa1d1be8c41cc46e,p3_s0_tr,MG_HIGH-US_HIGH,1
us,636ebb19aa1d1be8c41cc46e,p5_s0_tl,MG_HIGH-US_HIGH,1
us,636ebb19aa1d1be8c41cc46e,p2_s0_tl,MG_HIGH-US_LOW,1
us,636ebb19aa1d1be8c41cc46e,p9_s0_tl,MG_LOW-US_HIGH,1
us,636ebb19aa1d1be8c41cc46e,p1_s0_tr,MG_HIGH-US_LOW,1
us,636ebb19aa1d1be8c41cc46e,p8_s0_tl,MG_LOW-US_LOW,0
us,636ebb19aa1d1be8c41cc46e,p7_s1_tr,MG_LOW-US_LOW,0
us,636ebb19aa1d1be8c41cc46e,p10_s0_tl,MG_LOW-US_HIGH,0
us,636ebb19aa1d1be8c41cc46e,p6_s0_tl,MG_LOW-US_LOW,1
us,636ebb19aa1d1be8c41cc46e,p7_s0_tr,MG_LOW-US_LOW,0
us,636ebb19aa1d1be8c41cc46e,p11_s1_tl,MG_LOW-US_HIGH,0
us,636ebb19aa1d1be8c41cc46e,p7_s1_tl,MG_LOW-US_LOW,0
us,636ebb19aa1d1be8c41cc46e,p10_s1_tl,MG_LOW-US_HIGH,0
us,636ebb19aa1d1be8c41cc46e,p8_s0_tr,MG_LOW-US_LOW,1
us,636ebb19aa1d1be8c41cc46e,p4_s1_tr,MG_HIGH-US_HIGH,1
us,636ebb19aa1d1be8c41cc46e,p1_s1_tl,MG_HIGH-US_LOW,1
us,636ebb19aa1d1be8c41cc46e,p2_s0_tr,MG_HIGH-US_LOW,1
us,636ebb19aa1d1be8c41cc46e,p4_s0_tr,MG_HIGH-US_HIGH,1
us,636ebb19aa1d1be8c41cc46e,p2_s1_tl,MG_HIGH-US_LOW,1
us,636ebb19aa1d1be8c41cc46e,p0_s1_tr,MG_HIGH-US_LOW,0
us,636ebb19aa1d1be8c41cc46e,p5_s1_tr,MG_HIGH-US_HIGH,1
us,636ebb19aa1d1be8c41cc46e,p3_s0_tl,MG_HIGH-US_HIGH,1
us,636ebb19aa1d1be8c41cc46e,p3_s1_tl,MG_HIGH-US_HIGH,1
us,636ebb19aa1d1be8c41cc46e,p6_s1_tr,MG_LOW-US_LOW,1
us,636ebb19aa1d1be8c41cc46e,p7_s0_tl,MG_LOW-US_LOW,0
us,636ebb19aa1d1be8c41cc46e,p10_s1_tr,MG_LOW-US_HIGH,0
us,636ebb19aa1d1be8c41cc46e,p0_s0_tl,MG_HIGH-US_LOW,0
us,636ebb19aa1d1be8c41cc46e,p9_s1_tr,MG_LOW-US_HIGH,1
us,636ebb19aa1d1be8c41cc46e,p11_s1_tr,MG_LOW-US_HIGH,0
us,636ebb19aa1d1be8c41cc46e,p8_s1_tl,MG_LOW-US_LOW,1
us,636ebb19aa1d1be8c41cc46e,p3_s1_tr,MG_HIGH-US_HIGH,1
us,636ebb19aa1d1be8c41cc46e,p1_s0_tl,MG_HIGH-US_LOW,1
us,636ebb19aa1d1be8c41cc46e,p11_s0_tr,MG_LOW-US_HIGH,0
us,636ebb19aa1d1be8c41cc46e,p6_s1_tl,MG_LOW-US_LOW,1
us,636ebb19aa1d1be8c41cc46e,p0_s0_tr,MG_HIGH-US_LOW,0
us,636ebb19aa1d1be8c41cc46e,p8_s1_tr,MG_LOW-US_LOW,1
us,636ebb19aa1d1be8c41cc46e,p0_s1_tl,MG_HIGH-US_LOW,0
us,636ebb19aa1d1be8c41cc46e,p5_s0_tr,MG_HIGH-US_HIGH,1
us,636ebb19aa1d1be8c41cc46e,p1_s1_tr,MG_HIGH-US_LOW,0
us,636ebb19aa1d1be8c41cc46e,p10_s0_tr,MG_LOW-US_HIGH,0
us,636ebb19aa1d1be8c41cc46e,p11_s0_tl,MG_LOW-US_HIGH,1
us,636ebb19aa1d1be8c41cc46e,p4_s0_tl,MG_HIGH-US_HIGH,1
us,636ebb19aa1d1be8c41cc46e,p5_s1_tl,MG_HIGH-US_HIGH,1
us,636ebb19aa1d1be8c41cc46e,p10_s0_tr,MG_LOW-US_HIGH,0
us,636ebb19aa1d1be8c41cc46e,p1_s1_tl,MG_HIGH-US_LOW,1
us,636ebb19aa1d1be8c41cc46e,p6_s1_tr,MG_LOW-US_LOW,1
us,636ebb19aa1d1be8c41cc46e,p11_s0_tl,MG_LOW-US_HIGH,1
us,636ebb19aa1d1be8c41cc46e,p1_s0_tr,MG_HIGH-US_LOW,1
us,636ebb19aa1d1be8c41cc46e,p8_s0_tr,MG_LOW-US_LOW,1
us,636ebb19aa1d1be8c41cc46e,p0_s1_tr,MG_HIGH-US_LOW,0
us,636ebb19aa1d1be8c41cc46e,p5_s1_tl,MG_HIGH-US_HIGH,1
us,636ebb19aa1d1be8c41cc46e,p8_s1_tr,MG_LOW-US_LOW,0
us,636ebb19aa1d1be8c41cc46e,p5_s0_tl,MG_HIGH-US_HIGH,1
us,636ebb19aa1d1be8c41cc46e,p11_s1_tr,MG_LOW-US_HIGH,1
us,636ebb19aa1d1be8c41cc46e,p5_s0_tr,MG_HIGH-US_HIGH,1
us,636ebb19aa1d1be8c41cc46e,p9_s1_tr,MG_LOW-US_HIGH,1
us,636ebb19aa1d1be8c41cc46e,p0_s1_tl,MG_HIGH-US_LOW,0
us,636ebb19aa1d1be8c41cc46e,p4_s0_tr,MG_HIGH-US_HIGH,1
us,636ebb19aa1d1be8c41cc46e,p10_s1_tr,MG_LOW-US_HIGH,0
us,636ebb19aa1d1be8c41cc46e,p7_s1_tr,MG_LOW-US_LOW,0
us,636ebb19aa1d1be8c41cc46e,p4_s1_tl,MG_HIGH-US_HIGH,1
us,636ebb19aa1d1be8c41cc46e,p10_s1_tl,MG_LOW-US_HIGH,0
us,636ebb19aa1d1be8c41cc46e,p8_s0_tl,MG_LOW-US_LOW,1
us,636ebb19aa1d1be8c41cc46e,p11_s0_tr,MG_LOW-US_HIGH,1
us,636ebb19aa1d1be8c41cc46e,p11_s1_tl,MG_LOW-US_HIGH,1
us,636ebb19aa1d1be8c41cc46e,p3_s0_tr,MG_HIGH-US_HIGH,1
us,636ebb19aa1d1be8c41cc46e,p2_s0_tr,MG_HIGH-US_LOW,1
us,636ebb19aa1d1be8c41cc46e,p0_s0_tl,MG_HIGH-US_LOW,0
us,636ebb19aa1d1be8c41cc46e,p9_s1_tl,MG_LOW-US_HIGH,1
us,636ebb19aa1d1be8c41cc46e,p7_s0_tl,MG_LOW-US_LOW,0
us,636ebb19aa1d1be8c41cc46e,p1_s0_tl,MG_HIGH-US_LOW,1
us,636ebb19aa1d1be8c41cc46e,p2_s1_tr,MG_HIGH-US_LOW,1
us,636ebb19aa1d1be8c41cc46e,p3_s1_tl,MG_HIGH-US_HIGH,1
us,636ebb19aa1d1be8c41cc46e,p10_s0_tl,MG_LOW-US_HIGH,1
us,636ebb19aa1d1be8c41cc46e,p0_s0_tr,MG_HIGH-US_LOW,0
us,636ebb19aa1d1be8c41cc46e,p2_s0_tl,MG_HIGH-US_LOW,1
us,636ebb19aa1d1be8c41cc46e,p4_s1_tr,MG_HIGH-US_HIGH,1
us,636ebb19aa1d1be8c41cc46e,p7_s1_tl,MG_LOW-US_LOW,1
us,636ebb19aa1d1be8c41cc46e,p8_s1_tl,MG_LOW-US_LOW,1
us,636ebb19aa1d1be8c41cc46e,p7_s0_tr,MG_LOW-US_LOW,0
us,636ebb19aa1d1be8c41cc46e,p6_s1_tl,MG_LOW-US_LOW,1
us,636ebb19aa1d1be8c41cc46e,p9_s0_tr,MG_LOW-US_HIGH,1
us,636ebb19aa1d1be8c41cc46e,p5_s1_tr,MG_HIGH-US_HIGH,1
us,636ebb19aa1d1be8c41cc46e,p9_s0_tl,MG_LOW-US_HIGH,1
us,636ebb19aa1d1be8c41cc46e,p3_s1_tr,MG_HIGH-US_HIGH,1
us,636ebb19aa1d1be8c41cc46e,p1_s1_tr,MG_HIGH-US_LOW,1
us,636ebb19aa1d1be8c41cc46e,p6_s0_tr,MG_LOW-US_LOW,1
us,636ebb19aa1d1be8c41cc46e,p3_s0_tl,MG_HIGH-US_HIGH,1
us,636ebb19aa1d1be8c41cc46e,p4_s0_tl,MG_HIGH-US_HIGH,1
us,636ebb19aa1d1be8c41cc46e,p6_s0_tl,MG_LOW-US_LOW,1
us,636ebb19aa1d1be8c41cc46e,p2_s1_tl,MG_HIGH-US_LOW,1
us,636ebb19aa1d1be8c41cc46e,p4_s1_tr,MG_HIGH-US_HIGH,1
us,636ebb19aa1d1be8c41cc46e,p0_s0_tr,MG_HIGH-US_LOW,0
us,636ebb19aa1d1be8c41cc46e,p9_s0_tr,MG_LOW-US_HIGH,1
us,636ebb19aa1d1be8c41cc46e,p7_s1_tr,MG_LOW-US_LOW,0
us,636ebb19aa1d1be8c41cc46e,p2_s1_tr,MG_HIGH-US_LOW,1
us,636ebb19aa1d1be8c41cc46e,p11_s0_tl,MG_LOW-US_HIGH,1
us,636ebb19aa1d1be8c41cc46e,p0_s1_tr,MG_HIGH-US_LOW,0
us,636ebb19aa1d1be8c41cc46e,p1_s0_tr,MG_HIGH-US_LOW,1
us,636ebb19aa1d1be8c41cc46e,p4_s0_tl,MG_HIGH-US_HIGH,1
us,636ebb19aa1d1be8c41cc46e,p11_s0_tr,MG_LOW-US_HIGH,1
us,636ebb19aa1d1be8c41cc46e,p6_s0_tr,MG_LOW-US_LOW,1
us,636ebb19aa1d1be8c41cc46e,p10_s0_tr,MG_LOW-US_HIGH,0
us,636ebb19aa1d1be8c41cc46e,p1_s0_tl,MG_HIGH-US_LOW,1
us,636ebb19aa1d1be8c41cc46e,p10_s1_tl,MG_LOW-US_HIGH,0
us,636ebb19aa1d1be8c41cc46e,p5_s0_tl,MG_HIGH-US_HIGH,1
us,636ebb19aa1d1be8c41cc46e,p3_s1_tr,MG_HIGH-US_HIGH,1
us,636ebb19aa1d1be8c41cc46e,p3_s0_tl,MG_HIGH-US_HIGH,1
us,636ebb19aa1d1be8c41cc46e,p8_s0_tr,MG_LOW-US_LOW,1
us,636ebb19aa1d1be8c41cc46e,p8_s1_tr,MG_LOW-US_LOW,1
us,636ebb19aa1d1be8c41cc46e,p8_s1_tl,MG_LOW-US_LOW,1
us,636ebb19aa1d1be8c41cc46e,p10_s0_tl,MG_LOW-US_HIGH,0
us,636ebb19aa1d1be8c41cc46e,p4_s1_tl,MG_HIGH-US_HIGH,1
us,636ebb19aa1d1be8c41cc46e,p5_s1_tr,MG_HIGH-US_HIGH,1
us,636ebb19aa1d1be8c41cc46e,p3_s0_tr,MG_HIGH-US_HIGH,1
us,636ebb19aa1d1be8c41cc46e,p3_s1_tl,MG_HIGH-US_HIGH,1
us,636ebb19aa1d1be8c41cc46e,p9_s1_tl,MG_LOW-US_HIGH,1
us,636ebb19aa1d1be8c41cc46e,p9_s1_tr,MG_LOW-US_HIGH,1
us,636ebb19aa1d1be8c41cc46e,p2_s0_tl,MG_HIGH-US_LOW,1
us,636ebb19aa1d1be8c41cc46e,p2_s1_tl,MG_HIGH-US_LOW,1
us,636ebb19aa1d1be8c41cc46e,p7_s0_tl,MG_LOW-US_LOW,0
us,636ebb19aa1d1be8c41cc46e,p6_s1_tr,MG_LOW-US_LOW,1
us,636ebb19aa1d1be8c41cc46e,p5_s0_tr,MG_HIGH-US_HIGH,1
us,636ebb19aa1d1be8c41cc46e,p10_s1_tr,MG_LOW-US_HIGH,1
us,636ebb19aa1d1be8c41cc46e,p8_s0_tl,MG_LOW-US_LOW,1
us,636ebb19aa1d1be8c41cc46e,p6_s0_tl,MG_LOW-US_LOW,1
us,636ebb19aa1d1be8c41cc46e,p4_s0_tr,MG_HIGH-US_HIGH,1
us,636ebb19aa1d1be8c41cc46e,p5_s1_tl,MG_HIGH-US_HIGH,1
us,636ebb19aa1d1be8c41cc46e,p0_s0_tl,MG_HIGH-US_LOW,0
us,636ebb19aa1d1be8c41cc46e,p7_s0_tr,MG_LOW-US_LOW,0
us,636ebb19aa1d1be8c41cc46e,p11_s1_tl,MG_LOW-US_HIGH,1
us,636ebb19aa1d1be8c41cc46e,p1_s1_tr,MG_HIGH-US_LOW,1
us,636ebb19aa1d1be8c41cc46e,p9_s0_tl,MG_LOW-US_HIGH,1
us,636ebb19aa1d1be8c41cc46e,p11_s1_tr,MG_LOW-US_HIGH,1
us,636ebb19aa1d1be8c41cc46e,p1_s1_tl,MG_HIGH-US_LOW,1
us,636ebb19aa1d1be8c41cc46e,p0_s1_tl,MG_HIGH-US_LOW,0
us,636ebb19aa1d1be8c41cc46e,p7_s1_tl,MG_LOW-US_LOW,0
us,636ebb19aa1d1be8c41cc46e,p6_s1_tl,MG_LOW-US_LOW,1
us,636ebb19aa1d1be8c41cc46e,p2_s0_tr,MG_HIGH-US_LOW,1
us,63c047ef36e1348b19bb8010,p2_s1_tr,MG_HIGH-US_LOW,1
us,63c047ef36e1348b19bb8010,p7_s0_tr,MG_LOW-US_LOW,0
us,63c047ef36e1348b19bb8010,p1_s1_tr,MG_HIGH-US_LOW,1
us,63c047ef36e1348b19bb8010,p9_s0_tl,MG_LOW-US_HIGH,1
us,63c047ef36e1348b19bb8010,p0_s0_tl,MG_HIGH-US_LOW,0
us,63c047ef36e1348b19bb8010,p10_s0_tr,MG_LOW-US_HIGH,0
us,63c047ef36e1348b19bb8010,p1_s0_tr,MG_HIGH-US_LOW,1
us,63c047ef36e1348b19bb8010,p5_s0_tl,MG_HIGH-US_HIGH,1
us,63c047ef36e1348b19bb8010,p7_s1_tl,MG_LOW-US_LOW,0
us,63c047ef36e1348b19bb8010,p0_s0_tr,MG_HIGH-US_LOW,0
us,63c047ef36e1348b19bb8010,p9_s1_tr,MG_LOW-US_HIGH,1
us,63c047ef36e1348b19bb8010,p8_s1_tr,MG_LOW-US_LOW,1
us,63c047ef36e1348b19bb8010,p7_s1_tr,MG_LOW-US_LOW,0
us,63c047ef36e1348b19bb8010,p8_s1_tl,MG_LOW-US_LOW,1
us,63c047ef36e1348b19bb8010,p4_s0_tr,MG_HIGH-US_HIGH,1
us,63c047ef36e1348b19bb8010,p8_s0_tr,MG_LOW-US_LOW,1
us,63c047ef36e1348b19bb8010,p1_s0_tl,MG_HIGH-US_LOW,1
us,63c047ef36e1348b19bb8010,p8_s0_tl,MG_LOW-US_LOW,1
us,63c047ef36e1348b19bb8010,p11_s0_tl,MG_LOW-US_HIGH,1
us,63c047ef36e1348b19bb8010,p11_s1_tl,MG_LOW-US_HIGH,1
us,63c047ef36e1348b19bb8010,p10_s1_tr,MG_LOW-US_HIGH,0
us,63c047ef36e1348b19bb8010,p10_s0_tl,MG_LOW-US_HIGH,0
us,63c047ef36e1348b19bb8010,p6_s0_tr,MG_LOW-US_LOW,1
us,63c047ef36e1348b19bb8010,p3_s0_tr,MG_HIGH-US_HIGH,1
us,63c047ef36e1348b19bb8010,p7_s0_tl,MG_LOW-US_LOW,0
us,63c047ef36e1348b19bb8010,p5_s1_tr,MG_HIGH-US_HIGH,1
us,63c047ef36e1348b19bb8010,p9_s1_tl,MG_LOW-US_HIGH,1
us,63c047ef36e1348b19bb8010,p6_s1_tr,MG_LOW-US_LOW,1
us,63c047ef36e1348b19bb8010,p11_s1_tr,MG_LOW-US_HIGH,1
us,63c047ef36e1348b19bb8010,p2_s0_tl,MG_HIGH-US_LOW,1
us,63c047ef36e1348b19bb8010,p3_s1_tr,MG_HIGH-US_HIGH,1
us,63c047ef36e1348b19bb8010,p5_s1_tl,MG_HIGH-US_HIGH,1
us,63c047ef36e1348b19bb8010,p2_s1_tl,MG_HIGH-US_LOW,1
us,63c047ef36e1348b19bb8010,p0_s1_tr,MG_HIGH-US_LOW,0
us,63c047ef36e1348b19bb8010,p4_s0_tl,MG_HIGH-US_HIGH,1
us,63c047ef36e1348b19bb8010,p0_s1_tl,MG_HIGH-US_LOW,0
us,63c047ef36e1348b19bb8010,p6_s0_tl,MG_LOW-US_LOW,1
us,63c047ef36e1348b19bb8010,p3_s0_tl,MG_HIGH-US_HIGH,1
us,63c047ef36e1348b19bb8010,p5_s0_tr,MG_HIGH-US_HIGH,1
us,63c047ef36e1348b19bb8010,p10_s1_tl,MG_LOW-US_HIGH,0
us,63c047ef36e1348b19bb8010,p2_s0_tr,MG_HIGH-US_LOW,1
us,63c047ef36e1348b19bb8010,p11_s0_tr,MG_LOW-US_HIGH,1
us,63c047ef36e1348b19bb8010,p6_s1_tl,MG_LOW-US_LOW,1
us,63c047ef36e1348b19bb8010,p4_s1_tl,MG_HIGH-US_HIGH,1
us,63c047ef36e1348b19bb8010,p3_s1_tl,MG_HIGH-US_HIGH,1
us,63c047ef36e1348b19bb8010,p1_s1_tl,MG_HIGH-US_LOW,1
us,63c047ef36e1348b19bb8010,p4_s1_tr,MG_HIGH-US_HIGH,1
us,63c047ef36e1348b19bb8010,p9_s0_tr,MG_LOW-US_HIGH,1
us,63c047ef36e1348b19bb8010,p10_s1_tr,MG_LOW-US_HIGH,0
us,63c047ef36e1348b19bb8010,p9_s0_tl,MG_LOW-US_HIGH,1
us,63c047ef36e1348b19bb8010,p9_s0_tr,MG_LOW-US_HIGH,1
us,63c047ef36e1348b19bb8010,p1_s0_tr,MG_HIGH-US_LOW,1
us,63c047ef36e1348b19bb8010,p2_s0_tl,MG_HIGH-US_LOW,1
us,63c047ef36e1348b19bb8010,p0_s0_tr,MG_HIGH-US_LOW,0
us,63c047ef36e1348b19bb8010,p8_s0_tr,MG_LOW-US_LOW,1
us,63c047ef36e1348b19bb8010,p0_s1_tr,MG_HIGH-US_LOW,0
us,63c047ef36e1348b19bb8010,p5_s0_tl,MG_HIGH-US_HIGH,1
us,63c047ef36e1348b19bb8010,p11_s1_tr,MG_LOW-US_HIGH,1
us,63c047ef36e1348b19bb8010,p6_s0_tl,MG_LOW-US_LOW,1
us,63c047ef36e1348b19bb8010,p2_s1_tl,MG_HIGH-US_LOW,1
us,63c047ef36e1348b19bb8010,p0_s0_tl,MG_HIGH-US_LOW,1
us,63c047ef36e1348b19bb8010,p10_s0_tr,MG_LOW-US_HIGH,0
us,63c047ef36e1348b19bb8010,p3_s1_tr,MG_HIGH-US_HIGH,1
us,63c047ef36e1348b19bb8010,p1_s0_tl,MG_HIGH-US_LOW,1
us,63c047ef36e1348b19bb8010,p11_s1_tl,MG_LOW-US_HIGH,1
us,63c047ef36e1348b19bb8010,p8_s0_tl,MG_LOW-US_LOW,1
us,63c047ef36e1348b19bb8010,p6_s1_tr,MG_LOW-US_LOW,1
us,63c047ef36e1348b19bb8010,p6_s1_tl,MG_LOW-US_LOW,1
us,63c047ef36e1348b19bb8010,p5_s1_tr,MG_HIGH-US_HIGH,1
us,63c047ef36e1348b19bb8010,p0_s1_tl,MG_HIGH-US_LOW,0
us,63c047ef36e1348b19bb8010,p10_s0_tl,MG_LOW-US_HIGH,0
us,63c047ef36e1348b19bb8010,p8_s1_tl,MG_LOW-US_LOW,1
us,63c047ef36e1348b19bb8010,p7_s1_tr,MG_LOW-US_LOW,0
us,63c047ef36e1348b19bb8010,p5_s1_tl,MG_HIGH-US_HIGH,1
us,63c047ef36e1348b19bb8010,p4_s0_tl,MG_HIGH-US_HIGH,1
us,63c047ef36e1348b19bb8010,p4_s1_tl,MG_HIGH-US_HIGH,1
us,63c047ef36e1348b19bb8010,p4_s1_tr,MG_HIGH-US_HIGH,1
us,63c047ef36e1348b19bb8010,p2_s1_tr,MG_HIGH-US_LOW,1
us,63c047ef36e1348b19bb8010,p3_s0_tl,MG_HIGH-US_HIGH,1
us,63c047ef36e1348b19bb8010,p4_s0_tr,MG_HIGH-US_HIGH,1
us,63c047ef36e1348b19bb8010,p9_s1_tl,MG_LOW-US_HIGH,1
us,63c047ef36e1348b19bb8010,p11_s0_tl,MG_LOW-US_HIGH,1
us,63c047ef36e1348b19bb8010,p3_s0_tr,MG_HIGH-US_HIGH,1
us,63c047ef36e1348b19bb8010,p7_s1_tl,MG_LOW-US_LOW,0
us,63c047ef36e1348b19bb8010,p8_s1_tr,MG_LOW-US_LOW,1
us,63c047ef36e1348b19bb8010,p6_s0_tr,MG_LOW-US_LOW,1
us,63c047ef36e1348b19bb8010,p7_s0_tl,MG_LOW-US_LOW,0
us,63c047ef36e1348b19bb8010,p11_s0_tr,MG_LOW-US_HIGH,1
us,63c047ef36e1348b19bb8010,p9_s1_tr,MG_LOW-US_HIGH,1
us,63c047ef36e1348b19bb8010,p10_s1_tl,MG_LOW-US_HIGH,0
us,63c047ef36e1348b19bb8010,p7_s0_tr,MG_LOW-US_LOW,0
us,63c047ef36e1348b19bb8010,p3_s1_tl,MG_HIGH-US_HIGH,1
us,63c047ef36e1348b19bb8010,p2_s0_tr,MG_HIGH-US_LOW,1
us,63c047ef36e1348b19bb8010,p5_s0_tr,MG_HIGH-US_HIGH,1
us,63c047ef36e1348b19bb8010,p1_s1_tr,MG_HIGH-US_LOW,1
us,63c047ef36e1348b19bb8010,p1_s1_tl,MG_HIGH-US_LOW,1
us,63c047ef36e1348b19bb8010,p1_s1_tr,MG_HIGH-US_LOW,1
us,63c047ef36e1348b19bb8010,p1_s0_tr,MG_HIGH-US_LOW,1
us,63c047ef36e1348b19bb8010,p4_s1_tr,MG_HIGH-US_HIGH,1
us,63c047ef36e1348b19bb8010,p2_s0_tr,MG_HIGH-US_LOW,1
us,63c047ef36e1348b19bb8010,p2_s0_tl,MG_HIGH-US_LOW,1
us,63c047ef36e1348b19bb8010,p8_s0_tl,MG_LOW-US_LOW,1
us,63c047ef36e1348b19bb8010,p0_s1_tl,MG_HIGH-US_LOW,0
us,63c047ef36e1348b19bb8010,p0_s0_tr,MG_HIGH-US_LOW,0
us,63c047ef36e1348b19bb8010,p10_s1_tr,MG_LOW-US_HIGH,0
us,63c047ef36e1348b19bb8010,p11_s0_tl,MG_LOW-US_HIGH,1
us,63c047ef36e1348b19bb8010,p4_s0_tr,MG_HIGH-US_HIGH,1
us,63c047ef36e1348b19bb8010,p9_s1_tr,MG_LOW-US_HIGH,1
us,63c047ef36e1348b19bb8010,p3_s1_tl,MG_HIGH-US_HIGH,1
us,63c047ef36e1348b19bb8010,p11_s1_tl,MG_LOW-US_HIGH,1
us,63c047ef36e1348b19bb8010,p10_s0_tr,MG_LOW-US_HIGH,0
us,63c047ef36e1348b19bb8010,p6_s0_tr,MG_LOW-US_LOW,1
us,63c047ef36e1348b19bb8010,p11_s0_tr,MG_LOW-US_HIGH,1
us,63c047ef36e1348b19bb8010,p7_s1_tr,MG_LOW-US_LOW,0
us,63c047ef36e1348b19bb8010,p9_s0_tl,MG_LOW-US_HIGH,1
us,63c047ef36e1348b19bb8010,p11_s1_tr,MG_LOW-US_HIGH,1
us,63c047ef36e1348b19bb8010,p0_s0_tl,MG_HIGH-US_LOW,0
us,63c047ef36e1348b19bb8010,p7_s0_tr,MG_LOW-US_LOW,0
us,63c047ef36e1348b19bb8010,p5_s1_tl,MG_HIGH-US_HIGH,1
us,63c047ef36e1348b19bb8010,p7_s1_tl,MG_LOW-US_LOW,0
us,63c047ef36e1348b19bb8010,p8_s0_tr,MG_LOW-US_LOW,1
us,63c047ef36e1348b19bb8010,p10_s1_tl,MG_LOW-US_HIGH,0
us,63c047ef36e1348b19bb8010,p1_s1_tl,MG_HIGH-US_LOW,1
us,63c047ef36e1348b19bb8010,p9_s1_tl,MG_LOW-US_HIGH,1
us,63c047ef36e1348b19bb8010,p7_s0_tl,MG_LOW-US_LOW,0
us,63c047ef36e1348b19bb8010,p3_s0_tl,MG_HIGH-US_HIGH,1
us,63c047ef36e1348b19bb8010,p3_s0_tr,MG_HIGH-US_HIGH,1
us,63c047ef36e1348b19bb8010,p2_s1_tr,MG_HIGH-US_LOW,1
us,63c047ef36e1348b19bb8010,p6_s0_tl,MG_LOW-US_LOW,1
us,63c047ef36e1348b19bb8010,p4_s1_tl,MG_HIGH-US_HIGH,1
us,63c047ef36e1348b19bb8010,p5_s0_tr,MG_HIGH-US_HIGH,1
us,63c047ef36e1348b19bb8010,p5_s1_tr,MG_HIGH-US_HIGH,1
us,63c047ef36e1348b19bb8010,p0_s1_tr,MG_HIGH-US_LOW,0
us,63c047ef36e1348b19bb8010,p3_s1_tr,MG_HIGH-US_HIGH,1
us,63c047ef36e1348b19bb8010,p9_s0_tr,MG_LOW-US_HIGH,1
us,63c047ef36e1348b19bb8010,p10_s0_tl,MG_LOW-US_HIGH,0
us,63c047ef36e1348b19bb8010,p1_s0_tl,MG_HIGH-US_LOW,1
us,63c047ef36e1348b19bb8010,p6_s1_tr,MG_LOW-US_LOW,1
us,63c047ef36e1348b19bb8010,p8_s1_tr,MG_LOW-US_LOW,1
us,63c047ef36e1348b19bb8010,p4_s0_tl,MG_HIGH-US_HIGH,1
us,63c047ef36e1348b19bb8010,p2_s1_tl,MG_HIGH-US_LOW,1
us,63c047ef36e1348b19bb8010,p8_s1_tl,MG_LOW-US_LOW,1
us,63c047ef36e1348b19bb8010,p5_s0_tl,MG_HIGH-US_HIGH,1
us,63c047ef36e1348b19bb8010,p6_s1_tl,MG_LOW-US_LOW,1
us,66594968a8fca6ea85c9ac19,p8_s0_tl,MG_LOW-US_LOW,1
us,66594968a8fca6ea85c9ac19,p9_s1_tl,MG_LOW-US_HIGH,1
us,66594968a8fca6ea85c9ac19,p11_s1_tl,MG_LOW-US_HIGH,1
us,66594968a8fca6ea85c9ac19,p6_s1_tr,MG_LOW-US_LOW,0
us,66594968a8fca6ea85c9ac19,p1_s1_tl,MG_HIGH-US_LOW,1
us,66594968a8fca6ea85c9ac19,p5_s1_tl,MG_HIGH-US_HIGH,1
us,66594968a8fca6ea85c9ac19,p10_s0_tr,MG_LOW-US_HIGH,1
us,66594968a8fca6ea85c9ac19,p11_s0_tl,MG_LOW-US_HIGH,1
us,66594968a8fca6ea85c9ac19,p7_s1_tr,MG_LOW-US_LOW,1
us,66594968a8fca6ea85c9ac19,p3_s0_tr,MG_HIGH-US_HIGH,1
us,66594968a8fca6ea85c9ac19,p4_s1_tr,MG_HIGH-US_HIGH,1
us,66594968a8fca6ea85c9ac19,p2_s0_tl,MG_HIGH-US_LOW,1
us,66594968a8fca6ea85c9ac19,p6_s0_tr,MG_LOW-US_LOW,0
us,66594968a8fca6ea85c9ac19,p2_s1_tr,MG_HIGH-US_LOW,0
us,66594968a8fca6ea85c9ac19,p0_s0_tl,MG_HIGH-US_LOW,1
us,66594968a8fca6ea85c9ac19,p9_s1_tr,MG_LOW-US_HIGH,1
us,66594968a8fca6ea85c9ac19,p0_s1_tl,MG_HIGH-US_LOW,1
us,66594968a8fca6ea85c9ac19,p3_s1_tl,MG_HIGH-US_HIGH,1
us,66594968a8fca6ea85c9ac19,p3_s0_tl,MG_HIGH-US_HIGH,1
us,66594968a8fca6ea85c9ac19,p1_s1_tr,MG_HIGH-US_LOW,1
us,66594968a8fca6ea85c9ac19,p0_s1_tr,MG_HIGH-US_LOW,1
us,66594968a8fca6ea85c9ac19,p11_s1_tr,MG_LOW-US_HIGH,1
us,66594968a8fca6ea85c9ac19,p8_s1_tr,MG_LOW-US_LOW,1
us,66594968a8fca6ea85c9ac19,p5_s1_tr,MG_HIGH-US_HIGH,1
us,66594968a8fca6ea85c9ac19,p4_s0_tl,MG_HIGH-US_HIGH,0
us,66594968a8fca6ea85c9ac19,p2_s0_tr,MG_HIGH-US_LOW,1
us,66594968a8fca6ea85c9ac19,p11_s0_tr,MG_LOW-US_HIGH,1
us,66594968a8fca6ea85c9ac19,p8_s0_tr,MG_LOW-US_LOW,0
us,66594968a8fca6ea85c9ac19,p9_s0_tl,MG_LOW-US_HIGH,1
us,66594968a8fca6ea85c9ac19,p10_s0_tl,MG_LOW-US_HIGH,1
us,66594968a8fca6ea85c9ac19,p6_s0_tl,MG_LOW-US_LOW,1
us,66594968a8fca6ea85c9ac19,p3_s1_tr,MG_HIGH-US_HIGH,1
us,66594968a8fca6ea85c9ac19,p1_s0_tr,MG_HIGH-US_LOW,1
us,66594968a8fca6ea85c9ac19,p4_s0_tr,MG_HIGH-US_HIGH,1
us,66594968a8fca6ea85c9ac19,p10_s1_tl,MG_LOW-US_HIGH,1
us,66594968a8fca6ea85c9ac19,p5_s0_tr,MG_HIGH-US_HIGH,1
us,66594968a8fca6ea85c9ac19,p10_s1_tr,MG_LOW-US_HIGH,1
us,66594968a8fca6ea85c9ac19,p0_s0_tr,MG_HIGH-US_LOW,0
us,66594968a8fca6ea85c9ac19,p4_s1_tl,MG_HIGH-US_HIGH,1
us,66594968a8fca6ea85c9ac19,p9_s0_tr,MG_LOW-US_HIGH,1
us,66594968a8fca6ea85c9ac19,p7_s0_tr,MG_LOW-US_LOW,1
us,66594968a8fca6ea85c9ac19,p8_s1_tl,MG_LOW-US_LOW,1
us,66594968a8fca6ea85c9ac19,p6_s1_tl,MG_LOW-US_LOW,0
us,66594968a8fca6ea85c9ac19,p5_s0_tl,MG_HIGH-US_HIGH,1
us,66594968a8fca6ea85c9ac19,p2_s1_tl,MG_HIGH-US_LOW,1
us,66594968a8fca6ea85c9ac19,p7_s1_tl,MG_LOW-US_LOW,1
us,66594968a8fca6ea85c9ac19,p7_s0_tl,MG_LOW-US_LOW,1
us,66594968a8fca6ea85c9ac19,p1_s0_tl,MG_HIGH-US_LOW,1
us,66594968a8fca6ea85c9ac19,p6_s1_tr,MG_LOW-US_LOW,0
us,66594968a8fca6ea85c9ac19,p9_s0_tr,MG_LOW-US_HIGH,1
us,66594968a8fca6ea85c9ac19,p6_s0_tl,MG_LOW-US_LOW,0
us,66594968a8fca6ea85c9ac19,p7_s0_tl,MG_LOW-US_LOW,1
us,66594968a8fca6ea85c9ac19,p2_s0_tl,MG_HIGH-US_LOW,1
us,66594968a8fca6ea85c9ac19,p10_s0_tl,MG_LOW-US_HIGH,1
us,66594968a8fca6ea85c9ac19,p11_s1_tr,MG_LOW-US_HIGH,1
us,66594968a8fca6ea85c9ac19,p3_s0_tr,MG_HIGH-US_HIGH,1
us,66594968a8fca6ea85c9ac19,p8_s0_tl,MG_LOW-US_LOW,1
us,66594968a8fca6ea85c9ac19,p0_s0_tr,MG_HIGH-US_LOW,1
us,66594968a8fca6ea85c9ac19,p11_s0_tl,MG_LOW-US_HIGH,1
us,66594968a8fca6ea85c9ac19,p0_s1_tl,MG_HIGH-US_LOW,1
us,66594968a8fca6ea85c9ac19,p9_s0_tl,MG_LOW-US_HIGH,1
us,66594968a8fca6ea85c9ac19,p3_s1_tr,MG_HIGH-US_HIGH,1
us,66594968a8fca6ea85c9ac19,p9_s1_tr,MG_LOW-US_HIGH,1
us,66594968a8fca6ea85c9ac19,p1_s0_tl,MG_HIGH-US_LOW,1
us,66594968a8fca6ea85c9ac19,p10_s1_tr,MG_LOW-US_HIGH,1
us,66594968a8fca6ea85c9ac19,p5_s0_tl,MG_HIGH-US_HIGH,1
us,66594968a8fca6ea85c9ac19,p10_s1_tl,MG_LOW-US_HIGH,1
us,66594968a8fca6ea85c9ac19,p6_s1_tl,MG_LOW-US_LOW,1
us,66594968a8fca6ea85c9ac19,p5_s1_tr,MG_HIGH-US_HIGH,1
us,66594968a8fca6ea85c9ac19,p7_s1_tl,MG_LOW-US_LOW,1
us,66594968a8fca6ea85c9ac19,p0_s0_tl,MG_HIGH-US_LOW,1
us,66594968a8fca6ea85c9ac19,p8_s0_tr,MG_LOW-US_LOW,1
us,66594968a8fca6ea85c9ac19,p5_s0_tr,MG_HIGH-US_HIGH,1
us,66594968a8fca6ea85c9ac19,p7_s1_tr,MG_LOW-US_LOW,1
us,66594968a8fca6ea85c9ac19,p3_s1_tl,MG_HIGH-US_HIGH,1
us,66594968a8fca6ea85c9ac19,p4_s0_tr,MG_HIGH-US_HIGH,1
us,66594968a8fca6ea85c9ac19,p10_s0_tr,MG_LOW-US_HIGH,1
us,66594968a8fca6ea85c9ac19,p8_s1_tr,MG_LOW-US_LOW,1
us,66594968a8fca6ea85c9ac19,p1_s1_tl,MG_HIGH-US_LOW,1
us,66594968a8fca6ea85c9ac19,p9_s1_tl,MG_LOW-US_HIGH,1
us,66594968a8fca6ea85c9ac19,p4_s1_tl,MG_HIGH-US_HIGH,1
us,66594968a8fca6ea85c9ac19,p1_s0_tr,MG_HIGH-US_LOW,1
us,66594968a8fca6ea85c9ac19,p2_s1_tl,MG_HIGH-US_LOW,1
us,66594968a8fca6ea85c9ac19,p3_s0_tl,MG_HIGH-US_HIGH,1
us,66594968a8fca6ea85c9ac19,p8_s1_tl,MG_LOW-US_LOW,1
us,66594968a8fca6ea85c9ac19,p4_s1_tr,MG_HIGH-US_HIGH,1
us,66594968a8fca6ea85c9ac19,p0_s1_tr,MG_HIGH-US_LOW,1
us,66594968a8fca6ea85c9ac19,p6_s0_tr,MG_LOW-US_LOW,0
us,66594968a8fca6ea85c9ac19,p5_s1_tl,MG_HIGH-US_HIGH,1
us,66594968a8fca6ea85c9ac19,p1_s1_tr,MG_HIGH-US_LOW,1
us,66594968a8fca6ea85c9ac19,p11_s0_tr,MG_LOW-US_HIGH,1
us,66594968a8fca6ea85c9ac19,p4_s0_tl,MG_HIGH-US_HIGH,1
us,66594968a8fca6ea85c9ac19,p2_s1_tr,MG_HIGH-US_LOW,1
us,66594968a8fca6ea85c9ac19,p2_s0_tr,MG_HIGH-US_LOW,1
us,66594968a8fca6ea85c9ac19,p11_s1_tl,MG_LOW-US_HIGH,1
us,66594968a8fca6ea85c9ac19,p7_s0_tr,MG_LOW-US_LOW,1
us,66594968a8fca6ea85c9ac19,p6_s0_tr,MG_LOW-US_LOW,1
us,66594968a8fca6ea85c9ac19,p10_s1_tl,MG_LOW-US_HIGH,1
us,66594968a8fca6ea85c9ac19,p3_s1_tl,MG_HIGH-US_HIGH,1
us,66594968a8fca6ea85c9ac19,p0_s0_tl,MG_HIGH-US_LOW,1
us,66594968a8fca6ea85c9ac19,p7_s0_tr,MG_LOW-US_LOW,1
us,66594968a8fca6ea85c9ac19,p6_s0_tl,MG_LOW-US_LOW,0
us,66594968a8fca6ea85c9ac19,p3_s0_tl,MG_HIGH-US_HIGH,1
us,66594968a8fca6ea85c9ac19,p5_s1_tl,MG_HIGH-US_HIGH,1
us,66594968a8fca6ea85c9ac19,p9_s1_tr,MG_LOW-US_HIGH,1
us,66594968a8fca6ea85c9ac19,p5_s0_tl,MG_HIGH-US_HIGH,1
us,66594968a8fca6ea85c9ac19,p2_s0_tr,MG_HIGH-US_LOW,1
us,66594968a8fca6ea85c9ac19,p10_s0_tl,MG_LOW-US_HIGH,1
us,66594968a8fca6ea85c9ac19,p7_s1_tl,MG_LOW-US_LOW,1
us,66594968a8fca6ea85c9ac19,p4_s1_tr,MG_HIGH-US_HIGH,1
us,66594968a8fca6ea85c9ac19,p9_s0_tl,MG_LOW-US_HIGH,1
us,66594968a8fca6ea85c9ac19,p7_s1_tr,MG_LOW-US_LOW,1
us,66594968a8fca6ea85c9ac19,p3_s0_tr,MG_HIGH-US_HIGH,1
us,66594968a8fca6ea85c9ac19,p3_s1_tr,MG_HIGH-US_HIGH,1
us,66594968a8fca6ea85c9ac19,p4_s0_tl,MG_HIGH-US_HIGH,1
us,66594968a8fca6ea85c9ac19,p9_s1_tl,MG_LOW-US_HIGH,1
us,66594968a8fca6ea85c9ac19,p0_s1_tl,MG_HIGH-US_LOW,1
us,66594968a8fca6ea85c9ac19,p1_s1_tl,MG_HIGH-US_LOW,1
us,66594968a8fca6ea85c9ac19,p0_s0_tr,MG_HIGH-US_LOW,1
us,66594968a8fca6ea85c9ac19,p11_s0_tr,MG_LOW-US_HIGH,1
us,66594968a8fca6ea85c9ac19,p8_s0_tl,MG_LOW-US_LOW,1
us,66594968a8fca6ea85c9ac19,p11_s1_tl,MG_LOW-US_HIGH,1
us,66594968a8fca6ea85c9ac19,p1_s1_tr,MG_HIGH-US_LOW,1
us,66594968a8fca6ea85c9ac19,p5_s0_tr,MG_HIGH-US_HIGH,1
us,66594968a8fca6ea85c9ac19,p8_s1_tr,MG_LOW-US_LOW,1
us,66594968a8fca6ea85c9ac19,p8_s0_tr,MG_LOW-US_LOW,1
us,66594968a8fca6ea85c9ac19,p6_s1_tr,MG_LOW-US_LOW,1
us,66594968a8fca6ea85c9ac19,p1_s0_tr,MG_HIGH-US_LOW,1
us,66594968a8fca6ea85c9ac19,p8_s1_tl,MG_LOW-US_LOW,1
us,66594968a8fca6ea85c9ac19,p0_s1_tr,MG_HIGH-US_LOW,1
us,66594968a8fca6ea85c9ac19,p11_s0_tl,MG_LOW-US_HIGH,1
us,66594968a8fca6ea85c9ac19,p2_s1_tl,MG_HIGH-US_LOW,1
us,66594968a8fca6ea85c9ac19,p4_s0_tr,MG_HIGH-US_HIGH,1
us,66594968a8fca6ea85c9ac19,p10_s1_tr,MG_LOW-US_HIGH,1
us,66594968a8fca6ea85c9ac19,p1_s0_tl,MG_HIGH-US_LOW,1
us,66594968a8fca6ea85c9ac19,p5_s1_tr,MG_HIGH-US_HIGH,1
us,66594968a8fca6ea85c9ac19,p6_s1_tl,MG_LOW-US_LOW,1
us,66594968a8fca6ea85c9ac19,p10_s0_tr,MG_LOW-US_HIGH,1
us,66594968a8fca6ea85c9ac19,p11_s1_tr,MG_LOW-US_HIGH,1
us,66594968a8fca6ea85c9ac19,p4_s1_tl,MG_HIGH-US_HIGH,1
us,66594968a8fca6ea85c9ac19,p7_s0_tl,MG_LOW-US_LOW,1
us,66594968a8fca6ea85c9ac19,p9_s0_tr,MG_LOW-US_HIGH,1
us,66594968a8fca6ea85c9ac19,p2_s0_tl,MG_HIGH-US_LOW,1
us,66594968a8fca6ea85c9ac19,p2_s1_tr,MG_HIGH-US_LOW,1
us,66d67aa08e6caa907b2bf04b,p4_s0_tl,MG_HIGH-US_HIGH,1
us,66d67aa08e6caa907b2bf04b,p3_s1_tr,MG_HIGH-US_HIGH,1
us,66d67aa08e6caa907b2bf04b,p10_s1_tr,MG_LOW-US_HIGH,0
us,66d67aa08e6caa907b2bf04b,p3_s0_tr,MG_HIGH-US_HIGH,1
us,66d67aa08e6caa907b2bf04b,p6_s0_tr,MG_LOW-US_LOW,1
us,66d67aa08e6caa907b2bf04b,p7_s0_tl,MG_LOW-US_LOW,1
us,66d67aa08e6caa907b2bf04b,p6_s0_tl,MG_LOW-US_LOW,1
us,66d67aa08e6caa907b2bf04b,p8_s0_tl,MG_LOW-US_LOW,1
us,66d67aa08e6caa907b2bf04b,p2_s1_tr,MG_HIGH-US_LOW,1
us,66d67aa08e6caa907b2bf04b,p2_s1_tl,MG_HIGH-US_LOW,1
us,66d67aa08e6caa907b2bf04b,p7_s0_tr,MG_LOW-US_LOW,1
us,66d67aa08e6caa907b2bf04b,p3_s0_tl,MG_HIGH-US_HIGH,1
us,66d67aa08e6caa907b2bf04b,p2_s0_tr,MG_HIGH-US_LOW,1
us,66d67aa08e6caa907b2bf04b,p3_s1_tl,MG_HIGH-US_HIGH,1
us,66d67aa08e6caa907b2bf04b,p6_s1_tr,MG_LOW-US_LOW,0
us,66d67aa08e6caa907b2bf04b,p9_s1_tr,MG_LOW-US_HIGH,1
us,66d67aa08e6caa907b2bf04b,p8_s0_tr,MG_LOW-US_LOW,0
us,66d67aa08e6caa907b2bf04b,p1_s1_tl,MG_HIGH-US_LOW,1
us,66d67aa08e6caa907b2bf04b,p11_s1_tr,MG_LOW-US_HIGH,0
us,66d67aa08e6caa907b2bf04b,p4_s0_tr,MG_HIGH-US_HIGH,1
us,66d67aa08e6caa907b2bf04b,p10_s0_tr,MG_LOW-US_HIGH,0
us,66d67aa08e6caa907b2bf04b,p0_s1_tr,MG_HIGH-US_LOW,0
us,66d67aa08e6caa907b2bf04b,p5_s1_tr,MG_HIGH-US_HIGH,1
us,66d67aa08e6caa907b2bf04b,p4_s1_tr,MG_HIGH-US_HIGH,1
us,66d67aa08e6caa907b2bf04b,p10_s1_tl,MG_LOW-US_HIGH,0
us,66d67aa08e6caa907b2bf04b,p7_s1_tl,MG_LOW-US_LOW,1
us,66d67aa08e6caa907b2bf04b,p10_s0_tl,MG_LOW-US_HIGH,1
us,66d67aa08e6caa907b2bf04b,p5_s0_tl,MG_HIGH-US_HIGH,1
us,66d67aa08e6caa907b2bf04b,p1_s0_tl,MG_HIGH-US_LOW,1
us,66d67aa08e6caa907b2bf04b,p5_s1_tl,MG_HIGH-US_HIGH,1
us,66d67aa08e6caa907b2bf04b,p11_s0_tl,MG_LOW-US_HIGH,1
us,66d67aa08e6caa907b2bf04b,p11_s0_tr,MG_LOW-US_HIGH,1
us,66d67aa08e6caa907b2bf04b,p9_s1_tl,MG_LOW-US_HIGH,1
us,66d67aa08e6caa907b2bf04b,p0_s0_tl,MG_HIGH-US_LOW,0
us,66d67aa08e6caa907b2bf04b,p8_s1_tr,MG_LOW-US_LOW,0
us,66d67aa08e6caa907b2bf04b,p1_s0_tr,MG_HIGH-US_LOW,1
us,66d67aa08e6caa907b2bf04b,p8_s1_tl,MG_LOW-US_LOW,0
us,66d67aa08e6caa907b2bf04b,p7_s1_tr,MG_LOW-US_LOW,0
us,66d67aa08e6caa907b2bf04b,p9_s0_tr,MG_LOW-US_HIGH,1
us,66d67aa08e6caa907b2bf04b,p11_s1_tl,MG_LOW-US_HIGH,1
us,66d67aa08e6caa907b2bf04b,p0_s1_tl,MG_HIGH-US_LOW,0
us,66d67aa08e6caa907b2bf04b,p6_s1_tl,MG_LOW-US_LOW,1
us,66d67aa08e6caa907b2bf04b,p1_s1_tr,MG_HIGH-US_LOW,1
us,66d67aa08e6caa907b2bf04b,p5_s0_tr,MG_HIGH-US_HIGH,1
us,66d67aa08e6caa907b2bf04b,p2_s0_tl,MG_HIGH-US_LOW,1
us,66d67aa08e6caa907b2bf04b,p9_s0_tl,MG_LOW-US_HIGH,1
us,66d67aa08e6caa907b2bf04b,p4_s1_tl,MG_HIGH-US_HIGH,1
us,66d67aa08e6caa907b2bf04b,p0_s0_tr,MG_HIGH-US_LOW,1
us,66d67aa08e6caa907b2bf04b,p7_s1_tr,MG_LOW-US_LOW,0
us,66d67aa08e6caa907b2bf04b,p2_s1_tr,MG_HIGH-US_LOW,1
us,66d67aa08e6caa907b2bf04b,p0_s0_tr,MG_HIGH-US_LOW,0
us,66d67aa08e6caa907b2bf04b,p9_s1_tl,MG_LOW-US_HIGH,1
us,66d67aa08e6caa907b2bf04b,p8_s1_tl,MG_LOW-US_LOW,1
us,66d67aa08e6caa907b2bf04b,p10_s0_tl,MG_LOW-US_HIGH,0
us,66d67aa08e6caa907b2bf04b,p1_s0_tl,MG_HIGH-US_LOW,1
us,66d67aa08e6caa907b2bf04b,p4_s0_tr,MG_HIGH-US_HIGH,1
us,66d67aa08e6caa907b2bf04b,p3_s0_tl,MG_HIGH-US_HIGH,1
us,66d67aa08e6caa907b2bf04b,p6_s1_tl,MG_LOW-US_LOW,0
us,66d67aa08e6caa907b2bf04b,p2_s1_tl,MG_HIGH-US_LOW,1
us,66d67aa08e6caa907b2bf04b,p4_s1_tl,MG_HIGH-US_HIGH,1
us,66d67aa08e6caa907b2bf04b,p4_s1_tr,MG_HIGH-US_HIGH,1
us,66d67aa08e6caa907b2bf04b,p6_s0_tl,MG_LOW-US_LOW,0
us,66d67aa08e6caa907b2bf04b,p9_s1_tr,MG_LOW-US_HIGH,1
us,66d67aa08e6caa907b2bf04b,p9_s0_tl,MG_LOW-US_HIGH,1
us,66d67aa08e6caa907b2bf04b,p1_s1_tl,MG_HIGH-US_LOW,1
us,66d67aa08e6caa907b2bf04b,p2_s0_tl,MG_HIGH-US_LOW,1
us,66d67aa08e6caa907b2bf04b,p10_s1_tl,MG_LOW-US_HIGH,0
us,66d67aa08e6caa907b2bf04b,p1_s0_tr,MG_HIGH-US_LOW,1
us,66d67aa08e6caa907b2bf04b,p0_s0_tl,MG_HIGH-US_LOW,0
us,66d67aa08e6caa907b2bf04b,p6_s0_tr,MG_LOW-US_LOW,0
us,66d67aa08e6caa907b2bf04b,p10_s0_tr,MG_LOW-US_HIGH,1
us,66d67aa08e6caa907b2bf04b,p1_s1_tr,MG_HIGH-US_LOW,1
us,66d67aa08e6caa907b2bf04b,p7_s1_tl,MG_LOW-US_LOW,1
us,66d67aa08e6caa907b2bf04b,p3_s1_tl,MG_HIGH-US_HIGH,1
us,66d67aa08e6caa907b2bf04b,p3_s0_tr,MG_HIGH-US_HIGH,1
us,66d67aa08e6caa907b2bf04b,p9_s0_tr,MG_LOW-US_HIGH,1
us,66d67aa08e6caa907b2bf04b,p0_s1_tl,MG_HIGH-US_LOW,0
us,66d67aa08e6caa907b2bf04b,p11_s0_tr,MG_LOW-US_HIGH,1
us,66d67aa08e6caa907b2bf04b,p8_s1_tr,MG_LOW-US_LOW,0
us,66d67aa08e6caa907b2bf04b,p10_s1_tr,MG_LOW-US_HIGH,0
us,66d67aa08e6caa907b2bf04b,p7_s0_tl,MG_LOW-US_LOW,0
us,66d67aa08e6caa907b2bf04b,p3_s1_tr,MG_HIGH-US_HIGH,1
us,66d67aa08e6caa907b2bf04b,p7_s0_tr,MG_LOW-US_LOW,1
us,66d67aa08e6caa907b2bf04b,p5_s0_tl,MG_HIGH-US_HIGH,1
us,66d67aa08e6caa907b2bf04b,p6_s1_tr,MG_LOW-US_LOW,0
us,66d67aa08e6caa907b2bf04b,p8_s0_tl,MG_LOW-US_LOW,1
us,66d67aa08e6caa907b2bf04b,p2_s0_tr,MG_HIGH-US_LOW,1
us,66d67aa08e6caa907b2bf04b,p5_s0_tr,MG_HIGH-US_HIGH,1
us,66d67aa08e6caa907b2bf04b,p0_s1_tr,MG_HIGH-US_LOW,0
us,66d67aa08e6caa907b2bf04b,p11_s0_tl,MG_LOW-US_HIGH,1
us,66d67aa08e6caa907b2bf04b,p11_s1_tl,MG_LOW-US_HIGH,1
us,66d67aa08e6caa907b2bf04b,p8_s0_tr,MG_LOW-US_LOW,0
us,66d67aa08e6caa907b2bf04b,p4_s0_tl,MG_HIGH-US_HIGH,1
us,66d67aa08e6caa907b2bf04b,p11_s1_tr,MG_LOW-US_HIGH,1
us,66d67aa08e6caa907b2bf04b,p5_s1_tr,MG_HIGH-US_HIGH,1
us,66d67aa08e6caa907b2bf04b,p5_s1_tl,MG_HIGH-US_HIGH,1
us,66d67aa08e6caa907b2bf04b,p10_s1_tl,MG_LOW-US_HIGH,1
us,66d67aa08e6caa907b2bf04b,p5_s0_tr,MG_HIGH-US_HIGH,1
us,66d67aa08e6caa907b2bf04b,p2_s1_tr,MG_HIGH-US_LOW,1
us,66d67aa08e6caa907b2bf04b,p6_s1_tl,MG_LOW-US_LOW,0
us,66d67aa08e6caa907b2bf04b,p4_s1_tl,MG_HIGH-US_HIGH,1
us,66d67aa08e6caa907b2bf04b,p2_s0_tr,MG_HIGH-US_LOW,1
us,66d67aa08e6caa907b2bf04b,p3_s1_tl,MG_HIGH-US_HIGH,1
us,66d67aa08e6caa907b2bf04b,p9_s1_tl,MG_LOW-US_HIGH,1
us,66d67aa08e6caa907b2bf04b,p11_s0_tr,MG_LOW-US_HIGH,1
us,66d67aa08e6caa907b2bf04b,p0_s0_tr,MG_HIGH-US_LOW,0
us,66d67aa08e6caa907b2bf04b,p4_s0_tr,MG_HIGH-US_HIGH,1
us,66d67aa08e6caa907b2bf04b,p3_s0_tr,MG_HIGH-US_HIGH,1
us,66d67aa08e6caa907b2bf04b,p5_s0_tl,MG_HIGH-US_HIGH,1
us,66d67aa08e6caa907b2bf04b,p7_s1_tr,MG_LOW-US_LOW,1
us,66d67aa08e6caa907b2bf04b,p1_s0_tl,MG_HIGH-US_LOW,1
us,66d67aa08e6caa907b2bf04b,p0_s1_tr,MG_HIGH-US_LOW,0
us,66d67aa08e6caa907b2bf04b,p3_s1_tr,MG_HIGH-US_HIGH,1
us,66d67aa08e6caa907b2bf04b,p3_s0_tl,MG_HIGH-US_HIGH,1
us,66d67aa08e6caa907b2bf04b,p10_s0_tl,MG_LOW-US_HIGH,1
us,66d67aa08e6caa907b2bf04b,p1_s1_tl,MG_HIGH-US_LOW,1
us,66d67aa08e6caa907b2bf04b,p4_s0_tl,MG_HIGH-US_HIGH,1
us,66d67aa08e6caa907b2bf04b,p7_s1_tl,MG_LOW-US_LOW,0
us,66d67aa08e6caa907b2bf04b,p7_s0_tr,MG_LOW-US_LOW,1
us,66d67aa08e6caa907b2bf04b,p11_s1_tl,MG_LOW-US_HIGH,1
us,66d67aa08e6caa907b2bf04b,p8_s1_tr,MG_LOW-US_LOW,0
us,66d67aa08e6caa907b2bf04b,p4_s1_tr,MG_HIGH-US_HIGH,1
us,66d67aa08e6caa907b2bf04b,p2_s1_tl,MG_HIGH-US_LOW,1
us,66d67aa08e6caa907b2bf04b,p10_s1_tr,MG_LOW-US_HIGH,1
us,66d67aa08e6caa907b2bf04b,p5_s1_tr,MG_HIGH-US_HIGH,1
us,66d67aa08e6caa907b2bf04b,p5_s1_tl,MG_HIGH-US_HIGH,1
us,66d67aa08e6caa907b2bf04b,p1_s0_tr,MG_HIGH-US_LOW,1
us,66d67aa08e6caa907b2bf04b,p9_s0_tl,MG_LOW-US_HIGH,1
us,66d67aa08e6caa907b2bf04b,p6_s0_tl,MG_LOW-US_LOW,0
us,66d67aa08e6caa907b2bf04b,p0_s1_tl,MG_HIGH-US_LOW,1
us,66d67aa08e6caa907b2bf04b,p11_s1_tr,MG_LOW-US_HIGH,1
us,66d67aa08e6caa907b2bf04b,p2_s0_tl,MG_HIGH-US_LOW,1
us,66d67aa08e6caa907b2bf04b,p9_s0_tr,MG_LOW-US_HIGH,1
us,66d67aa08e6caa907b2bf04b,p8_s0_tl,MG_LOW-US_LOW,0
us,66d67aa08e6caa907b2bf04b,p8_s0_tr,MG_LOW-US_LOW,0
us,66d67aa08e6caa907b2bf04b,p6_s0_tr,MG_LOW-US_LOW,1
us,66d67aa08e6caa907b2bf04b,p6_s1_tr,MG_LOW-US_LOW,0
us,66d67aa08e6caa907b2bf04b,p10_s0_tr,MG_LOW-US_HIGH,1
us,66d67aa08e6caa907b2bf04b,p8_s1_tl,MG_LOW-US_LOW,1
us,66d67aa08e6caa907b2bf04b,p9_s1_tr,MG_LOW-US_HIGH,1
us,66d67aa08e6caa907b2bf04b,p11_s0_tl,MG_LOW-US_HIGH,1
us,66d67aa08e6caa907b2bf04b,p1_s1_tr,MG_HIGH-US_LOW,1
us,66d67aa08e6caa907b2bf04b,p0_s0_tl,MG_HIGH-US_LOW,0
us,66d67aa08e6caa907b2bf04b,p7_s0_tl,MG_LOW-US_LOW,1
us,69698037e442102b583983c0,p2_s0_tl,MG_HIGH-US_LOW,0
us,69698037e442102b583983c0,p2_s1_tr,MG_HIGH-US_LOW,0
us,69698037e442102b583983c0,p9_s0_tl,MG_LOW-US_HIGH,1
us,69698037e442102b583983c0,p5_s1_tr,MG_HIGH-US_HIGH,1
us,69698037e442102b583983c0,p0_s0_tr,MG_HIGH-US_LOW,1
us,69698037e442102b583983c0,p2_s1_tl,MG_HIGH-US_LOW,0
us,69698037e442102b583983c0,p5_s0_tr,MG_HIGH-US_HIGH,1
us,69698037e442102b583983c0,p6_s1_tr,MG_LOW-US_LOW,1
us,69698037e442102b583983c0,p0_s1_tr,MG_HIGH-US_LOW,1
us,69698037e442102b583983c0,p8_s0_tl,MG_LOW-US_LOW,1
us,69698037e442102b583983c0,p1_s1_tl,MG_HIGH-US_LOW,0
us,69698037e442102b583983c0,p10_s0_tl,MG_LOW-US_HIGH,1
us,69698037e442102b583983c0,p7_s0_tl,MG_LOW-US_LOW,1
us,69698037e442102b583983c0,p3_s0_tr,MG_HIGH-US_HIGH,1
us,69698037e442102b583983c0,p8_s0_tr,MG_LOW-US_LOW,1
us,69698037e442102b583983c0,p10_s1_tl,MG_LOW-US_HIGH,1
us,69698037e442102b583983c0,p0_s1_tl,MG_HIGH-US_LOW,1
us,69698037e442102b583983c0,p6_s0_tr,MG_LOW-US_LOW,1
us,69698037e442102b583983c0,p9_s1_tl,MG_LOW-US_HIGH,1
us,69698037e442102b583983c0,p3_s1_tr,MG_HIGH-US_HIGH,1
us,69698037e442102b583983c0,p11_s0_tr,MG_LOW-US_HIGH,1
us,69698037e442102b583983c0,p11_s1_tr,MG_LOW-US_HIGH,1
us,69698037e442102b583983c0,p9_s1_tr,MG_LOW-US_HIGH,1
us,69698037e442102b583983c0,p8_s1_tl,MG_LOW-US_LOW,1
us,69698037e442102b583983c0,p1_s0_tl,MG_HIGH-US_LOW,0
us,69698037e442102b583983c0,p4_s0_tl,MG_HIGH-US_HIGH,1
us,69698037e442102b583983c0,p0_s0_tl,MG_HIGH-US_LOW,1
us,69698037e442102b583983c0,p3_s0_tl,MG_HIGH-US_HIGH,1
us,69698037e442102b583983c0,p1_s0_tr,MG_HIGH-US_LOW,0
us,69698037e442102b583983c0,p7_s1_tr,MG_LOW-US_LOW,1
us,69698037e442102b583983c0,p11_s1_tl,MG_LOW-US_HIGH,1
us,69698037e442102b583983c0,p5_s1_tl,MG_HIGH-US_HIGH,1
us,69698037e442102b583983c0,p1_s1_tr,MG_HIGH-US_LOW,1
us,69698037e442102b583983c0,p11_s0_tl,MG_LOW-US_HIGH,1
us,69698037e442102b583983c0,p6_s1_tl,MG_LOW-US_LOW,1
us,69698037e442102b583983c0,p10_s1_tr,MG_LOW-US_HIGH,1
us,69698037e442102b583983c0,p5_s0_tl,MG_HIGH-US_HIGH,1
us,69698037e442102b583983c0,p4_s1_tr,MG_HIGH-US_HIGH,1
us,69698037e442102b583983c0,p4_s0_tr,MG_HIGH-US_HIGH,1
us,69698037e442102b583983c0,p6_s0_tl,MG_LOW-US_LOW,1
us,69698037e442102b583983c0,p7_s0_tr,MG_LOW-US_LOW,1
us,69698037e442102b583983c0,p7_s1_tl,MG_LOW-US_LOW,1
us,69698037e442102b583983c0,p4_s1_tl,MG_HIGH-US_HIGH,1
us,69698037e442102b583983c0,p8_s1_tr,MG_LOW-US_LOW,1
us,69698037e442102b583983c0,p2_s0_tr,MG_HIGH-US_LOW,0
us,69698037e442102b583983c0,p9_s0_tr,MG_LOW-US_HIGH,1
us,69698037e442102b583983c0,p10_s0_tr,MG_LOW-US_HIGH,1
us,69698037e442102b583983c0,p3_s1_tl,MG_HIGH-US_HIGH,1
us,69698037e442102b583983c0,p11_s1_tl,MG_LOW-US_HIGH,1
us,69698037e442102b583983c0,p10_s1_tl,MG_LOW-US_HIGH,1
us,69698037e442102b583983c0,p5_s1_tr,MG_HIGH-US_HIGH,1
us,69698037e442102b583983c0,p1_s0_tr,MG_HIGH-US_LOW,0
us,69698037e442102b583983c0,p4_s1_tr,MG_HIGH-US_HIGH,1
us,69698037e442102b583983c0,p7_s0_tl,MG_LOW-US_LOW,1
us,69698037e442102b583983c0,p5_s1_tl,MG_HIGH-US_HIGH,1
us,69698037e442102b583983c0,p1_s0_tl,MG_HIGH-US_LOW,1
us,69698037e442102b583983c0,p4_s0_tl,MG_HIGH-US_HIGH,1
us,69698037e442102b583983c0,p0_s0_tl,MG_HIGH-US_LOW,1
us,69698037e442102b583983c0,p6_s0_tr,MG_LOW-US_LOW,1
us,69698037e442102b583983c0,p3_s1_tr,MG_HIGH-US_HIGH,1
us,69698037e442102b583983c0,p8_s1_tl,MG_LOW-US_LOW,1
us,69698037e442102b583983c0,p11_s0_tr,MG_LOW-US_HIGH,1
us,69698037e442102b583983c0,p6_s1_tr,MG_LOW-US_LOW,1
us,69698037e442102b583983c0,p2_s0_tl,MG_HIGH-US_LOW,0
us,69698037e442102b583983c0,p4_s0_tr,MG_HIGH-US_HIGH,1
us,69698037e442102b583983c0,p7_s0_tr,MG_LOW-US_LOW,1
us,69698037e442102b583983c0,p0_s0_tr,MG_HIGH-US_LOW,1
us,69698037e442102b583983c0,p11_s0_tl,MG_LOW-US_HIGH,1
us,69698037e442102b583983c0,p1_s1_tl,MG_HIGH-US_LOW,0
us,69698037e442102b583983c0,p0_s1_tl,MG_HIGH-US_LOW,1
us,69698037e442102b583983c0,p9_s0_tr,MG_LOW-US_HIGH,1
us,69698037e442102b583983c0,p10_s0_tr,MG_LOW-US_HIGH,1
us,69698037e442102b583983c0,p3_s1_tl,MG_HIGH-US_HIGH,1
us,69698037e442102b583983c0,p4_s1_tl,MG_HIGH-US_HIGH,1
us,69698037e442102b583983c0,p3_s0_tr,MG_HIGH-US_HIGH,1
us,69698037e442102b583983c0,p8_s0_tl,MG_LOW-US_LOW,1
us,69698037e442102b583983c0,p9_s1_tl,MG_LOW-US_HIGH,1
us,69698037e442102b583983c0,p10_s1_tr,MG_LOW-US_HIGH,1
us,69698037e442102b583983c0,p11_s1_tr,MG_LOW-US_HIGH,1
us,69698037e442102b583983c0,p1_s1_tr,MG_HIGH-US_LOW,1
us,69698037e442102b583983c0,p2_s1_tl,MG_HIGH-US_LOW,0
us,69698037e442102b583983c0,p7_s1_tl,MG_LOW-US_LOW,1
us,69698037e442102b583983c0,p6_s1_tl,MG_LOW-US_LOW,1
us,69698037e442102b583983c0,p6_s0_tl,MG_LOW-US_LOW,1
us,69698037e442102b583983c0,p5_s0_tl,MG_HIGH-US_HIGH,1
us,69698037e442102b583983c0,p9_s0_tl,MG_LOW-US_HIGH,1
us,69698037e442102b583983c0,p2_s0_tr,MG_HIGH-US_LOW,0
us,69698037e442102b583983c0,p10_s0_tl,MG_LOW-US_HIGH,1
us,69698037e442102b583983c0,p0_s1_tr,MG_HIGH-US_LOW,1
us,69698037e442102b583983c0,p7_s1_tr,MG_LOW-US_LOW,1
us,69698037e442102b583983c0,p8_s0_tr,MG_LOW-US_LOW,1
us,69698037e442102b583983c0,p2_s1_tr,MG_HIGH-US_LOW,0
us,69698037e442102b583983c0,p8_s1_tr,MG_LOW-US_LOW,1
us,69698037e442102b583983c0,p9_s1_tr,MG_LOW-US_HIGH,1
us,69698037e442102b583983c0,p5_s0_tr,MG_HIGH-US_HIGH,1
us,69698037e442102b583983c0,p3_s0_tl,MG_HIGH-US_HIGH,1
us,69698037e442102b583983c0,p2_s0_tr,MG_HIGH-US_LOW,0
us,69698037e442102b583983c0,p4_s1_tr,MG_HIGH-US_HIGH,1
us,69698037e442102b583983c0,p3_s1_tl,MG_HIGH-US_HIGH,1
us,69698037e442102b583983c0,p6_s1_tl,MG_LOW-US_LOW,1
us,69698037e442102b583983c0,p11_s0_tl,MG_LOW-US_HIGH,1
us,69698037e442102b583983c0,p0_s1_tl,MG_HIGH-US_LOW,1
us,69698037e442102b583983c0,p5_s0_tl,MG_HIGH-US_HIGH,1
us,69698037e442102b583983c0,p4_s1_tl,MG_HIGH-US_HIGH,1
us,69698037e442102b583983c0,p0_s1_tr,MG_HIGH-US_LOW,0
us,69698037e442102b583983c0,p10_s1_tl,MG_LOW-US_HIGH,1
us,69698037e442102b583983c0,p9_s1_tl,MG_LOW-US_HIGH,1
us,69698037e442102b583983c0,p6_s1_tr,MG_LOW-US_LOW,1
us,69698037e442102b583983c0,p0_s0_tl,MG_HIGH-US_LOW,1
us,69698037e442102b583983c0,p6_s0_tl,MG_LOW-US_LOW,1
us,69698037e442102b583983c0,p6_s0_tr,MG_LOW-US_LOW,1
us,69698037e442102b583983c0,p5_s1_tl,MG_HIGH-US_HIGH,1
us,69698037e442102b583983c0,p5_s1_tr,MG_HIGH-US_HIGH,1
us,69698037e442102b583983c0,p3_s1_tr,MG_HIGH-US_HIGH,1
us,69698037e442102b583983c0,p11_s1_tl,MG_LOW-US_HIGH,1
us,69698037e442102b583983c0,p7_s0_tr,MG_LOW-US_LOW,1
us,69698037e442102b583983c0,p10_s1_tr,MG_LOW-US_HIGH,1
us,69698037e442102b583983c0,p7_s0_tl,MG_LOW-US_LOW,1
us,69698037e442102b583983c0,p7_s1_tl,MG_LOW-US_LOW,1
us,69698037e442102b583983c0,p0_s0_tr,MG_HIGH-US_LOW,1
us,69698037e442102b583983c0,p1_s1_tl,MG_HIGH-US_LOW,0
us,69698037e442102b583983c0,p1_s0_tr,MG_HIGH-US_LOW,0
us,69698037e442102b583983c0,p4_s0_tl,MG_HIGH-US_HIGH,1
us,69698037e442102b583983c0,p5_s0_tr,MG_HIGH-US_HIGH,1
us,69698037e442102b583983c0,p1_s1_tr,MG_HIGH-US_LOW,0
us,69698037e442102b583983c0,p4_s0_tr,MG_HIGH-US_HIGH,1
us,69698037e442102b583983c0,p7_s1_tr,MG_LOW-US_LOW,1
us,69698037e442102b583983c0,p10_s0_tl,MG_LOW-US_HIGH,1
us,69698037e442102b583983c0,p9_s1_tr,MG_LOW-US_HIGH,1
us,69698037e442102b583983c0,p8_s1_tl,MG_LOW-US_LOW,1
us,69698037e442102b583983c0,p3_s0_tr,MG_HIGH-US_HIGH,1
us,69698037e442102b583983c0,p8_s0_tl,MG_LOW-US_LOW,1
us,69698037e442102b583983c0,p9_s0_tr,MG_LOW-US_HIGH,1
us,69698037e442102b583983c0,p3_s0_tl,MG_HIGH-US_HIGH,1
us,69698037e442102b583983c0,p2_s1_tl,MG_HIGH-US_LOW,0
us,69698037e442102b583983c0,p8_s1_tr,MG_LOW-US_LOW,1
us,69698037e442102b583983c0,p8_s0_tr,MG_LOW-US_LOW,1
us,69698037e442102b583983c0,p2_s1_tr,MG_HIGH-US_LOW,0
us,69698037e442102b583983c0,p11_s0_tr,MG_LOW-US_HIGH,1
us,69698037e442102b583983c0,p10_s0_tr,MG_LOW-US_HIGH,1
us,69698037e442102b583983c0,p9_s0_tl,MG_LOW-US_HIGH,1
us,69698037e442102b583983c0,p1_s0_tl,MG_HIGH-US_LOW,0
us,69698037e442102b583983c0,p11_s1_tr,MG_LOW-US_HIGH,1
us,69698037e442102b583983c0,p2_s0_tl,MG_HIGH-US_LOW,0
us,698a83c18e2796e0c943f91e,p7_s0_tl,MG_LOW-US_LOW,1
us,698a83c18e2796e0c943f91e,p5_s1_tr,MG_HIGH-US_HIGH,1
us,698a83c18e2796e0c943f91e,p2_s0_tl,MG_HIGH-US_LOW,0
us,698a83c18e2796e0c943f91e,p6_s0_tl,MG_LOW-US_LOW,0
us,698a83c18e2796e0c943f91e,p11_s0_tl,MG_LOW-US_HIGH,1
us,698a83c18e2796e0c943f91e,p4_s1_tl,MG_HIGH-US_HIGH,1
us,698a83c18e2796e0c943f91e,p11_s0_tr,MG_LOW-US_HIGH,1
us,698a83c18e2796e0c943f91e,p6_s1_tl,MG_LOW-US_LOW,1
us,698a83c18e2796e0c943f91e,p10_s0_tr,MG_LOW-US_HIGH,1
us,698a83c18e2796e0c943f91e,p0_s0_tr,MG_HIGH-US_LOW,1
us,698a83c18e2796e0c943f91e,p11_s1_tl,MG_LOW-US_HIGH,1
us,698a83c18e2796e0c943f91e,p9_s1_tr,MG_LOW-US_HIGH,0
us,698a83c18e2796e0c943f91e,p8_s1_tr,MG_LOW-US_LOW,0
us,698a83c18e2796e0c943f91e,p4_s0_tl,MG_HIGH-US_HIGH,1
us,698a83c18e2796e0c943f91e,p4_s1_tr,MG_HIGH-US_HIGH,1
us,698a83c18e2796e0c943f91e,p10_s0_tl,MG_LOW-US_HIGH,1
us,698a83c18e2796e0c943f91e,p7_s1_tl,MG_LOW-US_LOW,0
us,698a83c18e2796e0c943f91e,p3_s1_tr,MG_HIGH-US_HIGH,0
us,698a83c18e2796e0c943f91e,p10_s1_tl,MG_LOW-US_HIGH,1
us,698a83c18e2796e0c943f91e,p6_s1_tr,MG_LOW-US_LOW,0
us,698a83c18e2796e0c943f91e,p2_s1_tl,MG_HIGH-US_LOW,1
us,698a83c18e2796e0c943f91e,p9_s1_tl,MG_LOW-US_HIGH,0
us,698a83c18e2796e0c943f91e,p1_s0_tl,MG_HIGH-US_LOW,1
us,698a83c18e2796e0c943f91e,p9_s0_tr,MG_LOW-US_HIGH,1
us,698a83c18e2796e0c943f91e,p2_s0_tr,MG_HIGH-US_LOW,1
us,698a83c18e2796e0c943f91e,p5_s1_tl,MG_HIGH-US_HIGH,1
us,698a83c18e2796e0c943f91e,p5_s0_tl,MG_HIGH-US_HIGH,1
us,698a83c18e2796e0c943f91e,p6_s0_tr,MG_LOW-US_LOW,0
us,698a83c18e2796e0c943f91e,p9_s0_tl,MG_LOW-US_HIGH,1
us,698a83c18e2796e0c943f91e,p7_s1_tr,MG_LOW-US_LOW,1
us,698a83c18e2796e0c943f91e,p7_s0_tr,MG_LOW-US_LOW,1
us,698a83c18e2796e0c943f91e,p8_s1_tl,MG_LOW-US_LOW,0
us,698a83c18e2796e0c943f91e,p11_s1_tr,MG_LOW-US_HIGH,1
us,698a83c18e2796e0c943f91e,p0_s1_tl,MG_HIGH-US_LOW,0
us,698a83c18e2796e0c943f91e,p1_s0_tr,MG_HIGH-US_LOW,1
us,698a83c18e2796e0c943f91e,p1_s1_tr,MG_HIGH-US_LOW,1
us,698a83c18e2796e0c943f91e,p3_s0_tl,MG_HIGH-US_HIGH,0
us,698a83c18e2796e0c943f91e,p3_s0_tr,MG_HIGH-US_HIGH,0
us,698a83c18e2796e0c943f91e,p4_s0_tr,MG_HIGH-US_HIGH,1
us,698a83c18e2796e0c943f91e,p10_s1_tr,MG_LOW-US_HIGH,1
us,698a83c18e2796e0c943f91e,p8_s0_tl,MG_LOW-US_LOW,0
us,698a83c18e2796e0c943f91e,p0_s1_tr,MG_HIGH-US_LOW,0
us,698a83c18e2796e0c943f91e,p8_s0_tr,MG_LOW-US_LOW,0
us,698a83c18e2796e0c943f91e,p5_s0_tr,MG_HIGH-US_HIGH,1
us,698a83c18e2796e0c943f91e,p2_s1_tr,MG_HIGH-US_LOW,0
us,698a83c18e2796e0c943f91e,p0_s0_tl,MG_HIGH-US_LOW,0
us,698a83c18e2796e0c943f91e,p1_s1_tl,MG_HIGH-US_LOW,1
us,698a83c18e2796e0c943f91e,p3_s1_tl,MG_HIGH-US_HIGH,0
us,698a83c18e2796e0c943f91e,p1_s0_tl,MG_HIGH-US_LOW,1
us,698a83c18e2796e0c943f91e,p4_s0_tl,MG_HIGH-US_HIGH,1
us,698a83c18e2796e0c943f91e,p0_s0_tr,MG_HIGH-US_LOW,0
us,698a83c18e2796e0c943f91e,p5_s0_tl,MG_HIGH-US_HIGH,1
us,698a83c18e2796e0c943f91e,p0_s0_tl,MG_HIGH-US_LOW,0
us,698a83c18e2796e0c943f91e,p2_s0_tl,MG_HIGH-US_LOW,0
us,698a83c18e2796e0c943f91e,p4_s0_tr,MG_HIGH-US_HIGH,1
us,698a83c18e2796e0c943f91e,p7_s0_tl,MG_LOW-US_LOW,1
us,698a83c18e2796e0c943f91e,p3_s1_tr,MG_HIGH-US_HIGH,0
us,698a83c18e2796e0c943f91e,p4_s1_tl,MG_HIGH-US_HIGH,1
us,698a83c18e2796e0c943f91e,p7_s0_tr,MG_LOW-US_LOW,0
us,698a83c18e2796e0c943f91e,p9_s0_tl,MG_LOW-US_HIGH,1
us,698a83c18e2796e0c943f91e,p3_s1_tl,MG_HIGH-US_HIGH,0
us,698a83c18e2796e0c943f91e,p10_s0_tr,MG_LOW-US_HIGH,1
us,698a83c18e2796e0c943f91e,p5_s0_tr,MG_HIGH-US_HIGH,1
us,698a83c18e2796e0c943f91e,p6_s0_tr,MG_LOW-US_LOW,1
us,698a83c18e2796e0c943f91e,p0_s1_tl,MG_HIGH-US_LOW,0
us,698a83c18e2796e0c943f91e,p1_s1_tl,MG_HIGH-US_LOW,0
us,698a83c18e2796e0c943f91e,p9_s1_tr,MG_LOW-US_HIGH,1
us,698a83c18e2796e0c943f91e,p4_s1_tr,MG_HIGH-US_HIGH,1
us,698a83c18e2796e0c943f91e,p9_s1_tl,MG_LOW-US_HIGH,1
us,698a83c18e2796e0c943f91e,p10_s1_tl,MG_LOW-US_HIGH,0
us,698a83c18e2796e0c943f91e,p0_s1_tr,MG_HIGH-US_LOW,0
us,698a83c18e2796e0c943f91e,p1_s0_tr,MG_HIGH-US_LOW,0
us,698a83c18e2796e0c943f91e,p8_s1_tl,MG_LOW-US_LOW,1
us,698a83c18e2796e0c943f91e,p7_s1_tl,MG_LOW-US_LOW,1
us,698a83c18e2796e0c943f91e,p10_s0_tl,MG_LOW-US_HIGH,0
us,698a83c18e2796e0c943f91e,p9_s0_tr,MG_LOW-US_HIGH,1
us,698a83c18e2796e0c943f91e,p11_s1_tl,MG_LOW-US_HIGH,0
us,698a83c18e2796e0c943f91e,p6_s0_tl,MG_LOW-US_LOW,1
us,698a83c18e2796e0c943f91e,p2_s1_tr,MG_HIGH-US_LOW,0
us,698a83c18e2796e0c943f91e,p11_s1_tr,MG_LOW-US_HIGH,0
us,698a83c18e2796e0c943f91e,p5_s1_tl,MG_HIGH-US_HIGH,1
us,698a83c18e2796e0c943f91e,p3_s0_tr,MG_HIGH-US_HIGH,0
us,698a83c18e2796e0c943f91e,p8_s0_tr,MG_LOW-US_LOW,0
us,698a83c18e2796e0c943f91e,p7_s1_tr,MG_LOW-US_LOW,0
us,698a83c18e2796e0c943f91e,p1_s1_tr,MG_HIGH-US_LOW,1
us,698a83c18e2796e0c943f91e,p11_s0_tr,MG_LOW-US_HIGH,1
us,698a83c18e2796e0c943f91e,p8_s1_tr,MG_LOW-US_LOW,0
us,698a83c18e2796e0c943f91e,p2_s0_tr,MG_HIGH-US_LOW,1
us,698a83c18e2796e0c943f91e,p2_s1_tl,MG_HIGH-US_LOW,1
us,698a83c18e2796e0c943f91e,p6_s1_tl,MG_LOW-US_LOW,1
us,698a83c18e2796e0c943f91e,p5_s1_tr,MG_HIGH-US_HIGH,1
us,698a83c18e2796e0c943f91e,p11_s0_tl,MG_LOW-US_HIGH,1
us,698a83c18e2796e0c943f91e,p10_s1_tr,MG_LOW-US_HIGH,0
us,698a83c18e2796e0c943f91e,p3_s0_tl,MG_HIGH-US_HIGH,0
us,698a83c18e2796e0c943f91e,p8_s0_tl,MG_LOW-US_LOW,0
us,698a83c18e2796e0c943f91e,p6_s1_tr,MG_LOW-US_LOW,0
us,698a83c18e2796e0c943f91e,p2_s0_tr,MG_HIGH-US_LOW,1
us,698a83c18e2796e0c943f91e,p2_s0_tl,MG_HIGH-US_LOW,0
us,698a83c18e2796e0c943f91e,p0_s0_tr,MG_HIGH-US_LOW,0
us,698a83c18e2796e0c943f91e,p8_s0_tl,MG_LOW-US_LOW,0
us,698a83c18e2796e0c943f91e,p4_s1_tr,MG_HIGH-US_HIGH,1
us,698a83c18e2796e0c943f91e,p5_s1_tl,MG_HIGH-US_HIGH,1
us,698a83c18e2796e0c943f91e,p3_s0_tr,MG_HIGH-US_HIGH,0
us,698a83c18e2796e0c943f91e,p10_s0_tl,MG_LOW-US_HIGH,1
us,698a83c18e2796e0c943f91e,p7_s1_tl,MG_LOW-US_LOW,1
us,698a83c18e2796e0c943f91e,p4_s1_tl,MG_HIGH-US_HIGH,1
us,698a83c18e2796e0c943f91e,p9_s0_tl,MG_LOW-US_HIGH,1
us,698a83c18e2796e0c943f91e,p2_s1_tl,MG_HIGH-US_LOW,1
us,698a83c18e2796e0c943f91e,p10_s1_tl,MG_LOW-US_HIGH,1
us,698a83c18e2796e0c943f91e,p0_s1_tl,MG_HIGH-US_LOW,0
us,698a83c18e2796e0c943f91e,p5_s1_tr,MG_HIGH-US_HIGH,1
us,698a83c18e2796e0c943f91e,p8_s1_tl,MG_LOW-US_LOW,1
us,698a83c18e2796e0c943f91e,p3_s0_tl,MG_HIGH-US_HIGH,0
us,698a83c18e2796e0c943f91e,p7_s0_tr,MG_LOW-US_LOW,1
us,698a83c18e2796e0c943f91e,p7_s0_tl,MG_LOW-US_LOW,1
us,698a83c18e2796e0c943f91e,p2_s1_tr,MG_HIGH-US_LOW,1
us,698a83c18e2796e0c943f91e,p5_s0_tl,MG_HIGH-US_HIGH,1
us,698a83c18e2796e0c943f91e,p9_s0_tr,MG_LOW-US_HIGH,1
us,698a83c18e2796e0c943f91e,p1_s1_tl,MG_HIGH-US_LOW,1
us,698a83c18e2796e0c943f91e,p9_s1_tr,MG_LOW-US_HIGH,1
us,698a83c18e2796e0c943f91e,p3_s1_tl,MG_HIGH-US_HIGH,0
us,698a83c18e2796e0c943f91e,p6_s0_tr,MG_LOW-US_LOW,1
us,698a83c18e2796e0c943f91e,p1_s1_tr,MG_HIGH-US_LOW,1
us,698a83c18e2796e0c943f91e,p3_s1_tr,MG_HIGH-US_HIGH,0
us,698a83c18e2796e0c943f91e,p11_s1_tl,MG_LOW-US_HIGH,0
us,698a83c18e2796e0c943f91e,p1_s0_tr,MG_HIGH-US_LOW,1
us,698a83c18e2796e0c943f91e,p10_s0_tr,MG_LOW-US_HIGH,1
us,698a83c18e2796e0c943f91e,p10_s1_tr,MG_LOW-US_HIGH,1
us,698a83c18e2796e0c943f91e,p1_s0_tl,MG_HIGH-US_LOW,1
us,698a83c18e2796e0c943f91e,p4_s0_tr,MG_HIGH-US_HIGH,1
us,698a83c18e2796e0c943f91e,p0_s0_tl,MG_HIGH-US_LOW,0
us,698a83c18e2796e0c943f91e,p6_s0_tl,MG_LOW-US_LOW,1
us,698a83c18e2796e0c943f91e,p9_s1_tl,MG_LOW-US_HIGH,0
us,698a83c18e2796e0c943f91e,p7_s1_tr,MG_LOW-US_LOW,1
us,698a83c18e2796e0c943f91e,p8_s1_tr,MG_LOW-US_LOW,0
us,698a83c18e2796e0c943f91e,p11_s1_tr,MG_LOW-US_HIGH,1
us,698a83c18e2796e0c943f91e,p6_s1_tr,MG_LOW-US_LOW,1
us,698a83c18e2796e0c943f91e,p6_s1_tl,MG_LOW-US_LOW,1
us,698a83c18e2796e0c943f91e,p8_s0_tr,MG_LOW-US_LOW,0
us,698a83c18e2796e0c943f91e,p0_s1_tr,MG_HIGH-US_LOW,0
us,698a83c18e2796e0c943f91e,p4_s0_tl,MG_HIGH-US_HIGH,1
us,698a83c18e2796e0c943f91e,p5_s0_tr,MG_HIGH-US_HIGH,1
us,698a83c18e2796e0c943f91e,p11_s0_tl,MG_LOW-US_HIGH,0
us,698a83c18e2796e0c943f91e,p11_s0_tr,MG_LOW-US_HIGH,0
us,698d335b438faf3e936f9e4f,p0_s1_tr,MG_HIGH-US_LOW,1
us,698d335b438faf3e936f9e4f,p7_s0_tr,MG_LOW-US_LOW,1
us,698d335b438faf3e936f9e4f,p9_s0_tl,MG_LOW-US_HIGH,1
us,698d335b438faf3e936f9e4f,p11_s1_tl,MG_LOW-US_HIGH,1
us,698d335b438faf3e936f9e4f,p6_s0_tr,MG_LOW-US_LOW,1
us,698d335b438faf3e936f9e4f,p0_s1_tl,MG_HIGH-US_LOW,0
us,698d335b438faf3e936f9e4f,p10_s1_tr,MG_LOW-US_HIGH,1
us,698d335b438faf3e936f9e4f,p9_s1_tl,MG_LOW-US_HIGH,1
us,698d335b438faf3e936f9e4f,p2_s1_tl,MG_HIGH-US_LOW,1
us,698d335b438faf3e936f9e4f,p4_s1_tl,MG_HIGH-US_HIGH,1
us,698d335b438faf3e936f9e4f,p5_s0_tl,MG_HIGH-US_HIGH,0
us,698d335b438faf3e936f9e4f,p6_s1_tr,MG_LOW-US_LOW,1
us,698d335b438faf3e936f9e4f,p3_s1_tr,MG_HIGH-US_HIGH,1
us,698d335b438faf3e936f9e4f,p5_s1_tl,MG_HIGH-US_HIGH,0
us,698d335b438faf3e936f9e4f,p4_s0_tl,MG_HIGH-US_HIGH,0
us,698d335b438faf3e936f9e4f,p0_s0_tl,MG_HIGH-US_LOW,0
us,698d335b438faf3e936f9e4f,p1_s1_tr,MG_HIGH-US_LOW,0
us,698d335b438faf3e936f9e4f,p10_s0_tl,MG_LOW-US_HIGH,0
us,698d335b438faf3e936f9e4f,p11_s0_tr,MG_LOW-US_HIGH,1
us,698d335b438faf3e936f9e4f,p11_s1_tr,MG_LOW-US_HIGH,1
us,698d335b438faf3e936f9e4f,p5_s1_tr,MG_HIGH-US_HIGH,0
us,698d335b438faf3e936f9e4f,p1_s0_tl,MG_HIGH-US_LOW,1
us,698d335b438faf3e936f9e4f,p5_s0_tr,MG_HIGH-US_HIGH,0
us,698d335b438faf3e936f9e4f,p8_s1_tl,MG_LOW-US_LOW,0
us,698d335b438faf3e936f9e4f,p4_s0_tr,MG_HIGH-US_HIGH,1
us,698d335b438faf3e936f9e4f,p7_s1_tl,MG_LOW-US_LOW,1
us,698d335b438faf3e936f9e4f,p4_s1_tr,MG_HIGH-US_HIGH,1
us,698d335b438faf3e936f9e4f,p3_s0_tl,MG_HIGH-US_HIGH,1
us,698d335b438faf3e936f9e4f,p2_s0_tl,MG_HIGH-US_LOW,1
us,698d335b438faf3e936f9e4f,p9_s0_tr,MG_LOW-US_HIGH,1
us,698d335b438faf3e936f9e4f,p3_s1_tl,MG_HIGH-US_HIGH,1
us,698d335b438faf3e936f9e4f,p6_s1_tl,MG_LOW-US_LOW,1
us,698d335b438faf3e936f9e4f,p6_s0_tl,MG_LOW-US_LOW,1
us,698d335b438faf3e936f9e4f,p2_s1_tr,MG_HIGH-US_LOW,1
us,698d335b438faf3e936f9e4f,p7_s1_tr,MG_LOW-US_LOW,1
us,698d335b438faf3e936f9e4f,p1_s0_tr,MG_HIGH-US_LOW,0
us,698d335b438faf3e936f9e4f,p1_s1_tl,MG_HIGH-US_LOW,0
us,698d335b438faf3e936f9e4f,p10_s1_tl,MG_LOW-US_HIGH,1
us,698d335b438faf3e936f9e4f,p3_s0_tr,MG_HIGH-US_HIGH,1
us,698d335b438faf3e936f9e4f,p8_s0_tr,MG_LOW-US_LOW,1
us,698d335b438faf3e936f9e4f,p8_s1_tr,MG_LOW-US_LOW,0
us,698d335b438faf3e936f9e4f,p10_s0_tr,MG_LOW-US_HIGH,1
us,698d335b438faf3e936f9e4f,p8_s0_tl,MG_LOW-US_LOW,1
us,698d335b438faf3e936f9e4f,p9_s1_tr,MG_LOW-US_HIGH,1
us,698d335b438faf3e936f9e4f,p2_s0_tr,MG_HIGH-US_LOW,1
us,698d335b438faf3e936f9e4f,p7_s0_tl,MG_LOW-US_LOW,0
us,698d335b438faf3e936f9e4f,p11_s0_tl,MG_LOW-US_HIGH,1
us,698d335b438faf3e936f9e4f,p0_s0_tr,MG_HIGH-US_LOW,1
us,698d335b438faf3e936f9e4f,p3_s0_tr,MG_HIGH-US_HIGH,1
us,698d335b438faf3e936f9e4f,p8_s0_tl,MG_LOW-US_LOW,1
us,698d335b438faf3e936f9e4f,p6_s1_tr,MG_LOW-US_LOW,1
us,698d335b438faf3e936f9e4f,p7_s0_tr,MG_LOW-US_LOW,1
us,698d335b438faf3e936f9e4f,p4_s0_tr,MG_HIGH-US_HIGH,1
us,698d335b438faf3e936f9e4f,p8_s1_tr,MG_LOW-US_LOW,1
us,698d335b438faf3e936f9e4f,p1_s0_tr,MG_HIGH-US_LOW,1
us,698d335b438faf3e936f9e4f,p1_s1_tl,MG_HIGH-US_LOW,1
us,698d335b438faf3e936f9e4f,p3_s1_tr,MG_HIGH-US_HIGH,1
us,698d335b438faf3e936f9e4f,p7_s0_tl,MG_LOW-US_LOW,1
us,698d335b438faf3e936f9e4f,p11_s0_tl,MG_LOW-US_HIGH,1
us,698d335b438faf3e936f9e4f,p11_s1_tr,MG_LOW-US_HIGH,1
us,698d335b438faf3e936f9e4f,p10_s0_tl,MG_LOW-US_HIGH,1
us,698d335b438faf3e936f9e4f,p2_s0_tr,MG_HIGH-US_LOW,1
us,698d335b438faf3e936f9e4f,p5_s0_tl,MG_HIGH-US_HIGH,0
us,698d335b438faf3e936f9e4f,p1_s0_tl,MG_HIGH-US_LOW,1
us,698d335b438faf3e936f9e4f,p4_s0_tl,MG_HIGH-US_HIGH,1
us,698d335b438faf3e936f9e4f,p3_s0_tl,MG_HIGH-US_HIGH,1
us,698d335b438faf3e936f9e4f,p10_s1_tl,MG_LOW-US_HIGH,1
us,698d335b438faf3e936f9e4f,p11_s0_tr,MG_LOW-US_HIGH,1
us,698d335b438faf3e936f9e4f,p6_s1_tl,MG_LOW-US_LOW,1
us,698d335b438faf3e936f9e4f,p0_s0_tr,MG_HIGH-US_LOW,1
us,698d335b438faf3e936f9e4f,p4_s1_tr,MG_HIGH-US_HIGH,1
us,698d335b438faf3e936f9e4f,p2_s1_tl,MG_HIGH-US_LOW,1
us,698d335b438faf3e936f9e4f,p8_s1_tl,MG_LOW-US_LOW,0
us,698d335b438faf3e936f9e4f,p4_s1_tl,MG_HIGH-US_HIGH,1
us,698d335b438faf3e936f9e4f,p6_s0_tl,MG_LOW-US_LOW,1
us,698d335b438faf3e936f9e4f,p10_s0_tr,MG_LOW-US_HIGH,0
us,698d335b438faf3e936f9e4f,p0_s0_tl,MG_HIGH-US_LOW,1
us,698d335b438faf3e936f9e4f,p9_s1_tr,MG_LOW-US_HIGH,1
us,698d335b438faf3e936f9e4f,p7_s1_tr,MG_LOW-US_LOW,0
us,698d335b438faf3e936f9e4f,p8_s0_tr,MG_LOW-US_LOW,1
us,698d335b438faf3e936f9e4f,p5_s0_tr,MG_HIGH-US_HIGH,0
us,698d335b438faf3e936f9e4f,p5_s1_tr,MG_HIGH-US_HIGH,0
us,698d335b438faf3e936f9e4f,p9_s1_tl,MG_LOW-US_HIGH,1
us,698d335b438faf3e936f9e4f,p11_s1_tl,MG_LOW-US_HIGH,1
us,698d335b438faf3e936f9e4f,p9_s0_tr,MG_LOW-US_HIGH,1
us,698d335b438faf3e936f9e4f,p7_s1_tl,MG_LOW-US_LOW,0
us,698d335b438faf3e936f9e4f,p0_s1_tl,MG_HIGH-US_LOW,1
us,698d335b438faf3e936f9e4f,p2_s1_tr,MG_HIGH-US_LOW,1
us,698d335b438faf3e936f9e4f,p0_s1_tr,MG_HIGH-US_LOW,1
us,698d335b438faf3e936f9e4f,p9_s0_tl,MG_LOW-US_HIGH,1
us,698d335b438faf3e936f9e4f,p1_s1_tr,MG_HIGH-US_LOW,1
us,698d335b438faf3e936f9e4f,p5_s1_tl,MG_HIGH-US_HIGH,0
us,698d335b438faf3e936f9e4f,p3_s1_tl,MG_HIGH-US_HIGH,1
us,698d335b438faf3e936f9e4f,p2_s0_tl,MG_HIGH-US_LOW,1
us,698d335b438faf3e936f9e4f,p10_s1_tr,MG_LOW-US_HIGH,1
us,698d335b438faf3e936f9e4f,p6_s0_tr,MG_LOW-US_LOW,1
us,698d335b438faf3e936f9e4f,p11_s0_tr,MG_LOW-US_HIGH,1
us,698d335b438faf3e936f9e4f,p8_s0_tr,MG_LOW-US_LOW,1
us,698d335b438faf3e936f9e4f,p4_s0_tl,MG_HIGH-US_HIGH,1
us,698d335b438faf3e936f9e4f,p10_s1_tl,MG_LOW-US_HIGH,1
us,698d335b438faf3e936f9e4f,p1_s1_tr,MG_HIGH-US_LOW,1
us,698d335b438faf3e936f9e4f,p3_s0_tr,MG_HIGH-US_HIGH,1
us,698d335b438faf3e936f9e4f,p11_s0_tl,MG_LOW-US_HIGH,1
us,698d335b438faf3e936f9e4f,p2_s1_tl,MG_HIGH-US_LOW,1
us,698d335b438faf3e936f9e4f,p0_s0_tr,MG_HIGH-US_LOW,1
us,698d335b438faf3e936f9e4f,p9_s0_tl,MG_LOW-US_HIGH,0
us,698d335b438faf3e936f9e4f,p2_s0_tr,MG_HIGH-US_LOW,1
us,698d335b438faf3e936f9e4f,p8_s1_tr,MG_LOW-US_LOW,1
us,698d335b438faf3e936f9e4f,p9_s1_tl,MG_LOW-US_HIGH,1
us,698d335b438faf3e936f9e4f,p3_s1_tr,MG_HIGH-US_HIGH,1
us,698d335b438faf3e936f9e4f,p9_s0_tr,MG_LOW-US_HIGH,1
us,698d335b438faf3e936f9e4f,p5_s0_tl,MG_HIGH-US_HIGH,0
us,698d335b438faf3e936f9e4f,p6_s0_tr,MG_LOW-US_LOW,1
us,698d335b438faf3e936f9e4f,p4_s1_tl,MG_HIGH-US_HIGH,1
us,698d335b438faf3e936f9e4f,p2_s1_tr,MG_HIGH-US_LOW,1
us,698d335b438faf3e936f9e4f,p10_s0_tl,MG_LOW-US_HIGH,0
us,698d335b438faf3e936f9e4f,p6_s1_tr,MG_LOW-US_LOW,1
us,698d335b438faf3e936f9e4f,p6_s1_tl,MG_LOW-US_LOW,1
us,698d335b438faf3e936f9e4f,p3_s0_tl,MG_HIGH-US_HIGH,1
us,698d335b438faf3e936f9e4f,p8_s0_tl,MG_LOW-US_LOW,1
us,698d335b438faf3e936f9e4f,p0_s0_tl,MG_HIGH-US_LOW,1
us,698d335b438faf3e936f9e4f,p6_s0_tl,MG_LOW-US_LOW,1
us,698d335b438faf3e936f9e4f,p5_s0_tr,MG_HIGH-US_HIGH,0
us,698d335b438faf3e936f9e4f,p3_s1_tl,MG_HIGH-US_HIGH,1
us,698d335b438faf3e936f9e4f,p4_s1_tr,MG_HIGH-US_HIGH,1
us,698d335b438faf3e936f9e4f,p7_s0_tr,MG_LOW-US_LOW,0
us,698d335b438faf3e936f9e4f,p7_s0_tl,MG_LOW-US_LOW,0
us,698d335b438faf3e936f9e4f,p1_s0_tr,MG_HIGH-US_LOW,1
us,698d335b438faf3e936f9e4f,p1_s1_tl,MG_HIGH-US_LOW,1
us,698d335b438faf3e936f9e4f,p0_s1_tr,MG_HIGH-US_LOW,1
us,698d335b438faf3e936f9e4f,p11_s1_tr,MG_LOW-US_HIGH,1
us,698d335b438faf3e936f9e4f,p5_s1_tr,MG_HIGH-US_HIGH,0
us,698d335b438faf3e936f9e4f,p4_s0_tr,MG_HIGH-US_HIGH,1
us,698d335b438faf3e936f9e4f,p10_s0_tr,MG_LOW-US_HIGH,1
us,698d335b438faf3e936f9e4f,p1_s0_tl,MG_HIGH-US_LOW,1
us,698d335b438faf3e936f9e4f,p10_s1_tr,MG_LOW-US_HIGH,1
us,698d335b438faf3e936f9e4f,p9_s1_tr,MG_LOW-US_HIGH,1
us,698d335b438faf3e936f9e4f,p11_s1_tl,MG_LOW-US_HIGH,1
us,698d335b438faf3e936f9e4f,p2_s0_tl,MG_HIGH-US_LOW,1
us,698d335b438faf3e936f9e4f,p7_s1_tr,MG_LOW-US_LOW,1
us,698d335b438faf3e936f9e4f,p5_s1_tl,MG_HIGH-US_HIGH,0
us,698d335b438faf3e936f9e4f,p8_s1_tl,MG_LOW-US_LOW,1
us,698d335b438faf3e936f9e4f,p7_s1_tl,MG_LOW-US_LOW,1
us,698d335b438faf3e936f9e4f,p0_s1_tl,MG_HIGH-US_LOW,1
